{
    "LogisticRegression": {
        "SHAP": {
            "number_diagnoses": -15.6312853581528,
            "number_inpatient": -15.2608826059247,
            "metformin": -10.195824162466172,
            "age": -9.714722133445546,
            "payer_code": -7.60738085208348,
            "discharge_disposition_id": -6.628991602385893,
            "diabetesMed": 5.870518395627977,
            "glyburide": -4.993152896282131,
            "num_medications": -3.832144686141143,
            "change": 3.110357111464311,
            "num_procedures": 2.801174264674762,
            "diag_1": -2.7035998237662633,
            "number_emergency": -2.150131388093134,
            "insulin": 1.599124237396883,
            "diag_2": 1.4169468300029717,
            "glimepiride": 1.2959483118848165,
            "gender": 1.293031979757071,
            "diag_3": 0.8177690806541319,
            "num_lab_procedures": 0.6952667410372937,
            "pioglitazone": 0.4184622716817143,
            "rosiglitazone": 0.4076557925460727,
            "time_in_hospital": 0.3377102054052501,
            "admission_source_id": -0.23729331634593062,
            "glyburide-metformin": 0.18269064244078126,
            "acarbose": 0.17519943201882104,
            "number_outpatient": 0.12610369807304997,
            "admission_type_id": -0.10936376074899733,
            "glipizide": 0.07907000968502871,
            "glipizide-metformin": -0.0730874812663685,
            "chlorpropamide": -0.04866456387264265,
            "race": -0.03131766087131514,
            "medical_specialty": 0.02689573107482983,
            "tolazamide": 0.024387817690125487,
            "tolbutamide": -0.02141026031022426,
            "troglitazone": -0.019133171552599942,
            "repaglinide": 0.012659500282993843,
            "miglitol": -0.012629057449461254,
            "metformin-rosiglitazone": -0.01242443195692672,
            "acetohexamide": -0.007027487575445741,
            "nateglinide": 0.006431154315019952,
            "glimepiride-pioglitazone": -0.0063061928878540095,
            "metformin-pioglitazone": -0.005823898707056761
        },
        "Lime": {
            "race": -28.947268675581956,
            "gender": 0.0,
            "age": 0.0,
            "admission_type_id": 0.0,
            "discharge_disposition_id": -16.23178832954521,
            "admission_source_id": 0.0,
            "time_in_hospital": 0.0,
            "payer_code": 0.0,
            "medical_specialty": 0.0,
            "num_lab_procedures": 0.0,
            "num_procedures": 0.0,
            "num_medications": 0.0,
            "number_outpatient": 0.0,
            "number_emergency": -21.000461763497434,
            "number_inpatient": -5.306561264138622,
            "diag_1": 0.0,
            "diag_2": 0.0,
            "diag_3": 0.0,
            "number_diagnoses": -28.513919967236784,
            "metformin": 0.0,
            "repaglinide": 0.0,
            "nateglinide": 0.0,
            "chlorpropamide": 0.0,
            "glimepiride": 0.0,
            "acetohexamide": 0.0,
            "glipizide": 0.0,
            "glyburide": 0.0,
            "tolbutamide": 0.0,
            "pioglitazone": 0.0,
            "rosiglitazone": 0.0,
            "acarbose": 0.0,
            "miglitol": 0.0,
            "troglitazone": 0.0,
            "tolazamide": 0.0,
            "insulin": 0.0,
            "glyburide-metformin": 0.0,
            "glipizide-metformin": 0.0,
            "glimepiride-pioglitazone": 0.0,
            "metformin-rosiglitazone": 0.0,
            "metformin-pioglitazone": 0.0,
            "change": 0.0,
            "diabetesMed": 0.0
        },
        "Inherent": {
            "diabetesMed": 4.7061486950586175,
            "change": 3.211665156108982,
            "num_procedures": 2.7776150204010652,
            "insulin": 1.834142279570139,
            "diag_2": 1.4951093228275347,
            "time_in_hospital": 1.3181255776118173,
            "gender": 1.2212560618080344,
            "glimepiride": 0.8579585152324237,
            "diag_3": 0.7741681367400272,
            "num_lab_procedures": 0.6869362093280839,
            "pioglitazone": 0.5091927908401361,
            "rosiglitazone": 0.33087268180204266,
            "number_outpatient": 0.15745235957044454,
            "glyburide-metformin": 0.08255199737429623,
            "glipizide": 0.06342264704088542,
            "tolazamide": 0.03371679023523593,
            "nateglinide": 0.01838138344711959,
            "medical_specialty": 0.015626506478393913,
            "glimepiride-pioglitazone": -0.0,
            "troglitazone": -0.0,
            "acarbose": -0.0,
            "miglitol": -0.0,
            "metformin-pioglitazone": -0.0,
            "glipizide-metformin": -0.0,
            "chlorpropamide": -0.0,
            "repaglinide": 0.0,
            "metformin-rosiglitazone": -0.0,
            "tolbutamide": -0.0,
            "acetohexamide": -0.0,
            "race": -0.025116281862291527,
            "admission_type_id": -0.08939306852890624,
            "admission_source_id": -0.4500062404334301,
            "number_emergency": -2.0607889929065903,
            "diag_1": -2.8194451342804645,
            "num_medications": -3.4325908641293985,
            "glyburide": -4.993019637153925,
            "discharge_disposition_id": -7.139936323849175,
            "payer_code": -7.909175709776943,
            "age": -9.1772530054158,
            "metformin": -10.547150652726575,
            "number_diagnoses": -13.75765747576819,
            "number_inpatient": -17.504124481693033
        }
    },
    "DecisionTree": {
        "SHAP": {
            "discharge_disposition_id": -31.492586208656288,
            "number_inpatient": -29.953692404464245,
            "number_diagnoses": -20.645078442454672,
            "diag_1": -15.048949825313501,
            "payer_code": -1.415959085738326,
            "num_medications": -1.0582802844433663,
            "medical_specialty": -0.23787199773373535,
            "admission_source_id": 0.14758175119587005,
            "gender": 0.0,
            "race": 0.0,
            "num_lab_procedures": 0.0,
            "time_in_hospital": 0.0,
            "admission_type_id": 0.0,
            "age": 0.0,
            "number_emergency": 0.0,
            "number_outpatient": 0.0,
            "diag_2": 0.0,
            "num_procedures": 0.0,
            "diag_3": 0.0,
            "metformin": 0.0,
            "repaglinide": 0.0,
            "nateglinide": 0.0,
            "chlorpropamide": 0.0,
            "glimepiride": 0.0,
            "acetohexamide": 0.0,
            "glipizide": 0.0,
            "glyburide": 0.0,
            "tolbutamide": 0.0,
            "pioglitazone": 0.0,
            "rosiglitazone": 0.0,
            "acarbose": 0.0,
            "miglitol": 0.0,
            "troglitazone": 0.0,
            "tolazamide": 0.0,
            "insulin": 0.0,
            "glyburide-metformin": 0.0,
            "glipizide-metformin": 0.0,
            "glimepiride-pioglitazone": 0.0,
            "metformin-rosiglitazone": 0.0,
            "metformin-pioglitazone": 0.0,
            "change": 0.0,
            "diabetesMed": 0.0
        },
        "Lime": {
            "race": 0.0,
            "gender": 0.0,
            "age": 0.0,
            "admission_type_id": 0.0,
            "discharge_disposition_id": -15.928192963768224,
            "admission_source_id": 0.0,
            "time_in_hospital": 0.0,
            "payer_code": -2.457777564950219,
            "medical_specialty": 0.0,
            "num_lab_procedures": 2.6934539424439015,
            "num_procedures": 0.0,
            "num_medications": 0.0,
            "number_outpatient": 0.0,
            "number_emergency": 0.0,
            "number_inpatient": -37.27069892515208,
            "diag_1": 0.0,
            "diag_2": -13.10217249838795,
            "diag_3": 0.0,
            "number_diagnoses": -9.653870435879238,
            "metformin": 0.0,
            "repaglinide": -9.572253605420704,
            "nateglinide": 6.47006524847154,
            "chlorpropamide": 0.0,
            "glimepiride": 0.0,
            "acetohexamide": 0.0,
            "glipizide": 0.0,
            "glyburide": 0.0,
            "tolbutamide": 0.0,
            "pioglitazone": 0.0,
            "rosiglitazone": 0.0,
            "acarbose": 0.0,
            "miglitol": 0.0,
            "troglitazone": 0.0,
            "tolazamide": 2.8515148155261327,
            "insulin": 0.0,
            "glyburide-metformin": 0.0,
            "glipizide-metformin": 0.0,
            "glimepiride-pioglitazone": 0.0,
            "metformin-rosiglitazone": 0.0,
            "metformin-pioglitazone": 0.0,
            "change": 0.0,
            "diabetesMed": 0.0
        },
        "Inherent": {
            "number_inpatient": -31.60851789225841,
            "diag_1": -26.957267844138,
            "discharge_disposition_id": -22.027735752003924,
            "number_diagnoses": -19.40647851159967,
            "gender": 0.0,
            "admission_source_id": 0.0,
            "time_in_hospital": 0.0,
            "age": 0.0,
            "admission_type_id": 0.0,
            "race": 0.0,
            "num_lab_procedures": 0.0,
            "medical_specialty": 0.0,
            "payer_code": 0.0,
            "num_procedures": 0.0,
            "number_emergency": 0.0,
            "number_outpatient": 0.0,
            "diag_2": 0.0,
            "num_medications": 0.0,
            "diag_3": 0.0,
            "metformin": 0.0,
            "repaglinide": 0.0,
            "nateglinide": 0.0,
            "chlorpropamide": 0.0,
            "glimepiride": 0.0,
            "acetohexamide": 0.0,
            "glipizide": 0.0,
            "glyburide": 0.0,
            "tolbutamide": 0.0,
            "pioglitazone": 0.0,
            "rosiglitazone": 0.0,
            "acarbose": 0.0,
            "miglitol": 0.0,
            "troglitazone": 0.0,
            "tolazamide": 0.0,
            "insulin": 0.0,
            "glyburide-metformin": 0.0,
            "glipizide-metformin": 0.0,
            "glimepiride-pioglitazone": 0.0,
            "metformin-rosiglitazone": 0.0,
            "metformin-pioglitazone": 0.0,
            "change": 0.0,
            "diabetesMed": 0.0
        }
    },
    "XGBOOST": {
        "SHAP": {
            "number_inpatient": -16.22987913948762,
            "discharge_disposition_id": -14.830929028767825,
            "number_diagnoses": -10.607731323471064,
            "age": -8.137598472485681,
            "num_medications": -5.9052999964218,
            "metformin": -5.143430913030508,
            "num_lab_procedures": 5.0565549134737,
            "medical_specialty": -4.542739794803559,
            "diabetesMed": 4.485808895172903,
            "diag_2": -4.287629091104099,
            "diag_3": 3.954108704630831,
            "payer_code": -3.7259183703033147,
            "diag_1": 2.5458226692512773,
            "time_in_hospital": 2.4013431845428657,
            "glyburide": -1.5772034827484138,
            "number_emergency": -1.5642128167101124,
            "num_procedures": 0.8715242760834497,
            "insulin": -0.6794030269438727,
            "gender": -0.5684838995503525,
            "pioglitazone": 0.44337472328690286,
            "number_outpatient": -0.41525077320070936,
            "admission_type_id": -0.3713186820782414,
            "glyburide-metformin": 0.368295966819339,
            "glimepiride": 0.3188980733809492,
            "acarbose": 0.2710934402337637,
            "glipizide": -0.24640236211221964,
            "race": -0.1906795654339427,
            "change": -0.09911412638225214,
            "rosiglitazone": 0.07591002335007757,
            "admission_source_id": -0.06755140468115049,
            "repaglinide": 0.01648886005718792,
            "acetohexamide": 0.0,
            "nateglinide": 0.0,
            "chlorpropamide": 0.0,
            "tolazamide": 0.0,
            "troglitazone": 0.0,
            "miglitol": 0.0,
            "tolbutamide": 0.0,
            "glimepiride-pioglitazone": 0.0,
            "glipizide-metformin": 0.0,
            "metformin-pioglitazone": 0.0,
            "metformin-rosiglitazone": 0.0
        },
        "Lime": {
            "race": -4.713075026921413,
            "gender": 0.0,
            "age": -2.9245152799812617,
            "admission_type_id": 0.0,
            "discharge_disposition_id": -8.27764101908843,
            "admission_source_id": 0.0,
            "time_in_hospital": 3.8717945545648536,
            "payer_code": 5.122449789561895,
            "medical_specialty": -4.571857396131686,
            "num_lab_procedures": 0.0,
            "num_procedures": 0.0,
            "num_medications": 0.0,
            "number_outpatient": 0.0,
            "number_emergency": -6.4182441329066044,
            "number_inpatient": -17.82776405097112,
            "diag_1": 0.0,
            "diag_2": 0.0,
            "diag_3": 0.0,
            "number_diagnoses": -4.176246880358943,
            "metformin": -2.2782073706126496,
            "repaglinide": 4.826432820690636,
            "nateglinide": 11.860619006892351,
            "chlorpropamide": 2.2154422880319236,
            "glimepiride": 6.320440977777267,
            "acetohexamide": 0.0,
            "glipizide": 0.0,
            "glyburide": 0.0,
            "tolbutamide": 0.0,
            "pioglitazone": 5.522144329808352,
            "rosiglitazone": 1.5835517007144257,
            "acarbose": 0.0,
            "miglitol": 0.0,
            "troglitazone": 0.0,
            "tolazamide": 1.2471346529169782,
            "insulin": 0.0,
            "glyburide-metformin": 0.0,
            "glipizide-metformin": 0.0,
            "glimepiride-pioglitazone": 0.0,
            "metformin-rosiglitazone": 0.0,
            "metformin-pioglitazone": 0.0,
            "change": 2.125423874308689,
            "diabetesMed": 4.117014847760527
        },
        "Inherent": {
            "race": -0.07067728042602539,
            "gender": -0.618485152721405,
            "age": -7.849416255950928,
            "admission_type_id": -0.510077953338623,
            "discharge_disposition_id": -14.336585998535156,
            "admission_source_id": -0.3959111273288727,
            "time_in_hospital": 2.212815999984741,
            "payer_code": -3.437246322631836,
            "medical_specialty": -4.585943698883057,
            "num_lab_procedures": 5.130221843719482,
            "num_procedures": 0.6666750907897949,
            "num_medications": -6.728114128112793,
            "number_outpatient": -0.4928995370864868,
            "number_emergency": -1.8316947221755981,
            "number_inpatient": -21.410398483276367,
            "diag_1": 1.2095773220062256,
            "diag_2": -4.791098594665527,
            "diag_3": 2.8619234561920166,
            "number_diagnoses": -8.487324714660645,
            "metformin": -5.7126288414001465,
            "repaglinide": 0.006521918810904026,
            "nateglinide": 0.014739058911800385,
            "chlorpropamide": 0.012439531274139881,
            "glimepiride": 0.1706348955631256,
            "acetohexamide": 0.0,
            "glipizide": -0.17432647943496704,
            "glyburide": -1.4887138605117798,
            "tolbutamide": 0.0,
            "pioglitazone": 0.4699501097202301,
            "rosiglitazone": 0.01672307401895523,
            "acarbose": 0.03348539397120476,
            "miglitol": 0.0,
            "troglitazone": 0.0,
            "tolazamide": 0.0,
            "insulin": -0.8313066959381104,
            "glyburide-metformin": 0.05820373073220253,
            "glipizide-metformin": 0.0,
            "glimepiride-pioglitazone": 0.0,
            "metformin-rosiglitazone": 0.0,
            "metformin-pioglitazone": 0.0,
            "change": -0.13146616518497467,
            "diabetesMed": 3.251763343811035
        }
    }
}