{
    "LogisticRegression": {
        "SHAP": {
            "number_inpatient": 19.491337656446188,
            "diabetesMed": -18.313043382364473,
            "age": -16.74220711733106,
            "number_diagnoses": -9.968963343335384,
            "discharge_disposition_id": -5.996713465607992,
            "time_in_hospital": -5.32125267262487,
            "num_medications": -4.689309844286427,
            "metformin": 2.7639636025225767,
            "num_procedures": 2.5339961852484274,
            "change": -2.277378475747915,
            "number_emergency": -1.9450502612137595,
            "insulin": 1.4465985813176425,
            "diag_2": 1.3896505561821542,
            "glimepiride": 1.1723398004931167,
            "gender": -0.8550123145829147,
            "admission_type_id": 0.7985267717310247,
            "payer_code": 0.7818696902452781,
            "diag_1": -0.5884403663767375,
            "diag_3": -0.43677839371938415,
            "glyburide": 0.41365064487767683,
            "pioglitazone": 0.3785490297709033,
            "rosiglitazone": 0.3687732806320464,
            "number_outpatient": -0.3043550196133826,
            "admission_source_id": -0.21466010379591716,
            "glyburide-metformin": 0.16526547343503978,
            "acarbose": 0.15848878022050877,
            "num_lab_procedures": -0.08735876500404907,
            "medical_specialty": 0.07495762185939699,
            "glipizide": 0.0715282535028868,
            "glipizide-metformin": -0.0661163430829596,
            "chlorpropamide": -0.04402290166848038,
            "race": 0.02383928450060167,
            "tolazamide": 0.022061689546647105,
            "tolbutamide": -0.019368133798552987,
            "troglitazone": -0.017308235455897734,
            "repaglinide": 0.011452027754504024,
            "miglitol": -0.011424488581017904,
            "metformin-rosiglitazone": -0.011239380419763505,
            "acetohexamide": -0.006357200597131656,
            "nateglinide": 0.005817746045477348,
            "glimepiride-pioglitazone": -0.005704703531937598,
            "metformin-pioglitazone": -0.005268410927896542
        },
        "Lime": {
            "race": -33.51162067420656,
            "gender": 0.0,
            "age": 0.0,
            "admission_type_id": 0.0,
            "discharge_disposition_id": -9.193245825545516,
            "admission_source_id": 0.0,
            "time_in_hospital": 0.0,
            "payer_code": 0.0,
            "medical_specialty": 0.0,
            "num_lab_procedures": 0.0,
            "num_procedures": 0.0,
            "num_medications": 0.0,
            "number_outpatient": 0.0,
            "number_emergency": 0.0,
            "number_inpatient": 45.54875070636907,
            "diag_1": 0.0,
            "diag_2": 0.0,
            "diag_3": 0.0,
            "number_diagnoses": -11.746382793878844,
            "metformin": 0.0,
            "repaglinide": 0.0,
            "nateglinide": 0.0,
            "chlorpropamide": 0.0,
            "glimepiride": 0.0,
            "acetohexamide": 0.0,
            "glipizide": 0.0,
            "glyburide": 0.0,
            "tolbutamide": 0.0,
            "pioglitazone": 0.0,
            "rosiglitazone": 0.0,
            "acarbose": 0.0,
            "miglitol": 0.0,
            "troglitazone": 0.0,
            "tolazamide": 0.0,
            "insulin": 0.0,
            "glyburide-metformin": 0.0,
            "glipizide-metformin": 0.0,
            "glimepiride-pioglitazone": 0.0,
            "metformin-rosiglitazone": 0.0,
            "metformin-pioglitazone": 0.0,
            "change": 0.0,
            "diabetesMed": 0.0
        },
        "Inherent": {
            "number_inpatient": 18.37548365495471,
            "num_procedures": 2.6381819454142064,
            "metformin": 2.5831794297526796,
            "insulin": 1.742070449555717,
            "diag_2": 1.5334302113244138,
            "admission_type_id": 0.8584903543844962,
            "glimepiride": 0.8148899858965105,
            "payer_code": 0.5437745130143326,
            "pioglitazone": 0.48363189918794136,
            "glyburide": 0.4405485717643488,
            "rosiglitazone": 0.3142632542485634,
            "glyburide-metformin": 0.07840798218296738,
            "medical_specialty": 0.06806066534655823,
            "glipizide": 0.060238903204621184,
            "tolazamide": 0.03202424619775913,
            "race": 0.030984695387263145,
            "nateglinide": 0.017458659168297697,
            "metformin-pioglitazone": -0.0,
            "troglitazone": -0.0,
            "miglitol": -0.0,
            "glipizide-metformin": -0.0,
            "glimepiride-pioglitazone": -0.0,
            "metformin-rosiglitazone": -0.0,
            "repaglinide": 0.0,
            "acetohexamide": -0.0,
            "chlorpropamide": -0.0,
            "tolbutamide": -0.0,
            "acarbose": -0.0,
            "num_lab_procedures": -0.10052215715054093,
            "number_outpatient": -0.29029989830699976,
            "admission_source_id": -0.4274164454452648,
            "diag_3": -0.5014641416312244,
            "diag_1": -0.7255584260239667,
            "gender": -0.9683989695291533,
            "number_emergency": -1.9573397589164356,
            "change": -2.3012115852843964,
            "num_medications": -4.545539763812205,
            "time_in_hospital": -4.662801194390333,
            "discharge_disposition_id": -6.781519743605845,
            "number_diagnoses": -8.682126527725927,
            "age": -17.077779358281653,
            "diabetesMed": -20.362902608910673
        }
    },
    "DecisionTree": {
        "SHAP": {
            "number_inpatient": 42.08225068361758,
            "discharge_disposition_id": -27.194865743450336,
            "num_medications": -16.374581909078557,
            "number_diagnoses": -7.777173192395286,
            "payer_code": -2.8049995491565873,
            "admission_source_id": 1.4617890997638354,
            "number_emergency": -1.086955981863988,
            "medical_specialty": 0.9424436809234346,
            "diag_1": -0.274940159750402,
            "gender": 0.0,
            "num_lab_procedures": 0.0,
            "time_in_hospital": 0.0,
            "admission_type_id": 0.0,
            "age": 0.0,
            "race": 0.0,
            "number_outpatient": 0.0,
            "diag_2": 0.0,
            "num_procedures": 0.0,
            "diag_3": 0.0,
            "metformin": 0.0,
            "repaglinide": 0.0,
            "nateglinide": 0.0,
            "chlorpropamide": 0.0,
            "glimepiride": 0.0,
            "acetohexamide": 0.0,
            "glipizide": 0.0,
            "glyburide": 0.0,
            "tolbutamide": 0.0,
            "pioglitazone": 0.0,
            "rosiglitazone": 0.0,
            "acarbose": 0.0,
            "miglitol": 0.0,
            "troglitazone": 0.0,
            "tolazamide": 0.0,
            "insulin": 0.0,
            "glyburide-metformin": 0.0,
            "glipizide-metformin": 0.0,
            "glimepiride-pioglitazone": 0.0,
            "metformin-rosiglitazone": 0.0,
            "metformin-pioglitazone": 0.0,
            "change": 0.0,
            "diabetesMed": 0.0
        },
        "Lime": {
            "race": 2.520354795430428,
            "gender": 2.97459573906354,
            "age": 0.0,
            "admission_type_id": 0.0,
            "discharge_disposition_id": -14.04828860858703,
            "admission_source_id": 0.0,
            "time_in_hospital": 0.0,
            "payer_code": 0.0,
            "medical_specialty": 0.0,
            "num_lab_procedures": 0.0,
            "num_procedures": 0.0,
            "num_medications": -4.856312890126097,
            "number_outpatient": 0.0,
            "number_emergency": -3.8067077941252245,
            "number_inpatient": 4.360903958729499,
            "diag_1": 8.908213368309218,
            "diag_2": 0.0,
            "diag_3": -3.4168688010428654,
            "number_diagnoses": -7.300746495604084,
            "metformin": 0.0,
            "repaglinide": -8.4029491147198,
            "nateglinide": 0.0,
            "chlorpropamide": 0.0,
            "glimepiride": -5.270839903202792,
            "acetohexamide": 0.0,
            "glipizide": 3.860396161325698,
            "glyburide": 9.227878237038926,
            "tolbutamide": 0.0,
            "pioglitazone": 7.8578523953528085,
            "rosiglitazone": -3.756830300540491,
            "acarbose": 4.828982681897576,
            "miglitol": 0.0,
            "troglitazone": 0.0,
            "tolazamide": 4.601278754903926,
            "insulin": 0.0,
            "glyburide-metformin": 0.0,
            "glipizide-metformin": 0.0,
            "glimepiride-pioglitazone": 0.0,
            "metformin-rosiglitazone": 0.0,
            "metformin-pioglitazone": 0.0,
            "change": 0.0,
            "diabetesMed": 0.0
        },
        "Inherent": {
            "number_inpatient": 41.339934239452816,
            "discharge_disposition_id": -36.13740178542741,
            "num_medications": -17.559753757631547,
            "number_emergency": -4.962910217488232,
            "gender": 0.0,
            "admission_source_id": 0.0,
            "time_in_hospital": 0.0,
            "age": 0.0,
            "admission_type_id": 0.0,
            "race": 0.0,
            "num_lab_procedures": 0.0,
            "medical_specialty": 0.0,
            "payer_code": 0.0,
            "num_procedures": 0.0,
            "number_outpatient": 0.0,
            "diag_1": 0.0,
            "diag_2": 0.0,
            "diag_3": 0.0,
            "number_diagnoses": 0.0,
            "metformin": 0.0,
            "repaglinide": 0.0,
            "nateglinide": 0.0,
            "chlorpropamide": 0.0,
            "glimepiride": 0.0,
            "acetohexamide": 0.0,
            "glipizide": 0.0,
            "glyburide": 0.0,
            "tolbutamide": 0.0,
            "pioglitazone": 0.0,
            "rosiglitazone": 0.0,
            "acarbose": 0.0,
            "miglitol": 0.0,
            "troglitazone": 0.0,
            "tolazamide": 0.0,
            "insulin": 0.0,
            "glyburide-metformin": 0.0,
            "glipizide-metformin": 0.0,
            "glimepiride-pioglitazone": 0.0,
            "metformin-rosiglitazone": 0.0,
            "metformin-pioglitazone": 0.0,
            "change": 0.0,
            "diabetesMed": 0.0
        }
    },
    "XGBOOST": {
        "SHAP": {
            "number_inpatient": 24.583392266030728,
            "discharge_disposition_id": -13.491591873781728,
            "diabetesMed": -8.439040110720176,
            "diag_3": -7.6668023786858175,
            "number_diagnoses": -6.250943726510323,
            "payer_code": -5.764918184447429,
            "number_outpatient": 5.133742610339252,
            "medical_specialty": 4.161002453819722,
            "age": 3.7609962254319935,
            "number_emergency": -3.6300420218283747,
            "diag_1": 2.8104100182350247,
            "num_lab_procedures": 2.6452028641012815,
            "metformin": 2.4528758533512107,
            "time_in_hospital": -2.000360971702369,
            "num_procedures": 1.3640916868757524,
            "num_medications": 1.2748475871163434,
            "diag_2": 0.9839527908784272,
            "glimepiride": 0.6537568401600654,
            "pioglitazone": 0.548572745587739,
            "insulin": -0.4473844613742868,
            "gender": -0.38968854861021557,
            "acarbose": 0.344325382655693,
            "glipizide": -0.29622424046400975,
            "change": -0.21828897486835547,
            "glyburide-metformin": 0.2021658580060809,
            "race": 0.18004492362826446,
            "glyburide": 0.11897099394352473,
            "admission_type_id": 0.09502885570151717,
            "rosiglitazone": 0.037814821332941874,
            "admission_source_id": -0.03359004542459786,
            "repaglinide": 0.01992968438676706,
            "acetohexamide": 0.0,
            "nateglinide": 0.0,
            "chlorpropamide": 0.0,
            "tolazamide": 0.0,
            "troglitazone": 0.0,
            "miglitol": 0.0,
            "tolbutamide": 0.0,
            "glimepiride-pioglitazone": 0.0,
            "glipizide-metformin": 0.0,
            "metformin-pioglitazone": 0.0,
            "metformin-rosiglitazone": 0.0
        },
        "Lime": {
            "race": 0.0,
            "gender": 0.0,
            "age": 8.933945740858395,
            "admission_type_id": 0.0,
            "discharge_disposition_id": -6.750021569481173,
            "admission_source_id": -2.1343685582070053,
            "time_in_hospital": 0.0,
            "payer_code": -1.9369226205088015,
            "medical_specialty": 2.458898373450672,
            "num_lab_procedures": 4.098907274248053,
            "num_procedures": 2.111903628598757,
            "num_medications": 0.0,
            "number_outpatient": 2.904941637339168,
            "number_emergency": -5.4646914630653285,
            "number_inpatient": 6.852340131026764,
            "diag_1": -1.5986770820150031,
            "diag_2": 0.0,
            "diag_3": 0.0,
            "number_diagnoses": -4.13051551980238,
            "metformin": 2.0684906091660906,
            "repaglinide": 0.0,
            "nateglinide": -14.187794998726243,
            "chlorpropamide": 6.1628194254574735,
            "glimepiride": 9.315724339782996,
            "acetohexamide": 0.0,
            "glipizide": -3.052695556084573,
            "glyburide": 7.363028024034871,
            "tolbutamide": 0.0,
            "pioglitazone": 0.0,
            "rosiglitazone": 0.0,
            "acarbose": 1.901944404314916,
            "miglitol": 0.0,
            "troglitazone": 0.0,
            "tolazamide": 0.0,
            "insulin": -1.9337387296232473,
            "glyburide-metformin": 0.0,
            "glipizide-metformin": 0.0,
            "glimepiride-pioglitazone": 0.0,
            "metformin-rosiglitazone": 0.0,
            "metformin-pioglitazone": 0.0,
            "change": 0.0,
            "diabetesMed": -4.63763031420807
        },
        "Inherent": {
            "race": 0.4131518304347992,
            "gender": -0.50470370054245,
            "age": 5.0969624519348145,
            "admission_type_id": 0.05582737922668457,
            "discharge_disposition_id": -14.101630210876465,
            "admission_source_id": -0.7712267637252808,
            "time_in_hospital": -3.4440062046051025,
            "payer_code": -7.025942802429199,
            "medical_specialty": 3.968170642852783,
            "num_lab_procedures": 2.3046422004699707,
            "num_procedures": 1.1485666036605835,
            "num_medications": 0.08281826227903366,
            "number_outpatient": 4.969520092010498,
            "number_emergency": -4.181986331939697,
            "number_inpatient": 19.478137969970703,
            "diag_1": 1.9995536804199219,
            "diag_2": 0.3601856529712677,
            "diag_3": -10.027442932128906,
            "number_diagnoses": -5.803201675415039,
            "metformin": 2.217597484588623,
            "repaglinide": -0.003353290958330035,
            "nateglinide": -0.0073702395893633366,
            "chlorpropamide": 0.021069874987006187,
            "glimepiride": 0.5100032687187195,
            "acetohexamide": 0.0,
            "glipizide": -0.28839877247810364,
            "glyburide": 0.1300397664308548,
            "tolbutamide": 0.0,
            "pioglitazone": 0.677460789680481,
            "rosiglitazone": 0.010834915563464165,
            "acarbose": 0.05213971063494682,
            "miglitol": 0.0,
            "troglitazone": 0.0,
            "tolazamide": 0.0,
            "insulin": -0.7844018936157227,
            "glyburide-metformin": 0.019465718418359756,
            "glipizide-metformin": 0.0,
            "glimepiride-pioglitazone": 0.0,
            "metformin-rosiglitazone": 0.0,
            "metformin-pioglitazone": 0.0,
            "change": -0.34100639820098877,
            "diabetesMed": -9.199172019958496
        }
    }
}