{
    "LogisticRegression": {
        "SHAP": {
            "number_inpatient": -21.153417206351737,
            "number_diagnoses": -15.275134869260581,
            "diabetesMed": 8.137243962028153,
            "num_procedures": -5.935708583315664,
            "time_in_hospital": -5.279691854775228,
            "payer_code": 5.112294410797888,
            "discharge_disposition_id": 5.034644455997862,
            "age": 4.815920142372293,
            "metformin": 4.23513612681556,
            "change": -3.489556754028697,
            "admission_source_id": 3.2828350583393577,
            "number_emergency": -2.9803404871975503,
            "diag_1": -2.9150502690032103,
            "insulin": 2.2165783612877514,
            "diag_2": 1.9941058690630205,
            "glimepiride": 1.796340095593422,
            "gender": -1.3101089822808962,
            "num_medications": -0.9403790674115944,
            "glyburide": 0.6338241170770601,
            "pioglitazone": 0.5800389955535371,
            "glipizide": -0.5658437163176557,
            "rosiglitazone": 0.5650599168468302,
            "num_lab_procedures": 0.3051750178410885,
            "glyburide-metformin": 0.2532311845283415,
            "acarbose": 0.24284746665773987,
            "number_outpatient": 0.17479487952862124,
            "admission_type_id": -0.15159131474355497,
            "medical_specialty": -0.13510714082570888,
            "race": -0.12334828279376281,
            "glipizide-metformin": -0.10130803202618767,
            "chlorpropamide": -0.0674549335936515,
            "tolazamide": 0.033804446025381824,
            "tolbutamide": -0.029677193680982712,
            "troglitazone": -0.02652087502302907,
            "diag_3": -0.018142135668903502,
            "repaglinide": 0.017547588696222093,
            "miglitol": -0.017505391270602137,
            "metformin-rosiglitazone": -0.0172217557479124,
            "acetohexamide": -0.009740942279324318,
            "nateglinide": 0.008914352718448367,
            "glimepiride-pioglitazone": -0.008741141163664761,
            "metformin-pioglitazone": -0.008072623471336858
        },
        "Lime": {
            "race": -18.35227456200324,
            "gender": 0.0,
            "age": 0.0,
            "admission_type_id": 0.0,
            "discharge_disposition_id": 27.693975929776776,
            "admission_source_id": 0.0,
            "time_in_hospital": 0.0,
            "payer_code": 0.0,
            "medical_specialty": 0.0,
            "num_lab_procedures": 0.0,
            "num_procedures": -10.261960842038869,
            "num_medications": 0.0,
            "number_outpatient": 0.0,
            "number_emergency": -22.183242057968293,
            "number_inpatient": 0.0,
            "diag_1": 0.0,
            "diag_2": 0.0,
            "diag_3": 0.0,
            "number_diagnoses": -21.508546608212818,
            "metformin": 0.0,
            "repaglinide": 0.0,
            "nateglinide": 0.0,
            "chlorpropamide": 0.0,
            "glimepiride": 0.0,
            "acetohexamide": 0.0,
            "glipizide": 0.0,
            "glyburide": 0.0,
            "tolbutamide": 0.0,
            "pioglitazone": 0.0,
            "rosiglitazone": 0.0,
            "acarbose": 0.0,
            "miglitol": 0.0,
            "troglitazone": 0.0,
            "tolazamide": 0.0,
            "insulin": 0.0,
            "glyburide-metformin": 0.0,
            "glipizide-metformin": 0.0,
            "glimepiride-pioglitazone": 0.0,
            "metformin-rosiglitazone": 0.0,
            "metformin-pioglitazone": 0.0,
            "change": 0.0,
            "diabetesMed": 0.0
        },
        "Inherent": {
            "diabetesMed": 6.848913774905525,
            "age": 5.861162917522666,
            "payer_code": 4.947687568234788,
            "discharge_disposition_id": 4.56000613583627,
            "metformin": 3.9580195542101864,
            "admission_source_id": 3.141618842718722,
            "insulin": 2.669248920433459,
            "diag_2": 2.2074346681759915,
            "glimepiride": 1.2485971595930738,
            "pioglitazone": 0.7410342820084141,
            "glyburide": 0.6750208063516551,
            "rosiglitazone": 0.48152292138863617,
            "num_lab_procedures": 0.3074688398764805,
            "number_outpatient": 0.2291422783741779,
            "glyburide-metformin": 0.12013889670686236,
            "tolazamide": 0.04906844302012248,
            "nateglinide": 0.02675064441227345,
            "glimepiride-pioglitazone": -0.0,
            "troglitazone": -0.0,
            "miglitol": -0.0,
            "acarbose": -0.0,
            "glipizide-metformin": -0.0,
            "tolbutamide": -0.0,
            "repaglinide": 0.0,
            "chlorpropamide": -0.0,
            "acetohexamide": -0.0,
            "metformin-pioglitazone": -0.0,
            "metformin-rosiglitazone": -0.0,
            "diag_3": -0.08392813179495377,
            "race": -0.12057965750865787,
            "admission_type_id": -0.13009478835030178,
            "medical_specialty": -0.15846524922012842,
            "num_medications": -0.4004269269427075,
            "glipizide": -0.6176981746836541,
            "gender": -1.4838079049121105,
            "number_emergency": -2.999090559019371,
            "diag_1": -3.228121523694425,
            "change": -3.5259805602442067,
            "time_in_hospital": -4.1235547681573195,
            "num_procedures": -6.278459655297171,
            "number_diagnoses": -13.302996366828577,
            "number_inpatient": -25.473959079577124
        }
    },
    "DecisionTree": {
        "SHAP": {
            "discharge_disposition_id": 61.154580524666166,
            "payer_code": 16.714767714188312,
            "number_inpatient": -11.509314634352782,
            "number_diagnoses": -5.623001678524078,
            "diag_1": -4.123871983274747,
            "num_medications": -0.35248051595883123,
            "admission_source_id": -0.3041229620038472,
            "medical_specialty": -0.21785998703124326,
            "gender": 0.0,
            "race": 0.0,
            "num_lab_procedures": 0.0,
            "time_in_hospital": 0.0,
            "admission_type_id": 0.0,
            "age": 0.0,
            "number_emergency": 0.0,
            "number_outpatient": 0.0,
            "diag_2": 0.0,
            "num_procedures": 0.0,
            "diag_3": 0.0,
            "metformin": 0.0,
            "repaglinide": 0.0,
            "nateglinide": 0.0,
            "chlorpropamide": 0.0,
            "glimepiride": 0.0,
            "acetohexamide": 0.0,
            "glipizide": 0.0,
            "glyburide": 0.0,
            "tolbutamide": 0.0,
            "pioglitazone": 0.0,
            "rosiglitazone": 0.0,
            "acarbose": 0.0,
            "miglitol": 0.0,
            "troglitazone": 0.0,
            "tolazamide": 0.0,
            "insulin": 0.0,
            "glyburide-metformin": 0.0,
            "glipizide-metformin": 0.0,
            "glimepiride-pioglitazone": 0.0,
            "metformin-rosiglitazone": 0.0,
            "metformin-pioglitazone": 0.0,
            "change": 0.0,
            "diabetesMed": 0.0
        },
        "Lime": {
            "race": 0.0,
            "gender": 0.0,
            "age": 0.0,
            "admission_type_id": 0.0,
            "discharge_disposition_id": 0.0,
            "admission_source_id": 0.0,
            "time_in_hospital": 0.0,
            "payer_code": 5.681869496303467,
            "medical_specialty": 5.685142224358928,
            "num_lab_procedures": 0.0,
            "num_procedures": 0.0,
            "num_medications": 0.0,
            "number_outpatient": 0.0,
            "number_emergency": 0.0,
            "number_inpatient": -44.01837059335837,
            "diag_1": 0.0,
            "diag_2": 11.9712084794938,
            "diag_3": 0.0,
            "number_diagnoses": -8.698046123920587,
            "metformin": 0.0,
            "repaglinide": 6.766027738854946,
            "nateglinide": 6.680864298498353,
            "chlorpropamide": 0.0,
            "glimepiride": -4.260250466321091,
            "acetohexamide": 0.0,
            "glipizide": 0.0,
            "glyburide": 0.0,
            "tolbutamide": 0.0,
            "pioglitazone": 0.0,
            "rosiglitazone": 0.0,
            "acarbose": 0.0,
            "miglitol": 0.0,
            "troglitazone": 0.0,
            "tolazamide": 0.0,
            "insulin": 2.8544085235124657,
            "glyburide-metformin": 0.0,
            "glipizide-metformin": 0.0,
            "glimepiride-pioglitazone": 0.0,
            "metformin-rosiglitazone": 0.0,
            "metformin-pioglitazone": 0.0,
            "change": -3.3838120553779873,
            "diabetesMed": 0.0
        },
        "Inherent": {
            "discharge_disposition_id": 47.01241800020962,
            "payer_code": 32.571767198701664,
            "number_inpatient": -20.415814801088715,
            "gender": 0.0,
            "admission_type_id": 0.0,
            "race": 0.0,
            "admission_source_id": 0.0,
            "time_in_hospital": 0.0,
            "medical_specialty": 0.0,
            "age": 0.0,
            "num_lab_procedures": 0.0,
            "num_procedures": 0.0,
            "number_outpatient": 0.0,
            "num_medications": 0.0,
            "number_emergency": 0.0,
            "diag_1": 0.0,
            "diag_2": 0.0,
            "diag_3": 0.0,
            "number_diagnoses": 0.0,
            "metformin": 0.0,
            "repaglinide": 0.0,
            "nateglinide": 0.0,
            "chlorpropamide": 0.0,
            "glimepiride": 0.0,
            "acetohexamide": 0.0,
            "glipizide": 0.0,
            "glyburide": 0.0,
            "tolbutamide": 0.0,
            "pioglitazone": 0.0,
            "rosiglitazone": 0.0,
            "acarbose": 0.0,
            "miglitol": 0.0,
            "troglitazone": 0.0,
            "tolazamide": 0.0,
            "insulin": 0.0,
            "glyburide-metformin": 0.0,
            "glipizide-metformin": 0.0,
            "glimepiride-pioglitazone": 0.0,
            "metformin-rosiglitazone": 0.0,
            "metformin-pioglitazone": 0.0,
            "change": 0.0,
            "diabetesMed": 0.0
        }
    },
    "XGBOOST": {
        "SHAP": {
            "discharge_disposition_id": 34.854819652085645,
            "medical_specialty": -10.406645483106686,
            "number_inpatient": -10.136182659090249,
            "payer_code": 7.85038575787234,
            "diag_1": -6.226361866369891,
            "age": 4.338449038907878,
            "diabetesMed": 3.3868635988525435,
            "diag_2": -3.248625896768404,
            "number_diagnoses": -3.0064604960607832,
            "diag_3": -2.852606480443299,
            "admission_source_id": 1.8151812722035299,
            "num_procedures": -1.7433861721499606,
            "time_in_hospital": -1.6358502793435652,
            "glipizide": 1.423177089942683,
            "number_emergency": -1.3260380698188479,
            "num_lab_procedures": 1.1322150648316633,
            "insulin": -0.7615046806021055,
            "metformin": 0.700946374107231,
            "glimepiride": 0.5990484197864795,
            "num_medications": 0.5148417622871186,
            "change": 0.44592368876872396,
            "race": -0.3728521245340827,
            "pioglitazone": 0.29746504264082285,
            "acarbose": 0.2733669753801824,
            "admission_type_id": 0.20647205116327175,
            "number_outpatient": -0.18637450119612942,
            "rosiglitazone": 0.09721396640273473,
            "glyburide-metformin": 0.08902718076417866,
            "glyburide": 0.0441839595876,
            "gender": -0.013860066988701007,
            "repaglinide": 0.013670327942655897,
            "acetohexamide": 0.0,
            "nateglinide": 0.0,
            "chlorpropamide": 0.0,
            "tolazamide": 0.0,
            "troglitazone": 0.0,
            "miglitol": 0.0,
            "tolbutamide": 0.0,
            "glimepiride-pioglitazone": 0.0,
            "glipizide-metformin": 0.0,
            "metformin-pioglitazone": 0.0,
            "metformin-rosiglitazone": 0.0
        },
        "Lime": {
            "race": 0.0,
            "gender": 0.0,
            "age": 0.0,
            "admission_type_id": 0.0,
            "discharge_disposition_id": -1.9290886815839454,
            "admission_source_id": 2.5668248803436344,
            "time_in_hospital": 0.0,
            "payer_code": 2.907664931887378,
            "medical_specialty": 0.0,
            "num_lab_procedures": 0.0,
            "num_procedures": 0.0,
            "num_medications": 0.0,
            "number_outpatient": -1.8075416039691972,
            "number_emergency": -5.746098728186015,
            "number_inpatient": -16.91302955847491,
            "diag_1": -3.6046100844492814,
            "diag_2": 2.5237559297845062,
            "diag_3": -2.3310220839277402,
            "number_diagnoses": -3.8003398862535973,
            "metformin": 4.340291909275367,
            "repaglinide": 4.084463670330325,
            "nateglinide": 8.039495182276466,
            "chlorpropamide": 14.624197431446587,
            "glimepiride": 3.7210744085245677,
            "acetohexamide": 0.0,
            "glipizide": 0.0,
            "glyburide": 6.6149214528708065,
            "tolbutamide": -2.1090468717156168,
            "pioglitazone": 1.7461691992295354,
            "rosiglitazone": 0.0,
            "acarbose": 4.0893992513590876,
            "miglitol": 0.0,
            "troglitazone": 0.0,
            "tolazamide": 2.603956060296591,
            "insulin": 0.0,
            "glyburide-metformin": 0.0,
            "glipizide-metformin": 0.0,
            "glimepiride-pioglitazone": 0.0,
            "metformin-rosiglitazone": 0.0,
            "metformin-pioglitazone": 0.0,
            "change": 0.0,
            "diabetesMed": 3.8970081938148398
        },
        "Inherent": {
            "race": -0.2018226981163025,
            "gender": -0.12312666326761246,
            "age": 4.020003795623779,
            "admission_type_id": 0.6403587460517883,
            "discharge_disposition_id": 33.434207916259766,
            "admission_source_id": 1.457215428352356,
            "time_in_hospital": -1.87471342086792,
            "payer_code": 6.322880744934082,
            "medical_specialty": -10.496122360229492,
            "num_lab_procedures": 1.496977686882019,
            "num_procedures": -1.8647485971450806,
            "num_medications": -0.5644076466560364,
            "number_outpatient": -0.23836158215999603,
            "number_emergency": -1.4248863458633423,
            "number_inpatient": -12.931924819946289,
            "diag_1": -6.875673770904541,
            "diag_2": -3.580677032470703,
            "diag_3": -3.9129719734191895,
            "number_diagnoses": -2.012873649597168,
            "metformin": 0.6006706357002258,
            "repaglinide": -0.006385801825672388,
            "nateglinide": 0.013365503400564194,
            "chlorpropamide": 0.010121050290763378,
            "glimepiride": 0.3610946834087372,
            "acetohexamide": 0.0,
            "glipizide": 1.2010504007339478,
            "glyburide": 0.13432957231998444,
            "tolbutamide": 0.0,
            "pioglitazone": 0.3289909362792969,
            "rosiglitazone": 0.03922364115715027,
            "acarbose": 0.04162343963980675,
            "miglitol": 0.0,
            "troglitazone": 0.0,
            "tolazamide": 0.0,
            "insulin": -0.8411750197410583,
            "glyburide-metformin": -0.06546265631914139,
            "glipizide-metformin": 0.0,
            "glimepiride-pioglitazone": 0.0,
            "metformin-rosiglitazone": 0.0,
            "metformin-pioglitazone": 0.0,
            "change": 0.4199354350566864,
            "diabetesMed": 2.462613105773926
        }
    }
}