{
    "LogisticRegression": {
        "SHAP": {
            "number_inpatient": 46.384278449240476,
            "number_diagnoses": -12.425000559789096,
            "metformin": -8.104459615669375,
            "insulin": 4.697475808741756,
            "diabetesMed": 4.666359335183265,
            "num_medications": 3.400036281016034,
            "age": 2.7617230131877317,
            "change": 2.472361547090009,
            "diag_2": -2.070015183924081,
            "number_emergency": -1.7090970504702208,
            "payer_code": -1.5576380769327927,
            "time_in_hospital": -1.3796184768776667,
            "discharge_disposition_id": -1.1910513683590709,
            "diag_3": 1.1774408500437472,
            "glimepiride": 1.0301237634452234,
            "diag_1": 1.026109053427334,
            "gender": -0.7512911383881101,
            "admission_type_id": 0.7016578324486884,
            "glyburide": 0.363470863032802,
            "num_procedures": 0.34977429548335187,
            "pioglitazone": 0.3326274097596249,
            "rosiglitazone": 0.32403755254486527,
            "num_lab_procedures": -0.20264433799460155,
            "admission_source_id": -0.18861977891630133,
            "glyburide-metformin": 0.14521718992296498,
            "acarbose": 0.13926257444805737,
            "number_outpatient": 0.1002373434588926,
            "medical_specialty": 0.06586454498621223,
            "glipizide": 0.06285119183027375,
            "glipizide-metformin": -0.058095797936064196,
            "chlorpropamide": -0.038682502398569955,
            "race": 0.020947351149616933,
            "tolazamide": 0.019385395475094335,
            "tolbutamide": -0.01701859381647188,
            "troglitazone": -0.015208580855930867,
            "repaglinide": 0.010062787192405059,
            "miglitol": -0.010038588784211665,
            "metformin-rosiglitazone": -0.009875936014395613,
            "acetohexamide": -0.005586011326527452,
            "nateglinide": 0.005111997774548711,
            "glimepiride-pioglitazone": -0.005012668399713963,
            "metformin-pioglitazone": -0.004629302263847002
        },
        "Lime": {
            "race": 0.0,
            "gender": 0.0,
            "age": 0.0,
            "admission_type_id": 0.0,
            "discharge_disposition_id": -6.359565215749351,
            "admission_source_id": 0.0,
            "time_in_hospital": 0.0,
            "payer_code": 0.0,
            "medical_specialty": 0.0,
            "num_lab_procedures": 0.0,
            "num_procedures": 0.0,
            "num_medications": 6.265591535649881,
            "number_outpatient": 0.0,
            "number_emergency": -10.99033457184871,
            "number_inpatient": 57.43980485172393,
            "diag_1": 0.0,
            "diag_2": 0.0,
            "diag_3": 0.0,
            "number_diagnoses": -18.944703825028142,
            "metformin": 0.0,
            "repaglinide": 0.0,
            "nateglinide": 0.0,
            "chlorpropamide": 0.0,
            "glimepiride": 0.0,
            "acetohexamide": 0.0,
            "glipizide": 0.0,
            "glyburide": 0.0,
            "tolbutamide": 0.0,
            "pioglitazone": 0.0,
            "rosiglitazone": 0.0,
            "acarbose": 0.0,
            "miglitol": 0.0,
            "troglitazone": 0.0,
            "tolazamide": 0.0,
            "insulin": 0.0,
            "glyburide-metformin": 0.0,
            "glipizide-metformin": 0.0,
            "glimepiride-pioglitazone": 0.0,
            "metformin-rosiglitazone": 0.0,
            "metformin-pioglitazone": 0.0,
            "change": 0.0,
            "diabetesMed": 0.0
        },
        "Inherent": {
            "number_inpatient": 46.37424335819077,
            "insulin": 5.0748027423206645,
            "diabetesMed": 3.883522757653864,
            "num_medications": 3.8673470125404856,
            "age": 3.323440814792586,
            "change": 2.6502721294822646,
            "diag_3": 1.1870224298546952,
            "diag_1": 0.9735466265359042,
            "admission_type_id": 0.7458696532225744,
            "glimepiride": 0.7079889809955392,
            "pioglitazone": 0.42018684903374537,
            "glyburide": 0.38275539005346504,
            "num_procedures": 0.341375574168032,
            "rosiglitazone": 0.27303675955104806,
            "number_outpatient": 0.12992998335988712,
            "glyburide-metformin": 0.06812206355261971,
            "medical_specialty": 0.05913215518481992,
            "glipizide": 0.0523364876661338,
            "tolazamide": 0.027823158739345655,
            "race": 0.026919980970868816,
            "nateglinide": 0.015168352204638922,
            "troglitazone": -0.0,
            "repaglinide": 0.0,
            "chlorpropamide": -0.0,
            "acarbose": -0.0,
            "miglitol": -0.0,
            "glimepiride-pioglitazone": -0.0,
            "glipizide-metformin": -0.0,
            "metformin-pioglitazone": -0.0,
            "metformin-rosiglitazone": -0.0,
            "acetohexamide": -0.0,
            "tolbutamide": -0.0,
            "num_lab_procedures": -0.21817445005409863,
            "admission_source_id": -0.3713459962802376,
            "time_in_hospital": -0.6252247132786739,
            "gender": -0.8413599522637248,
            "discharge_disposition_id": -1.6531199038378408,
            "number_emergency": -1.700566954265275,
            "payer_code": -1.8605957728668396,
            "diag_2": -2.088395600606322,
            "metformin": -8.703528562808678,
            "number_diagnoses": -11.352844833664378
        }
    },
    "DecisionTree": {
        "SHAP": {
            "number_inpatient": 65.20194015925092,
            "discharge_disposition_id": 21.86388980169543,
            "payer_code": -4.720782099773031,
            "number_diagnoses": -4.208555296267262,
            "diag_1": 2.1014836938708896,
            "num_medications": 1.206096767528274,
            "medical_specialty": 0.47583650731715793,
            "admission_source_id": 0.22141567429702097,
            "gender": 0.0,
            "race": 0.0,
            "num_lab_procedures": 0.0,
            "time_in_hospital": 0.0,
            "admission_type_id": 0.0,
            "age": 0.0,
            "number_emergency": 0.0,
            "number_outpatient": 0.0,
            "diag_2": 0.0,
            "num_procedures": 0.0,
            "diag_3": 0.0,
            "metformin": 0.0,
            "repaglinide": 0.0,
            "nateglinide": 0.0,
            "chlorpropamide": 0.0,
            "glimepiride": 0.0,
            "acetohexamide": 0.0,
            "glipizide": 0.0,
            "glyburide": 0.0,
            "tolbutamide": 0.0,
            "pioglitazone": 0.0,
            "rosiglitazone": 0.0,
            "acarbose": 0.0,
            "miglitol": 0.0,
            "troglitazone": 0.0,
            "tolazamide": 0.0,
            "insulin": 0.0,
            "glyburide-metformin": 0.0,
            "glipizide-metformin": 0.0,
            "glimepiride-pioglitazone": 0.0,
            "metformin-rosiglitazone": 0.0,
            "metformin-pioglitazone": 0.0,
            "change": 0.0,
            "diabetesMed": 0.0
        },
        "Lime": {
            "race": 0.0,
            "gender": 0.0,
            "age": 0.0,
            "admission_type_id": 0.0,
            "discharge_disposition_id": 21.749638859379992,
            "admission_source_id": 0.0,
            "time_in_hospital": 0.0,
            "payer_code": 0.0,
            "medical_specialty": 0.0,
            "num_lab_procedures": 0.0,
            "num_procedures": 0.0,
            "num_medications": 0.0,
            "number_outpatient": 0.0,
            "number_emergency": -2.592967504063194,
            "number_inpatient": 40.03057647950944,
            "diag_1": -7.282347048717884,
            "diag_2": -5.7479994841533735,
            "diag_3": -4.694813881074224,
            "number_diagnoses": -4.561707027231094,
            "metformin": 0.0,
            "repaglinide": 0.0,
            "nateglinide": -7.981746579850135,
            "chlorpropamide": 0.0,
            "glimepiride": 0.0,
            "acetohexamide": 0.0,
            "glipizide": 0.0,
            "glyburide": 0.0,
            "tolbutamide": -3.6060298904981836,
            "pioglitazone": 0.0,
            "rosiglitazone": 0.0,
            "acarbose": 0.0,
            "miglitol": 0.0,
            "troglitazone": 0.0,
            "tolazamide": 0.0,
            "insulin": 1.75217324552247,
            "glyburide-metformin": 0.0,
            "glipizide-metformin": 0.0,
            "glimepiride-pioglitazone": 0.0,
            "metformin-rosiglitazone": 0.0,
            "metformin-pioglitazone": 0.0,
            "change": 0.0,
            "diabetesMed": 0.0
        },
        "Inherent": {
            "number_inpatient": 93.6099415561071,
            "discharge_disposition_id": -4.424396301835058,
            "diag_1": -1.9656621420578377,
            "age": 0.0,
            "gender": 0.0,
            "admission_source_id": 0.0,
            "time_in_hospital": 0.0,
            "payer_code": 0.0,
            "admission_type_id": 0.0,
            "race": 0.0,
            "num_lab_procedures": 0.0,
            "medical_specialty": 0.0,
            "num_procedures": 0.0,
            "num_medications": 0.0,
            "number_emergency": 0.0,
            "number_outpatient": 0.0,
            "diag_2": 0.0,
            "diag_3": 0.0,
            "number_diagnoses": 0.0,
            "metformin": 0.0,
            "repaglinide": 0.0,
            "nateglinide": 0.0,
            "chlorpropamide": 0.0,
            "glimepiride": 0.0,
            "acetohexamide": 0.0,
            "glipizide": 0.0,
            "glyburide": 0.0,
            "tolbutamide": 0.0,
            "pioglitazone": 0.0,
            "rosiglitazone": 0.0,
            "acarbose": 0.0,
            "miglitol": 0.0,
            "troglitazone": 0.0,
            "tolazamide": 0.0,
            "insulin": 0.0,
            "glyburide-metformin": 0.0,
            "glipizide-metformin": 0.0,
            "glimepiride-pioglitazone": 0.0,
            "metformin-rosiglitazone": 0.0,
            "metformin-pioglitazone": 0.0,
            "change": 0.0,
            "diabetesMed": 0.0
        }
    },
    "XGBOOST": {
        "SHAP": {
            "number_inpatient": 30.25918964959259,
            "discharge_disposition_id": 12.722937852992164,
            "metformin": -10.296523893784906,
            "insulin": 10.008341069242716,
            "diag_3": -5.83355974050783,
            "time_in_hospital": 4.343925361973235,
            "number_diagnoses": -4.068210082428233,
            "payer_code": -3.7998609564709485,
            "num_medications": -2.855033695374993,
            "diabetesMed": 2.7113204028713787,
            "number_emergency": -1.890966809057629,
            "age": 1.8521835581525374,
            "num_procedures": 1.327957365510271,
            "medical_specialty": 1.0270472955138286,
            "admission_source_id": 0.9122934445422528,
            "glimepiride": 0.7343956301531913,
            "diag_1": 0.6988454257225787,
            "number_outpatient": 0.6412457037599283,
            "diag_2": -0.5625358839528064,
            "admission_type_id": 0.5507978123133644,
            "acarbose": 0.48015425580702087,
            "gender": -0.4652215919475242,
            "glyburide": 0.4002281656991009,
            "race": 0.32913141605487234,
            "num_lab_procedures": -0.3253158676776418,
            "pioglitazone": 0.25999154568378763,
            "glyburide-metformin": 0.18139570104474678,
            "change": 0.15467294562591932,
            "glipizide": -0.15084340019206832,
            "rosiglitazone": 0.137579896532983,
            "repaglinide": 0.018293579816945193,
            "acetohexamide": 0.0,
            "nateglinide": 0.0,
            "chlorpropamide": 0.0,
            "tolazamide": 0.0,
            "troglitazone": 0.0,
            "miglitol": 0.0,
            "tolbutamide": 0.0,
            "glimepiride-pioglitazone": 0.0,
            "glipizide-metformin": 0.0,
            "metformin-pioglitazone": 0.0,
            "metformin-rosiglitazone": 0.0
        },
        "Lime": {
            "race": 0.0,
            "gender": 0.0,
            "age": 0.0,
            "admission_type_id": 0.0,
            "discharge_disposition_id": 16.885222155906007,
            "admission_source_id": 0.0,
            "time_in_hospital": 0.0,
            "payer_code": 0.0,
            "medical_specialty": 1.9862792226383537,
            "num_lab_procedures": 1.6699704585424624,
            "num_procedures": 2.8201745556533475,
            "num_medications": 0.0,
            "number_outpatient": 0.0,
            "number_emergency": -7.736156170711589,
            "number_inpatient": 25.910832310536243,
            "diag_1": -5.465866959702383,
            "diag_2": -7.728126271111516,
            "diag_3": 0.0,
            "number_diagnoses": -3.5005396217024476,
            "metformin": 0.0,
            "repaglinide": -1.4023807026771469,
            "nateglinide": 0.0,
            "chlorpropamide": 0.0,
            "glimepiride": 6.547418039660166,
            "acetohexamide": 0.0,
            "glipizide": 0.0,
            "glyburide": 0.0,
            "tolbutamide": 0.0,
            "pioglitazone": 2.8004814369573943,
            "rosiglitazone": -2.339455339845023,
            "acarbose": 1.6118834018021733,
            "miglitol": -3.9018663612407445,
            "troglitazone": 0.0,
            "tolazamide": 0.0,
            "insulin": 3.7415120855728943,
            "glyburide-metformin": 0.0,
            "glipizide-metformin": 0.0,
            "glimepiride-pioglitazone": 0.0,
            "metformin-rosiglitazone": 0.0,
            "metformin-pioglitazone": 0.0,
            "change": 0.0,
            "diabetesMed": 3.951834905740105
        },
        "Inherent": {
            "race": 0.4657873809337616,
            "gender": -0.5576136112213135,
            "age": 1.4275779724121094,
            "admission_type_id": 0.7166321277618408,
            "discharge_disposition_id": 12.975102424621582,
            "admission_source_id": 0.34832561016082764,
            "time_in_hospital": 3.4228949546813965,
            "payer_code": -4.794771671295166,
            "medical_specialty": 0.7480842471122742,
            "num_lab_procedures": -1.400634527206421,
            "num_procedures": 1.3084025382995605,
            "num_medications": -3.661869525909424,
            "number_outpatient": 0.9162250757217407,
            "number_emergency": -1.9702168703079224,
            "number_inpatient": 27.288787841796875,
            "diag_1": -1.0639852285385132,
            "diag_2": -0.935370683670044,
            "diag_3": -6.148881912231445,
            "number_diagnoses": -3.771803617477417,
            "metformin": -11.910310745239258,
            "repaglinide": 0.005583865102380514,
            "nateglinide": -0.001985398819670081,
            "chlorpropamide": 0.017638076096773148,
            "glimepiride": 0.4320380687713623,
            "acetohexamide": 0.0,
            "glipizide": -0.22130662202835083,
            "glyburide": 0.4301135838031769,
            "tolbutamide": 0.0,
            "pioglitazone": 0.33016106486320496,
            "rosiglitazone": -0.11849531531333923,
            "acarbose": 0.0876787081360817,
            "miglitol": 0.0,
            "troglitazone": 0.0,
            "tolazamide": 0.0,
            "insulin": 10.40733814239502,
            "glyburide-metformin": 0.022844823077321053,
            "glipizide-metformin": 0.0,
            "glimepiride-pioglitazone": 0.0,
            "metformin-rosiglitazone": 0.0,
            "metformin-pioglitazone": 0.0,
            "change": 0.17893105745315552,
            "diabetesMed": 1.912611722946167
        }
    }
}