{
    "LogisticRegression": {
        "SHAP": {
            "number_inpatient": 53.671092100727755,
            "number_diagnoses": 6.8289977674068565,
            "insulin": -6.458467455718868,
            "diabetesMed": 5.399428643215486,
            "time_in_hospital": 4.124533993456202,
            "change": 2.8607612047986586,
            "metformin": 2.8102039729610238,
            "num_procedures": 2.576389262417953,
            "number_emergency": -1.9775904308881498,
            "payer_code": -1.8023377636055327,
            "diag_1": 1.4699190293824291,
            "discharge_disposition_id": -1.378161519917839,
            "diag_2": -1.2188814557975467,
            "glimepiride": 1.1919527312151645,
            "gender": -0.869316441496766,
            "age": -0.8479956464622934,
            "admission_type_id": 0.8118859106488312,
            "num_medications": -0.6239839552256576,
            "num_lab_procedures": 0.5302297570684485,
            "glyburide": 0.42057090932464336,
            "pioglitazone": 0.3848820536029631,
            "rosiglitazone": 0.37494275880052313,
            "diag_3": -0.30096986028637585,
            "admission_source_id": -0.21825130981209614,
            "glyburide-metformin": 0.16803032052106764,
            "acarbose": 0.16114025504494042,
            "number_outpatient": 0.11598429193205653,
            "medical_specialty": 0.07621164278745848,
            "glipizide": 0.07272490201727752,
            "glipizide-metformin": -0.0672224517862006,
            "chlorpropamide": -0.04475939301701624,
            "race": 0.024238109342321474,
            "tolazamide": 0.022430775701111634,
            "tolbutamide": -0.019692157487117168,
            "troglitazone": -0.017597797597159702,
            "repaglinide": 0.011643617110151236,
            "miglitol": -0.01161561721367209,
            "metformin-rosiglitazone": -0.011427412242481495,
            "acetohexamide": -0.006463554859646039,
            "nateglinide": 0.00591507537789481,
            "glimepiride-pioglitazone": -0.005800141693394416,
            "metformin-pioglitazone": -0.0053565500309967285
        },
        "Lime": {
            "race": 0.0,
            "gender": 0.0,
            "age": 0.0,
            "admission_type_id": 0.0,
            "discharge_disposition_id": -11.795792524471677,
            "admission_source_id": 0.0,
            "time_in_hospital": 10.76732742386396,
            "payer_code": 0.0,
            "medical_specialty": 0.0,
            "num_lab_procedures": 0.0,
            "num_procedures": 0.0,
            "num_medications": 0.0,
            "number_outpatient": 0.0,
            "number_emergency": -15.184234987960766,
            "number_inpatient": 62.252645063703596,
            "diag_1": 0.0,
            "diag_2": 0.0,
            "diag_3": 0.0,
            "number_diagnoses": 0.0,
            "metformin": 0.0,
            "repaglinide": 0.0,
            "nateglinide": 0.0,
            "chlorpropamide": 0.0,
            "glimepiride": 0.0,
            "acetohexamide": 0.0,
            "glipizide": 0.0,
            "glyburide": 0.0,
            "tolbutamide": 0.0,
            "pioglitazone": 0.0,
            "rosiglitazone": 0.0,
            "acarbose": 0.0,
            "miglitol": 0.0,
            "troglitazone": 0.0,
            "tolazamide": 0.0,
            "insulin": 0.0,
            "glyburide-metformin": 0.0,
            "glipizide-metformin": 0.0,
            "glimepiride-pioglitazone": 0.0,
            "metformin-rosiglitazone": 0.0,
            "metformin-pioglitazone": 0.0,
            "change": 0.0,
            "diabetesMed": 0.0
        },
        "Inherent": {
            "number_inpatient": 52.596606021285275,
            "number_diagnoses": 8.728119655654666,
            "time_in_hospital": 5.119231566180533,
            "diabetesMed": 4.404602677424354,
            "change": 3.0058780251549044,
            "num_procedures": 2.599639609466324,
            "metformin": 2.5454406492382233,
            "diag_1": 1.3920946048075762,
            "admission_type_id": 0.8459482991618762,
            "glimepiride": 0.8029849072298996,
            "num_lab_procedures": 0.5316246751795421,
            "pioglitazone": 0.47656631253800785,
            "glyburide": 0.4341124079948952,
            "rosiglitazone": 0.3096720470566647,
            "number_outpatient": 0.14736361502111953,
            "glyburide-metformin": 0.07726248621156763,
            "medical_specialty": 0.06706633778200824,
            "glipizide": 0.059358847130975376,
            "tolazamide": 0.0315563901965545,
            "race": 0.03053202663144266,
            "nateglinide": 0.01720359809943026,
            "troglitazone": -0.0,
            "acetohexamide": -0.0,
            "miglitol": -0.0,
            "acarbose": -0.0,
            "glipizide-metformin": -0.0,
            "metformin-pioglitazone": -0.0,
            "glimepiride-pioglitazone": -0.0,
            "metformin-rosiglitazone": -0.0,
            "tolbutamide": -0.0,
            "repaglinide": 0.0,
            "chlorpropamide": -0.0,
            "num_medications": -0.25751842883275083,
            "diag_3": -0.348334028101701,
            "age": -0.3501601056932493,
            "admission_source_id": -0.42117213456343333,
            "gender": -0.9542512120251438,
            "diag_2": -1.1701882513561876,
            "discharge_disposition_id": -1.8749307803584203,
            "number_emergency": -1.928744139617532,
            "payer_code": -2.1102451650687986,
            "insulin": -6.3615909949369485
        }
    },
    "DecisionTree": {
        "SHAP": {
            "number_inpatient": 67.75680552759908,
            "discharge_disposition_id": 21.24702878879973,
            "payer_code": -5.066275591278425,
            "diag_1": 2.6050288657013705,
            "number_diagnoses": 1.778707822978387,
            "num_medications": -0.8572774499867925,
            "medical_specialty": 0.5106609098894862,
            "admission_source_id": 0.17821504376673145,
            "gender": 0.0,
            "race": 0.0,
            "num_lab_procedures": 0.0,
            "time_in_hospital": 0.0,
            "admission_type_id": 0.0,
            "age": 0.0,
            "number_emergency": 0.0,
            "number_outpatient": 0.0,
            "diag_2": 0.0,
            "num_procedures": 0.0,
            "diag_3": 0.0,
            "metformin": 0.0,
            "repaglinide": 0.0,
            "nateglinide": 0.0,
            "chlorpropamide": 0.0,
            "glimepiride": 0.0,
            "acetohexamide": 0.0,
            "glipizide": 0.0,
            "glyburide": 0.0,
            "tolbutamide": 0.0,
            "pioglitazone": 0.0,
            "rosiglitazone": 0.0,
            "acarbose": 0.0,
            "miglitol": 0.0,
            "troglitazone": 0.0,
            "tolazamide": 0.0,
            "insulin": 0.0,
            "glyburide-metformin": 0.0,
            "glipizide-metformin": 0.0,
            "glimepiride-pioglitazone": 0.0,
            "metformin-rosiglitazone": 0.0,
            "metformin-pioglitazone": 0.0,
            "change": 0.0,
            "diabetesMed": 0.0
        },
        "Lime": {
            "race": 0.0,
            "gender": 0.0,
            "age": 0.0,
            "admission_type_id": 0.0,
            "discharge_disposition_id": 28.690173906214266,
            "admission_source_id": 0.0,
            "time_in_hospital": 0.0,
            "payer_code": -4.99242300202936,
            "medical_specialty": 0.0,
            "num_lab_procedures": 0.0,
            "num_procedures": 0.0,
            "num_medications": 0.0,
            "number_outpatient": 0.0,
            "number_emergency": 0.0,
            "number_inpatient": 45.94622802598636,
            "diag_1": -2.402669614583177,
            "diag_2": -3.357269068416699,
            "diag_3": 0.0,
            "number_diagnoses": 2.7722859736687786,
            "metformin": 0.0,
            "repaglinide": -6.836400362692384,
            "nateglinide": 0.0,
            "chlorpropamide": 0.0,
            "glimepiride": 0.0,
            "acetohexamide": 0.0,
            "glipizide": 0.0,
            "glyburide": 2.72087632739258,
            "tolbutamide": 0.0,
            "pioglitazone": -2.281673719016397,
            "rosiglitazone": 0.0,
            "acarbose": 0.0,
            "miglitol": 0.0,
            "troglitazone": 0.0,
            "tolazamide": 0.0,
            "insulin": 0.0,
            "glyburide-metformin": 0.0,
            "glipizide-metformin": 0.0,
            "glimepiride-pioglitazone": 0.0,
            "metformin-rosiglitazone": 0.0,
            "metformin-pioglitazone": 0.0,
            "change": 0.0,
            "diabetesMed": 0.0
        },
        "Inherent": {
            "number_inpatient": 93.6099415561071,
            "discharge_disposition_id": -4.424396301835058,
            "diag_1": -1.9656621420578377,
            "age": 0.0,
            "gender": 0.0,
            "admission_source_id": 0.0,
            "time_in_hospital": 0.0,
            "payer_code": 0.0,
            "admission_type_id": 0.0,
            "race": 0.0,
            "num_lab_procedures": 0.0,
            "medical_specialty": 0.0,
            "num_procedures": 0.0,
            "num_medications": 0.0,
            "number_emergency": 0.0,
            "number_outpatient": 0.0,
            "diag_2": 0.0,
            "diag_3": 0.0,
            "number_diagnoses": 0.0,
            "metformin": 0.0,
            "repaglinide": 0.0,
            "nateglinide": 0.0,
            "chlorpropamide": 0.0,
            "glimepiride": 0.0,
            "acetohexamide": 0.0,
            "glipizide": 0.0,
            "glyburide": 0.0,
            "tolbutamide": 0.0,
            "pioglitazone": 0.0,
            "rosiglitazone": 0.0,
            "acarbose": 0.0,
            "miglitol": 0.0,
            "troglitazone": 0.0,
            "tolazamide": 0.0,
            "insulin": 0.0,
            "glyburide-metformin": 0.0,
            "glipizide-metformin": 0.0,
            "glimepiride-pioglitazone": 0.0,
            "metformin-rosiglitazone": 0.0,
            "metformin-pioglitazone": 0.0,
            "change": 0.0,
            "diabetesMed": 0.0
        }
    },
    "XGBOOST": {
        "SHAP": {
            "number_inpatient": 41.37575099596628,
            "discharge_disposition_id": 14.287471446715688,
            "payer_code": -7.403494626680844,
            "diag_2": -5.211740575827644,
            "time_in_hospital": 4.741820778430227,
            "diabetesMed": 2.782260367232308,
            "number_emergency": -2.6101107491965796,
            "diag_1": 2.461818561549852,
            "metformin": 2.376544582181221,
            "gender": -2.2115807195103034,
            "diag_3": -2.020116540097846,
            "insulin": 1.830002217258693,
            "num_medications": -1.4173756575235483,
            "num_lab_procedures": -1.2202328212885258,
            "glimepiride": 1.1681870538241683,
            "age": 0.8606389050687792,
            "medical_specialty": 0.6878632202828351,
            "num_procedures": -0.6674881063603296,
            "number_outpatient": 0.5693867289543265,
            "race": 0.5078880948754002,
            "pioglitazone": 0.5053466670709145,
            "glyburide-metformin": 0.5014119238147643,
            "acarbose": 0.47786573992777615,
            "glipizide": -0.4188041781387128,
            "admission_type_id": -0.3598408033582235,
            "glyburide": 0.32655785178165575,
            "number_diagnoses": -0.32567562895436625,
            "admission_source_id": 0.32445584313628184,
            "rosiglitazone": 0.25355657294917355,
            "change": -0.0704097943930162,
            "repaglinide": 0.024302247649716644,
            "acetohexamide": 0.0,
            "nateglinide": 0.0,
            "chlorpropamide": 0.0,
            "tolazamide": 0.0,
            "troglitazone": 0.0,
            "miglitol": 0.0,
            "tolbutamide": 0.0,
            "glimepiride-pioglitazone": 0.0,
            "glipizide-metformin": 0.0,
            "metformin-pioglitazone": 0.0,
            "metformin-rosiglitazone": 0.0
        },
        "Lime": {
            "race": 0.0,
            "gender": 0.0,
            "age": 0.0,
            "admission_type_id": 0.0,
            "discharge_disposition_id": 14.391059136417697,
            "admission_source_id": 0.0,
            "time_in_hospital": 0.0,
            "payer_code": -1.489816333142439,
            "medical_specialty": 1.6578434903408938,
            "num_lab_procedures": -1.6252980587216237,
            "num_procedures": 0.0,
            "num_medications": 0.0,
            "number_outpatient": 1.7401947638223245,
            "number_emergency": -6.945395995509601,
            "number_inpatient": 21.708505450540674,
            "diag_1": -4.849012876954388,
            "diag_2": -1.4766158934559819,
            "diag_3": 0.0,
            "number_diagnoses": 3.2287727762919882,
            "metformin": 3.3218342870287563,
            "repaglinide": -2.294205029754543,
            "nateglinide": 8.797054269121132,
            "chlorpropamide": 0.0,
            "glimepiride": 0.0,
            "acetohexamide": 0.0,
            "glipizide": 0.0,
            "glyburide": 5.71872652452447,
            "tolbutamide": 0.0,
            "pioglitazone": 3.4314517635491204,
            "rosiglitazone": 0.0,
            "acarbose": 3.2928093030857517,
            "miglitol": 0.0,
            "troglitazone": 0.0,
            "tolazamide": 7.734071690903317,
            "insulin": 2.0267062064875447,
            "glyburide-metformin": 0.0,
            "glipizide-metformin": 0.0,
            "glimepiride-pioglitazone": 0.0,
            "metformin-rosiglitazone": 0.0,
            "metformin-pioglitazone": 0.0,
            "change": 0.0,
            "diabetesMed": 4.27062615034775
        },
        "Inherent": {
            "race": 0.8084696531295776,
            "gender": -2.552889347076416,
            "age": 0.12761475145816803,
            "admission_type_id": -0.22402290999889374,
            "discharge_disposition_id": 15.860464096069336,
            "admission_source_id": -0.3240337669849396,
            "time_in_hospital": 2.801024913787842,
            "payer_code": -9.05471420288086,
            "medical_specialty": 0.2405916303396225,
            "num_lab_procedures": -1.2483841180801392,
            "num_procedures": -0.4999786615371704,
            "num_medications": -4.190109729766846,
            "number_outpatient": 0.9290953278541565,
            "number_emergency": -2.807741165161133,
            "number_inpatient": 39.06242370605469,
            "diag_1": 0.776272714138031,
            "diag_2": -5.85188102722168,
            "diag_3": -4.087505340576172,
            "number_diagnoses": 0.20332187414169312,
            "metformin": 2.0336902141571045,
            "repaglinide": -0.010176633484661579,
            "nateglinide": -0.005277976859360933,
            "chlorpropamide": 0.027691727504134178,
            "glimepiride": 0.6630668640136719,
            "acetohexamide": 0.0,
            "glipizide": -0.4984261095523834,
            "glyburide": 0.5576292872428894,
            "tolbutamide": 0.0,
            "pioglitazone": 0.6298684477806091,
            "rosiglitazone": 0.1352832019329071,
            "acarbose": 0.07431429624557495,
            "miglitol": 0.0,
            "troglitazone": 0.0,
            "tolazamide": 0.0,
            "insulin": 1.478294014930725,
            "glyburide-metformin": 0.09916394203901291,
            "glipizide-metformin": 0.0,
            "glimepiride-pioglitazone": 0.0,
            "metformin-rosiglitazone": 0.0,
            "metformin-pioglitazone": 0.0,
            "change": -0.03520023450255394,
            "diabetesMed": 2.101388454437256
        }
    }
}