{
    "LogisticRegression": {
        "SHAP": {
            "number_inpatient": 20.348987155752013,
            "diabetesMed": -19.118846081208815,
            "discharge_disposition_id": 17.9666727430704,
            "time_in_hospital": 8.151391937781689,
            "num_medications": 4.890682288622549,
            "diag_1": 4.22660129652571,
            "payer_code": 3.483228415574792,
            "metformin": 2.8855823462735493,
            "num_procedures": 2.6454960011064954,
            "change": -2.3775867089580713,
            "admission_source_id": 2.2367382314095083,
            "number_emergency": -2.030635530529688,
            "number_diagnoses": -1.6977203834198602,
            "insulin": 1.5102511930999476,
            "glimepiride": 1.2239245947556432,
            "gender": -0.8926342005933823,
            "age": -0.8707415158089515,
            "diag_2": -0.596454904711858,
            "glyburide": 0.43185192355438895,
            "pioglitazone": 0.3952057821995058,
            "rosiglitazone": 0.3849998847300387,
            "diag_3": -0.3090428039953625,
            "num_lab_procedures": 0.24532046745332428,
            "glyburide-metformin": 0.17253741408079767,
            "acarbose": 0.1654625357111565,
            "race": 0.133819048059906,
            "number_outpatient": 0.11909534982670167,
            "admission_type_id": -0.1032857524703242,
            "glipizide": 0.0746756091069124,
            "medical_specialty": -0.07443606717860082,
            "glipizide-metformin": -0.06902556612041896,
            "chlorpropamide": -0.04595997855050109,
            "tolazamide": 0.02303243856998388,
            "tolbutamide": -0.020220362134422156,
            "troglitazone": -0.018069825026314344,
            "repaglinide": 0.011955934979488068,
            "miglitol": -0.011927184039074097,
            "metformin-rosiglitazone": -0.011733930827715108,
            "acetohexamide": -0.006636927417589948,
            "nateglinide": 0.006073736017583852,
            "glimepiride-pioglitazone": -0.005955719455733694,
            "metformin-pioglitazone": -0.005500229291217207
        },
        "Lime": {
            "race": -17.9620118407339,
            "gender": 0.0,
            "age": 0.0,
            "admission_type_id": 0.0,
            "discharge_disposition_id": 13.920235394467348,
            "admission_source_id": 0.0,
            "time_in_hospital": 9.096384390141331,
            "payer_code": 0.0,
            "medical_specialty": 0.0,
            "num_lab_procedures": 0.0,
            "num_procedures": 0.0,
            "num_medications": 4.213743831666034,
            "number_outpatient": 0.0,
            "number_emergency": -13.598362755943427,
            "number_inpatient": 41.20926178704797,
            "diag_1": 0.0,
            "diag_2": 0.0,
            "diag_3": 0.0,
            "number_diagnoses": 0.0,
            "metformin": 0.0,
            "repaglinide": 0.0,
            "nateglinide": 0.0,
            "chlorpropamide": 0.0,
            "glimepiride": 0.0,
            "acetohexamide": 0.0,
            "glipizide": 0.0,
            "glyburide": 0.0,
            "tolbutamide": 0.0,
            "pioglitazone": 0.0,
            "rosiglitazone": 0.0,
            "acarbose": 0.0,
            "miglitol": 0.0,
            "troglitazone": 0.0,
            "tolazamide": 0.0,
            "insulin": 0.0,
            "glyburide-metformin": 0.0,
            "glipizide-metformin": 0.0,
            "glimepiride-pioglitazone": 0.0,
            "metformin-rosiglitazone": 0.0,
            "metformin-pioglitazone": 0.0,
            "change": 0.0,
            "diabetesMed": 0.0
        },
        "Inherent": {
            "number_inpatient": 19.00634239378726,
            "discharge_disposition_id": 18.21709830857903,
            "time_in_hospital": 9.45203372024744,
            "num_medications": 5.490364194190686,
            "diag_1": 4.291116218759808,
            "payer_code": 3.339940080296093,
            "num_procedures": 2.728754806849941,
            "metformin": 2.6718639698623248,
            "admission_source_id": 2.120752077632352,
            "insulin": 1.801878419098214,
            "glimepiride": 0.8428664178883473,
            "pioglitazone": 0.5002357293624267,
            "glyburide": 0.45567328475674945,
            "rosiglitazone": 0.3250523972153231,
            "num_lab_procedures": 0.2464983509631927,
            "number_outpatient": 0.15468266115787277,
            "race": 0.14549428091354275,
            "number_diagnoses": 0.09070906406937378,
            "glyburide-metformin": 0.08109984932960515,
            "glipizide": 0.062306997803811597,
            "tolazamide": 0.0331236880381884,
            "nateglinide": 0.018058041906267145,
            "troglitazone": -0.0,
            "miglitol": -0.0,
            "glipizide-metformin": -0.0,
            "acetohexamide": -0.0,
            "metformin-rosiglitazone": -0.0,
            "metformin-pioglitazone": -0.0,
            "glimepiride-pioglitazone": -0.0,
            "acarbose": -0.0,
            "repaglinide": 0.0,
            "chlorpropamide": -0.0,
            "tolbutamide": -0.0,
            "admission_type_id": -0.08782058120210529,
            "medical_specialty": -0.08862352539922731,
            "diag_3": -0.365634586467564,
            "age": -0.36755135907999603,
            "diag_2": -0.5460328925374137,
            "gender": -1.001645602057336,
            "number_emergency": -2.024538256379869,
            "change": -2.380215733732371,
            "diabetesMed": -21.06199251043627
        }
    },
    "DecisionTree": {
        "SHAP": {
            "discharge_disposition_id": -69.64387905779394,
            "number_inpatient": -8.503119724712267,
            "payer_code": 7.170766388452139,
            "admission_source_id": -5.044884932178055,
            "num_medications": 3.8413497909125307,
            "diag_1": 3.0726147576997387,
            "number_diagnoses": 2.097974413442021,
            "medical_specialty": -0.4517409390061676,
            "number_emergency": -0.17366999580315584,
            "gender": 0.0,
            "num_lab_procedures": 0.0,
            "time_in_hospital": 0.0,
            "admission_type_id": 0.0,
            "age": 0.0,
            "race": 0.0,
            "number_outpatient": 0.0,
            "diag_2": 0.0,
            "num_procedures": 0.0,
            "diag_3": 0.0,
            "metformin": 0.0,
            "repaglinide": 0.0,
            "nateglinide": 0.0,
            "chlorpropamide": 0.0,
            "glimepiride": 0.0,
            "acetohexamide": 0.0,
            "glipizide": 0.0,
            "glyburide": 0.0,
            "tolbutamide": 0.0,
            "pioglitazone": 0.0,
            "rosiglitazone": 0.0,
            "acarbose": 0.0,
            "miglitol": 0.0,
            "troglitazone": 0.0,
            "tolazamide": 0.0,
            "insulin": 0.0,
            "glyburide-metformin": 0.0,
            "glipizide-metformin": 0.0,
            "glimepiride-pioglitazone": 0.0,
            "metformin-rosiglitazone": 0.0,
            "metformin-pioglitazone": 0.0,
            "change": 0.0,
            "diabetesMed": 0.0
        },
        "Lime": {
            "race": -9.77773014959137,
            "gender": 0.0,
            "age": 0.0,
            "admission_type_id": 0.0,
            "discharge_disposition_id": 2.4509475032233343,
            "admission_source_id": 0.0,
            "time_in_hospital": 0.0,
            "payer_code": 4.48895812234286,
            "medical_specialty": 0.0,
            "num_lab_procedures": -3.0052011626067268,
            "num_procedures": 0.0,
            "num_medications": 5.36825745806134,
            "number_outpatient": 4.374227851472493,
            "number_emergency": 0.0,
            "number_inpatient": 9.2459224868393,
            "diag_1": -5.314775323979995,
            "diag_2": 0.0,
            "diag_3": -4.534782617336431,
            "number_diagnoses": 0.0,
            "metformin": 0.0,
            "repaglinide": 6.02915873700235,
            "nateglinide": 9.842220119278938,
            "chlorpropamide": 6.465784166276896,
            "glimepiride": 2.6376491363942733,
            "acetohexamide": 0.0,
            "glipizide": 0.0,
            "glyburide": -4.625064229249959,
            "tolbutamide": 0.0,
            "pioglitazone": 7.561974252159484,
            "rosiglitazone": 8.623676026092967,
            "acarbose": 0.0,
            "miglitol": 0.0,
            "troglitazone": 0.0,
            "tolazamide": 0.0,
            "insulin": 0.0,
            "glyburide-metformin": 0.0,
            "glipizide-metformin": 0.0,
            "glimepiride-pioglitazone": 0.0,
            "metformin-rosiglitazone": 0.0,
            "metformin-pioglitazone": 0.0,
            "change": 0.0,
            "diabetesMed": -5.6536706580912846
        },
        "Inherent": {
            "discharge_disposition_id": -53.630243217373994,
            "number_inpatient": -46.369756782626006,
            "gender": 0.0,
            "age": 0.0,
            "admission_type_id": 0.0,
            "admission_source_id": 0.0,
            "time_in_hospital": 0.0,
            "payer_code": 0.0,
            "medical_specialty": 0.0,
            "race": 0.0,
            "num_lab_procedures": 0.0,
            "num_procedures": 0.0,
            "number_outpatient": 0.0,
            "num_medications": 0.0,
            "number_emergency": 0.0,
            "diag_1": 0.0,
            "diag_2": 0.0,
            "diag_3": 0.0,
            "number_diagnoses": 0.0,
            "metformin": 0.0,
            "repaglinide": 0.0,
            "nateglinide": 0.0,
            "chlorpropamide": 0.0,
            "glimepiride": 0.0,
            "acetohexamide": 0.0,
            "glipizide": 0.0,
            "glyburide": 0.0,
            "tolbutamide": 0.0,
            "pioglitazone": 0.0,
            "rosiglitazone": 0.0,
            "acarbose": 0.0,
            "miglitol": 0.0,
            "troglitazone": 0.0,
            "tolazamide": 0.0,
            "insulin": 0.0,
            "glyburide-metformin": 0.0,
            "glipizide-metformin": 0.0,
            "glimepiride-pioglitazone": 0.0,
            "metformin-rosiglitazone": 0.0,
            "metformin-pioglitazone": 0.0,
            "change": 0.0,
            "diabetesMed": 0.0
        }
    },
    "XGBOOST": {
        "SHAP": {
            "discharge_disposition_id": -70.16449764597527,
            "payer_code": 4.850283379886112,
            "diag_1": -3.8471144398742716,
            "medical_specialty": -2.4978225685846325,
            "diabetesMed": -2.327978011695021,
            "number_inpatient": 1.9540694780201218,
            "admission_source_id": 1.644279386436009,
            "num_medications": 1.5764449108535212,
            "race": -1.4163160607886134,
            "diag_2": -1.4030614954650233,
            "number_emergency": -1.0912002874252738,
            "num_procedures": 0.9649949467686855,
            "age": 0.7787001429917326,
            "diag_3": -0.7567957394450056,
            "metformin": 0.7356180601069632,
            "gender": -0.6622965038447712,
            "time_in_hospital": 0.6546740969059438,
            "num_lab_procedures": 0.6190858546408563,
            "change": -0.3317657976192386,
            "rosiglitazone": 0.3046632288287205,
            "number_diagnoses": 0.2742018325855955,
            "insulin": -0.2056550165141864,
            "glimepiride": 0.1771634055695718,
            "glyburide-metformin": 0.14517327061958019,
            "glipizide": -0.1248080559997831,
            "acarbose": 0.12452177509794528,
            "number_outpatient": 0.10173510834761278,
            "pioglitazone": 0.10125871811375795,
            "admission_type_id": 0.09126055577556542,
            "glyburide": 0.06534913697806019,
            "repaglinide": 0.007211088242551642,
            "acetohexamide": 0.0,
            "nateglinide": 0.0,
            "chlorpropamide": 0.0,
            "tolazamide": 0.0,
            "troglitazone": 0.0,
            "miglitol": 0.0,
            "tolbutamide": 0.0,
            "glimepiride-pioglitazone": 0.0,
            "glipizide-metformin": 0.0,
            "metformin-pioglitazone": 0.0,
            "metformin-rosiglitazone": 0.0
        },
        "Lime": {
            "race": -4.343969502662095,
            "gender": 0.0,
            "age": 0.0,
            "admission_type_id": -2.0626343554042466,
            "discharge_disposition_id": -4.258765196011345,
            "admission_source_id": 0.0,
            "time_in_hospital": 0.0,
            "payer_code": 2.8279659205512577,
            "medical_specialty": -8.734438955745116,
            "num_lab_procedures": 0.0,
            "num_procedures": 0.0,
            "num_medications": -2.605939118730017,
            "number_outpatient": 0.0,
            "number_emergency": -5.9483678439290495,
            "number_inpatient": 6.519294385836001,
            "diag_1": -8.59533399140206,
            "diag_2": 4.6502124921797305,
            "diag_3": -2.493633250061582,
            "number_diagnoses": -1.983902594331792,
            "metformin": 2.497144290359639,
            "repaglinide": 2.5978763327955305,
            "nateglinide": -6.730911112231075,
            "chlorpropamide": 0.0,
            "glimepiride": 0.0,
            "acetohexamide": 0.0,
            "glipizide": 0.0,
            "glyburide": 3.0191170829114684,
            "tolbutamide": 0.0,
            "pioglitazone": 0.0,
            "rosiglitazone": -1.390120429280377,
            "acarbose": -5.679951701509199,
            "miglitol": 0.0,
            "troglitazone": 0.0,
            "tolazamide": -17.06471175170701,
            "insulin": 0.0,
            "glyburide-metformin": 0.0,
            "glipizide-metformin": 0.0,
            "glimepiride-pioglitazone": 0.0,
            "metformin-rosiglitazone": 0.0,
            "metformin-pioglitazone": 0.0,
            "change": 0.0,
            "diabetesMed": -5.995709692361412
        },
        "Inherent": {
            "race": -1.211179256439209,
            "gender": -0.7722610831260681,
            "age": 0.6591521501541138,
            "admission_type_id": 0.30857765674591064,
            "discharge_disposition_id": -71.70850372314453,
            "admission_source_id": 1.4342737197875977,
            "time_in_hospital": 0.33720728754997253,
            "payer_code": 3.8774614334106445,
            "medical_specialty": -3.197277307510376,
            "num_lab_procedures": 0.544337809085846,
            "num_procedures": 1.6030235290527344,
            "num_medications": 0.6734236478805542,
            "number_outpatient": 0.03819575905799866,
            "number_emergency": -1.0499645471572876,
            "number_inpatient": 0.47477880120277405,
            "diag_1": -4.4958109855651855,
            "diag_2": -1.4772251844406128,
            "diag_3": -1.4490740299224854,
            "number_diagnoses": 0.5117959976196289,
            "metformin": 0.5871646404266357,
            "repaglinide": -0.0013639263343065977,
            "nateglinide": 0.004376091994345188,
            "chlorpropamide": 0.006931104231625795,
            "glimepiride": 0.08936328440904617,
            "acetohexamide": 0.0,
            "glipizide": -0.11555082350969315,
            "glyburide": 0.09177544713020325,
            "tolbutamide": 0.0,
            "pioglitazone": 0.10238997638225555,
            "rosiglitazone": 0.15846459567546844,
            "acarbose": 0.021342704072594643,
            "miglitol": 0.0,
            "troglitazone": 0.0,
            "tolazamide": 0.0,
            "insulin": -0.2492002248764038,
            "glyburide-metformin": 0.024751558899879456,
            "glipizide-metformin": 0.0,
            "glimepiride-pioglitazone": 0.0,
            "metformin-rosiglitazone": 0.0,
            "metformin-pioglitazone": 0.0,
            "change": -0.3814988136291504,
            "diabetesMed": -2.3422911167144775
        }
    }
}