{
    "LogisticRegression": {
        "SHAP": {
            "number_inpatient": -18.605691218521727,
            "metformin": -12.430497041602399,
            "number_diagnoses": 9.052150700080803,
            "discharge_disposition_id": -8.081902864273568,
            "time_in_hospital": -7.171569471020249,
            "diabetesMed": 7.157191060450298,
            "diag_1": -4.998956764495093,
            "payer_code": 4.496567637162612,
            "age": 4.235888803589276,
            "num_medications": -3.573502817900004,
            "num_procedures": 3.4151224908561124,
            "change": -3.0692731496578105,
            "number_emergency": -2.6213870926824,
            "insulin": 1.94961278121028,
            "diag_2": 1.7539349644977429,
            "glimepiride": 1.5799881794996857,
            "gender": -1.1523189350045477,
            "admission_type_id": 1.0761921243468615,
            "diag_3": 0.5603210529220946,
            "glyburide": 0.5574860881412078,
            "pioglitazone": 0.5101788680615673,
            "rosiglitazone": 0.4970038755562788,
            "admission_source_id": -0.28930215153069533,
            "glyburide-metformin": 0.2227319198725057,
            "acarbose": 0.21359882111517356,
            "number_outpatient": 0.1537425146662214,
            "race": -0.10849216651891752,
            "glipizide": 0.09640020324080235,
            "glipizide-metformin": -0.08910645232626421,
            "chlorpropamide": -0.05933063454317516,
            "medical_specialty": -0.04302208592509218,
            "tolazamide": 0.029733025091217027,
            "tolbutamide": -0.02610286066190904,
            "troglitazone": -0.023326690279399362,
            "num_lab_procedures": -0.02119659498399722,
            "repaglinide": 0.01543415012934633,
            "miglitol": -0.01539703497846349,
            "metformin-rosiglitazone": -0.0151475606310193,
            "acetohexamide": -0.008567739314106254,
            "nateglinide": 0.007840704528941924,
            "glimepiride-pioglitazone": -0.007688354642758233,
            "metformin-pioglitazone": -0.007100353487378152
        },
        "Lime": {
            "race": 0.0,
            "gender": 0.0,
            "age": 0.0,
            "admission_type_id": 0.0,
            "discharge_disposition_id": -25.409157626252604,
            "admission_source_id": 0.0,
            "time_in_hospital": 0.0,
            "payer_code": 0.0,
            "medical_specialty": 0.0,
            "num_lab_procedures": 0.0,
            "num_procedures": 0.0,
            "num_medications": 0.0,
            "number_outpatient": 0.0,
            "number_emergency": -49.39681139555301,
            "number_inpatient": -25.194030978194387,
            "diag_1": 0.0,
            "diag_2": 0.0,
            "diag_3": 0.0,
            "number_diagnoses": 0.0,
            "metformin": 0.0,
            "repaglinide": 0.0,
            "nateglinide": 0.0,
            "chlorpropamide": 0.0,
            "glimepiride": 0.0,
            "acetohexamide": 0.0,
            "glipizide": 0.0,
            "glyburide": 0.0,
            "tolbutamide": 0.0,
            "pioglitazone": 0.0,
            "rosiglitazone": 0.0,
            "acarbose": 0.0,
            "miglitol": 0.0,
            "troglitazone": 0.0,
            "tolazamide": 0.0,
            "insulin": 0.0,
            "glyburide-metformin": 0.0,
            "glipizide-metformin": 0.0,
            "glimepiride-pioglitazone": 0.0,
            "metformin-rosiglitazone": 0.0,
            "metformin-pioglitazone": 0.0,
            "change": 0.0,
            "diabetesMed": 0.0
        },
        "Inherent": {
            "number_diagnoses": 11.051678104606806,
            "diabetesMed": 5.577175026243616,
            "age": 4.772834426405594,
            "payer_code": 4.028977506523756,
            "num_procedures": 3.291703286078815,
            "insulin": 2.173610138357242,
            "diag_2": 1.7975477437785856,
            "admission_type_id": 1.071152626719509,
            "glimepiride": 1.0167517251912348,
            "pioglitazone": 0.6034355267182065,
            "glyburide": 0.5496797458851362,
            "diag_3": 0.4924805754736283,
            "rosiglitazone": 0.39211146467815094,
            "number_outpatient": 0.1865940548247968,
            "glyburide-metformin": 0.0978309373449831,
            "glipizide": 0.0751610767305524,
            "tolazamide": 0.03995718211421926,
            "nateglinide": 0.021783458057057052,
            "troglitazone": -0.0,
            "miglitol": -0.0,
            "acarbose": -0.0,
            "glipizide-metformin": -0.0,
            "glimepiride-pioglitazone": -0.0,
            "acetohexamide": -0.0,
            "repaglinide": 0.0,
            "chlorpropamide": -0.0,
            "metformin-pioglitazone": -0.0,
            "metformin-rosiglitazone": -0.0,
            "tolbutamide": -0.0,
            "num_lab_procedures": -0.03147322729848609,
            "medical_specialty": -0.055260984977628984,
            "race": -0.09818985559349835,
            "admission_source_id": -0.5332945744859953,
            "gender": -1.2082874252761104,
            "number_emergency": -2.4422052192409986,
            "change": -2.8712597894964333,
            "num_medications": -2.998809484654391,
            "diag_1": -4.9984075140436675,
            "time_in_hospital": -5.8178542388201695,
            "discharge_disposition_id": -8.46141444620149,
            "metformin": -12.49924493039909,
            "number_inpatient": -20.743833703780147
        }
    },
    "DecisionTree": {
        "SHAP": {
            "discharge_disposition_id": -39.464057051651906,
            "number_inpatient": -32.63759496621549,
            "diag_1": -11.781928814638986,
            "number_diagnoses": 8.95287556024552,
            "payer_code": 5.182126987059461,
            "num_medications": -1.4524102749833419,
            "medical_specialty": -0.32646146651121905,
            "admission_source_id": 0.20254487869407872,
            "gender": 0.0,
            "race": 0.0,
            "num_lab_procedures": 0.0,
            "time_in_hospital": 0.0,
            "admission_type_id": 0.0,
            "age": 0.0,
            "number_emergency": 0.0,
            "number_outpatient": 0.0,
            "diag_2": 0.0,
            "num_procedures": 0.0,
            "diag_3": 0.0,
            "metformin": 0.0,
            "repaglinide": 0.0,
            "nateglinide": 0.0,
            "chlorpropamide": 0.0,
            "glimepiride": 0.0,
            "acetohexamide": 0.0,
            "glipizide": 0.0,
            "glyburide": 0.0,
            "tolbutamide": 0.0,
            "pioglitazone": 0.0,
            "rosiglitazone": 0.0,
            "acarbose": 0.0,
            "miglitol": 0.0,
            "troglitazone": 0.0,
            "tolazamide": 0.0,
            "insulin": 0.0,
            "glyburide-metformin": 0.0,
            "glipizide-metformin": 0.0,
            "glimepiride-pioglitazone": 0.0,
            "metformin-rosiglitazone": 0.0,
            "metformin-pioglitazone": 0.0,
            "change": 0.0,
            "diabetesMed": 0.0
        },
        "Lime": {
            "race": 0.0,
            "gender": 0.0,
            "age": 0.0,
            "admission_type_id": 0.0,
            "discharge_disposition_id": -14.454720403806732,
            "admission_source_id": 3.217929370536432,
            "time_in_hospital": 0.0,
            "payer_code": 0.0,
            "medical_specialty": 0.0,
            "num_lab_procedures": 0.0,
            "num_procedures": 0.0,
            "num_medications": 0.0,
            "number_outpatient": 0.0,
            "number_emergency": -10.317872828532728,
            "number_inpatient": -28.87321944829945,
            "diag_1": -6.526371601344333,
            "diag_2": 3.668448094302396,
            "diag_3": 0.0,
            "number_diagnoses": 3.3258052864902146,
            "metformin": 0.0,
            "repaglinide": 0.0,
            "nateglinide": -5.739596685637081,
            "chlorpropamide": 8.318231473560209,
            "glimepiride": -4.0755431359769005,
            "acetohexamide": 0.0,
            "glipizide": 0.0,
            "glyburide": 5.545422913620012,
            "tolbutamide": 0.0,
            "pioglitazone": 0.0,
            "rosiglitazone": 0.0,
            "acarbose": -1.95921103592933,
            "miglitol": 0.0,
            "troglitazone": 0.0,
            "tolazamide": 0.0,
            "insulin": 1.8414043001969926,
            "glyburide-metformin": 0.0,
            "glipizide-metformin": 0.0,
            "glimepiride-pioglitazone": 0.0,
            "metformin-rosiglitazone": 0.0,
            "metformin-pioglitazone": 0.0,
            "change": 2.1362234217671956,
            "diabetesMed": 0.0
        },
        "Inherent": {
            "number_inpatient": -40.52440326798742,
            "discharge_disposition_id": -28.24114846946058,
            "diag_1": -16.264729345253905,
            "number_diagnoses": 14.969718917298103,
            "gender": 0.0,
            "admission_source_id": 0.0,
            "time_in_hospital": 0.0,
            "age": 0.0,
            "admission_type_id": 0.0,
            "race": 0.0,
            "num_lab_procedures": 0.0,
            "medical_specialty": 0.0,
            "payer_code": 0.0,
            "num_procedures": 0.0,
            "number_emergency": 0.0,
            "number_outpatient": 0.0,
            "diag_2": 0.0,
            "num_medications": 0.0,
            "diag_3": 0.0,
            "metformin": 0.0,
            "repaglinide": 0.0,
            "nateglinide": 0.0,
            "chlorpropamide": 0.0,
            "glimepiride": 0.0,
            "acetohexamide": 0.0,
            "glipizide": 0.0,
            "glyburide": 0.0,
            "tolbutamide": 0.0,
            "pioglitazone": 0.0,
            "rosiglitazone": 0.0,
            "acarbose": 0.0,
            "miglitol": 0.0,
            "troglitazone": 0.0,
            "tolazamide": 0.0,
            "insulin": 0.0,
            "glyburide-metformin": 0.0,
            "glipizide-metformin": 0.0,
            "glimepiride-pioglitazone": 0.0,
            "metformin-rosiglitazone": 0.0,
            "metformin-pioglitazone": 0.0,
            "change": 0.0,
            "diabetesMed": 0.0
        }
    },
    "XGBOOST": {
        "SHAP": {
            "discharge_disposition_id": -20.30480705183158,
            "number_inpatient": -20.043351566007303,
            "payer_code": 7.38073246047473,
            "diag_2": -7.185751463350732,
            "age": 5.718659168739597,
            "diabetesMed": 5.022527177198707,
            "metformin": -4.279871673155563,
            "medical_specialty": 4.001703756883495,
            "diag_3": 3.4094339926647157,
            "number_emergency": -3.2107897106934957,
            "number_diagnoses": 3.090057805515798,
            "num_medications": -2.7406079308649742,
            "time_in_hospital": -1.5883943462974077,
            "diag_1": 1.5360583358469693,
            "insulin": -1.5273488078068684,
            "num_lab_procedures": 1.5123780087502559,
            "gender": -1.3053034721003558,
            "glimepiride": 0.8477702021596333,
            "number_outpatient": -0.6585741059294964,
            "change": 0.6540799525660757,
            "glipizide": -0.6406491806484939,
            "admission_type_id": 0.6119901978585548,
            "pioglitazone": 0.5825134953862885,
            "race": -0.5658251589070742,
            "num_procedures": 0.511593010219319,
            "acarbose": 0.40007199044715563,
            "glyburide-metformin": 0.31859449894137326,
            "admission_source_id": -0.27234610438487356,
            "glyburide": 0.03745087134095515,
            "repaglinide": 0.02340777470793113,
            "rosiglitazone": -0.01735672832024076,
            "acetohexamide": 0.0,
            "nateglinide": 0.0,
            "chlorpropamide": 0.0,
            "tolazamide": 0.0,
            "troglitazone": 0.0,
            "miglitol": 0.0,
            "tolbutamide": 0.0,
            "glimepiride-pioglitazone": 0.0,
            "glipizide-metformin": 0.0,
            "metformin-pioglitazone": 0.0,
            "metformin-rosiglitazone": 0.0
        },
        "Lime": {
            "race": 0.0,
            "gender": 0.0,
            "age": 0.0,
            "admission_type_id": 0.0,
            "discharge_disposition_id": -4.552408501172885,
            "admission_source_id": 0.0,
            "time_in_hospital": -4.335607290549764,
            "payer_code": 2.479690471687142,
            "medical_specialty": 2.0996300128071117,
            "num_lab_procedures": 0.0,
            "num_procedures": 0.0,
            "num_medications": -2.837992039570075,
            "number_outpatient": -2.230843723954382,
            "number_emergency": -7.473229041802779,
            "number_inpatient": -16.01103195340843,
            "diag_1": 3.2046607652184824,
            "diag_2": -4.26352806200263,
            "diag_3": 2.8789439707095554,
            "number_diagnoses": 2.219937005585476,
            "metformin": -2.2923652388352282,
            "repaglinide": -3.1755620377508507,
            "nateglinide": -3.764266222930691,
            "chlorpropamide": 0.0,
            "glimepiride": 8.843447669303108,
            "acetohexamide": 0.0,
            "glipizide": 2.1822474520465427,
            "glyburide": 7.000340156525009,
            "tolbutamide": 0.0,
            "pioglitazone": 2.1793743380893495,
            "rosiglitazone": 0.0,
            "acarbose": 10.02057961787074,
            "miglitol": 0.0,
            "troglitazone": 0.0,
            "tolazamide": 0.0,
            "insulin": 0.0,
            "glyburide-metformin": 0.0,
            "glipizide-metformin": 0.0,
            "glimepiride-pioglitazone": 0.0,
            "metformin-rosiglitazone": 0.0,
            "metformin-pioglitazone": 0.0,
            "change": 0.0,
            "diabetesMed": 5.954314428179776
        },
        "Inherent": {
            "race": -0.12349793314933777,
            "gender": -1.3559647798538208,
            "age": 5.396696090698242,
            "admission_type_id": 0.665472686290741,
            "discharge_disposition_id": -18.28791618347168,
            "admission_source_id": -0.7475132942199707,
            "time_in_hospital": -2.4021477699279785,
            "payer_code": 5.158961772918701,
            "medical_specialty": 3.1615965366363525,
            "num_lab_procedures": 1.2253409624099731,
            "num_procedures": 0.6059908866882324,
            "num_medications": -4.196619510650635,
            "number_outpatient": -0.8340504169464111,
            "number_emergency": -3.0682854652404785,
            "number_inpatient": -25.681760787963867,
            "diag_1": -0.13195496797561646,
            "diag_2": -7.295726776123047,
            "diag_3": 1.8626388311386108,
            "number_diagnoses": 5.163491725921631,
            "metformin": -4.969193458557129,
            "repaglinide": 0.0055459956638514996,
            "nateglinide": 0.011456703767180443,
            "chlorpropamide": 0.016980521380901337,
            "glimepiride": 0.47606900334358215,
            "acetohexamide": 0.0,
            "glipizide": -0.5800420045852661,
            "glyburide": 0.19104571640491486,
            "tolbutamide": 0.0,
            "pioglitazone": 0.5873902440071106,
            "rosiglitazone": -0.07564065605401993,
            "acarbose": 0.057344283908605576,
            "miglitol": 0.0,
            "troglitazone": 0.0,
            "tolazamide": 0.0,
            "insulin": -1.5920476913452148,
            "glyburide-metformin": 0.03346037492156029,
            "glipizide-metformin": 0.0,
            "glimepiride-pioglitazone": 0.0,
            "metformin-rosiglitazone": 0.0,
            "metformin-pioglitazone": 0.0,
            "change": 0.4543035328388214,
            "diabetesMed": 3.5838489532470703
        }
    }
}