{
    "LogisticRegression": {
        "SHAP": {
            "diabetesMed": -23.41612389085569,
            "number_inpatient": -17.652245695612777,
            "discharge_disposition_id": -7.667747108810112,
            "time_in_hospital": -6.804063597464317,
            "num_medications": -4.953766520591443,
            "num_procedures": -4.953269973741353,
            "age": 4.018821392984188,
            "metformin": 3.53416484606875,
            "number_diagnoses": 3.25448177746955,
            "diag_1": -3.0626294585049525,
            "change": -2.911988762383195,
            "diag_2": 2.8174617038403342,
            "number_emergency": -2.4870545512049156,
            "num_lab_procedures": -1.9435345252939784,
            "insulin": 1.8497052015445195,
            "payer_code": 1.8163435396605019,
            "glimepiride": 1.4990219504947992,
            "gender": 1.4956486324123324,
            "admission_type_id": 1.0210428396093545,
            "glyburide": 0.5289178071469964,
            "pioglitazone": 0.48403483761824656,
            "rosiglitazone": 0.47153499539203086,
            "admission_source_id": -0.2744769113444947,
            "glyburide-metformin": 0.2113180600316012,
            "acarbose": 0.20265298538679402,
            "number_outpatient": 0.14586400531294627,
            "medical_specialty": 0.09584518112996078,
            "glipizide": 0.09146019100970836,
            "glipizide-metformin": -0.08454020713628697,
            "chlorpropamide": -0.05629024613663081,
            "race": 0.030482297654196352,
            "tolazamide": 0.028209361212094955,
            "tolbutamide": -0.024765223949522998,
            "troglitazone": -0.02213131795219248,
            "diag_3": -0.015139371248937671,
            "repaglinide": 0.0146432296971035,
            "miglitol": -0.014608016505896637,
            "metformin-rosiglitazone": -0.014371326429504658,
            "acetohexamide": -0.008128686951334934,
            "nateglinide": 0.007438908941679374,
            "glimepiride-pioglitazone": -0.007294366199836169,
            "metformin-pioglitazone": -0.006736497064947987
        },
        "Lime": {
            "race": -36.37806908458741,
            "gender": 0.0,
            "age": 0.0,
            "admission_type_id": 0.0,
            "discharge_disposition_id": -18.00510732402145,
            "admission_source_id": 4.8221257024530315,
            "time_in_hospital": -6.033695592378747,
            "payer_code": 0.0,
            "medical_specialty": 0.0,
            "num_lab_procedures": 0.0,
            "num_procedures": 0.0,
            "num_medications": 0.0,
            "number_outpatient": 0.0,
            "number_emergency": -16.40925539371587,
            "number_inpatient": 0.0,
            "diag_1": 0.0,
            "diag_2": 0.0,
            "diag_3": 0.0,
            "number_diagnoses": 18.351746902843484,
            "metformin": 0.0,
            "repaglinide": 0.0,
            "nateglinide": 0.0,
            "chlorpropamide": 0.0,
            "glimepiride": 0.0,
            "acetohexamide": 0.0,
            "glipizide": 0.0,
            "glyburide": 0.0,
            "tolbutamide": 0.0,
            "pioglitazone": 0.0,
            "rosiglitazone": 0.0,
            "acarbose": 0.0,
            "miglitol": 0.0,
            "troglitazone": 0.0,
            "tolazamide": 0.0,
            "insulin": 0.0,
            "glyburide-metformin": 0.0,
            "glipizide-metformin": 0.0,
            "glimepiride-pioglitazone": 0.0,
            "metformin-rosiglitazone": 0.0,
            "metformin-pioglitazone": 0.0,
            "change": 0.0,
            "diabetesMed": 0.0
        },
        "Inherent": {
            "number_diagnoses": 5.205154698406669,
            "age": 4.451772687283357,
            "metformin": 3.006264046080104,
            "diag_2": 2.7801483374767457,
            "insulin": 2.027394496068503,
            "payer_code": 1.4141157303704668,
            "gender": 1.3499322520280093,
            "admission_type_id": 0.9990977229714839,
            "glimepiride": 0.9483562922092295,
            "pioglitazone": 0.5628432827081424,
            "glyburide": 0.5127035762954741,
            "rosiglitazone": 0.365734687792106,
            "number_outpatient": 0.17404213988291686,
            "glyburide-metformin": 0.09124999024357833,
            "medical_specialty": 0.07920794383347883,
            "glipizide": 0.07010509869873448,
            "tolazamide": 0.03726931967569833,
            "race": 0.03605950660980275,
            "nateglinide": 0.020318116018539688,
            "miglitol": -0.0,
            "glipizide-metformin": -0.0,
            "glimepiride-pioglitazone": -0.0,
            "troglitazone": -0.0,
            "acetohexamide": -0.0,
            "chlorpropamide": -0.0,
            "repaglinide": 0.0,
            "metformin-rosiglitazone": -0.0,
            "metformin-pioglitazone": -0.0,
            "tolbutamide": -0.0,
            "acarbose": -0.0,
            "diag_3": -0.0637465585033447,
            "admission_source_id": -0.49742061191950576,
            "num_lab_procedures": -1.8695872189589493,
            "number_emergency": -2.277921570379242,
            "change": -2.6781142539238294,
            "diag_1": -3.0546862450410783,
            "num_medications": -4.292850635712718,
            "num_procedures": -4.768725183888277,
            "time_in_hospital": -5.426495512956724,
            "discharge_disposition_id": -7.892227209681879,
            "number_inpatient": -19.348425707191883,
            "diabetesMed": -23.698029367189534
        }
    },
    "DecisionTree": {
        "SHAP": {
            "discharge_disposition_id": -36.280575478238504,
            "number_inpatient": -36.24466840842809,
            "diag_1": -12.955490241867942,
            "number_diagnoses": 9.844643757591134,
            "payer_code": -2.1368634410744476,
            "num_medications": -1.597080362712409,
            "medical_specialty": 0.7179585635378993,
            "admission_source_id": 0.22271974654956933,
            "gender": 0.0,
            "race": 0.0,
            "num_lab_procedures": 0.0,
            "time_in_hospital": 0.0,
            "admission_type_id": 0.0,
            "age": 0.0,
            "number_emergency": 0.0,
            "number_outpatient": 0.0,
            "diag_2": 0.0,
            "num_procedures": 0.0,
            "diag_3": 0.0,
            "metformin": 0.0,
            "repaglinide": 0.0,
            "nateglinide": 0.0,
            "chlorpropamide": 0.0,
            "glimepiride": 0.0,
            "acetohexamide": 0.0,
            "glipizide": 0.0,
            "glyburide": 0.0,
            "tolbutamide": 0.0,
            "pioglitazone": 0.0,
            "rosiglitazone": 0.0,
            "acarbose": 0.0,
            "miglitol": 0.0,
            "troglitazone": 0.0,
            "tolazamide": 0.0,
            "insulin": 0.0,
            "glyburide-metformin": 0.0,
            "glipizide-metformin": 0.0,
            "glimepiride-pioglitazone": 0.0,
            "metformin-rosiglitazone": 0.0,
            "metformin-pioglitazone": 0.0,
            "change": 0.0,
            "diabetesMed": 0.0
        },
        "Lime": {
            "race": -6.234300870243999,
            "gender": 0.0,
            "age": 0.0,
            "admission_type_id": 0.0,
            "discharge_disposition_id": -17.50884120491386,
            "admission_source_id": 0.0,
            "time_in_hospital": 0.0,
            "payer_code": 0.0,
            "medical_specialty": 0.0,
            "num_lab_procedures": 0.0,
            "num_procedures": 0.0,
            "num_medications": 0.0,
            "number_outpatient": 0.0,
            "number_emergency": -3.8580984728435714,
            "number_inpatient": -38.46853680676124,
            "diag_1": 0.0,
            "diag_2": 0.0,
            "diag_3": 0.0,
            "number_diagnoses": 6.432137855467358,
            "metformin": 0.0,
            "repaglinide": -10.59618483540483,
            "nateglinide": 3.56679579480217,
            "chlorpropamide": 0.0,
            "glimepiride": 3.8483412338739473,
            "acetohexamide": 0.0,
            "glipizide": 0.0,
            "glyburide": 6.0768443852616985,
            "tolbutamide": 0.0,
            "pioglitazone": 0.0,
            "rosiglitazone": 0.0,
            "acarbose": -3.409918540427327,
            "miglitol": 0.0,
            "troglitazone": 0.0,
            "tolazamide": 0.0,
            "insulin": 0.0,
            "glyburide-metformin": 0.0,
            "glipizide-metformin": 0.0,
            "glimepiride-pioglitazone": 0.0,
            "metformin-rosiglitazone": 0.0,
            "metformin-pioglitazone": 0.0,
            "change": 0.0,
            "diabetesMed": 0.0
        },
        "Inherent": {
            "number_inpatient": -40.52440326798742,
            "discharge_disposition_id": -28.24114846946058,
            "diag_1": -16.264729345253905,
            "number_diagnoses": 14.969718917298103,
            "gender": 0.0,
            "admission_source_id": 0.0,
            "time_in_hospital": 0.0,
            "age": 0.0,
            "admission_type_id": 0.0,
            "race": 0.0,
            "num_lab_procedures": 0.0,
            "medical_specialty": 0.0,
            "payer_code": 0.0,
            "num_procedures": 0.0,
            "number_emergency": 0.0,
            "number_outpatient": 0.0,
            "diag_2": 0.0,
            "num_medications": 0.0,
            "diag_3": 0.0,
            "metformin": 0.0,
            "repaglinide": 0.0,
            "nateglinide": 0.0,
            "chlorpropamide": 0.0,
            "glimepiride": 0.0,
            "acetohexamide": 0.0,
            "glipizide": 0.0,
            "glyburide": 0.0,
            "tolbutamide": 0.0,
            "pioglitazone": 0.0,
            "rosiglitazone": 0.0,
            "acarbose": 0.0,
            "miglitol": 0.0,
            "troglitazone": 0.0,
            "tolazamide": 0.0,
            "insulin": 0.0,
            "glyburide-metformin": 0.0,
            "glipizide-metformin": 0.0,
            "glimepiride-pioglitazone": 0.0,
            "metformin-rosiglitazone": 0.0,
            "metformin-pioglitazone": 0.0,
            "change": 0.0,
            "diabetesMed": 0.0
        }
    },
    "XGBOOST": {
        "SHAP": {
            "diag_2": 20.29830579344009,
            "number_inpatient": -15.96520489103625,
            "discharge_disposition_id": -11.396589124527663,
            "diabetesMed": -9.879188797283188,
            "diag_1": -8.319167630147671,
            "num_lab_procedures": -5.267773185454717,
            "payer_code": -4.347222938064207,
            "num_procedures": -3.772052327443286,
            "num_medications": -3.5055638255888866,
            "number_emergency": -3.0931807811277165,
            "time_in_hospital": -2.52065909879368,
            "age": 1.7728873177173514,
            "diag_3": -1.6695495455102536,
            "admission_type_id": 1.2849892150610216,
            "metformin": 1.1123038321784777,
            "gender": 0.7962330738618536,
            "insulin": -0.6758338366099786,
            "medical_specialty": 0.6018752073982025,
            "number_diagnoses": 0.5780651370686527,
            "pioglitazone": 0.5353661736481341,
            "admission_source_id": 0.5289440515466167,
            "glimepiride": 0.5054012642004017,
            "glipizide": -0.45006615442045284,
            "race": 0.30507578656172685,
            "acarbose": 0.2303388009363921,
            "glyburide-metformin": 0.202104809713983,
            "rosiglitazone": 0.1355602360498949,
            "glyburide": 0.11072259974163866,
            "change": 0.08808547442342568,
            "number_outpatient": 0.03442346469751821,
            "repaglinide": -0.017265625746664653,
            "acetohexamide": 0.0,
            "nateglinide": 0.0,
            "chlorpropamide": 0.0,
            "tolazamide": 0.0,
            "troglitazone": 0.0,
            "miglitol": 0.0,
            "tolbutamide": 0.0,
            "glimepiride-pioglitazone": 0.0,
            "glipizide-metformin": 0.0,
            "metformin-pioglitazone": 0.0,
            "metformin-rosiglitazone": 0.0
        },
        "Lime": {
            "race": 0.0,
            "gender": 0.0,
            "age": 1.821510370317702,
            "admission_type_id": 0.0,
            "discharge_disposition_id": -5.059107753551386,
            "admission_source_id": 0.0,
            "time_in_hospital": -5.2646272138682875,
            "payer_code": 0.0,
            "medical_specialty": 0.0,
            "num_lab_procedures": -4.362241969424686,
            "num_procedures": -2.6663831221909238,
            "num_medications": 0.0,
            "number_outpatient": -1.9980381272988277,
            "number_emergency": -8.405904533308808,
            "number_inpatient": -20.814793381113287,
            "diag_1": -2.0275665547297295,
            "diag_2": 3.794985783010993,
            "diag_3": -3.6618553337621194,
            "number_diagnoses": 0.0,
            "metformin": 2.3057779067569695,
            "repaglinide": 0.0,
            "nateglinide": 1.64317229545629,
            "chlorpropamide": -3.353835488574694,
            "glimepiride": 5.140932713092785,
            "acetohexamide": 0.0,
            "glipizide": 0.0,
            "glyburide": 4.412860629548836,
            "tolbutamide": 7.206699944075202,
            "pioglitazone": 0.0,
            "rosiglitazone": -3.0527581006956943,
            "acarbose": 7.74837568207152,
            "miglitol": 0.0,
            "troglitazone": 0.0,
            "tolazamide": 0.0,
            "insulin": 0.0,
            "glyburide-metformin": 0.0,
            "glipizide-metformin": 0.0,
            "glimepiride-pioglitazone": 0.0,
            "metformin-rosiglitazone": 0.0,
            "metformin-pioglitazone": 0.0,
            "change": 2.204588320107033,
            "diabetesMed": -3.0539847770442288
        },
        "Inherent": {
            "race": 0.44911307096481323,
            "gender": 0.5874817967414856,
            "age": 1.3731486797332764,
            "admission_type_id": 1.1546844244003296,
            "discharge_disposition_id": -10.045827865600586,
            "admission_source_id": 0.16843348741531372,
            "time_in_hospital": -2.422360897064209,
            "payer_code": -4.353222846984863,
            "medical_specialty": 0.2673152685165405,
            "num_lab_procedures": -3.6463115215301514,
            "num_procedures": -3.749948740005493,
            "num_medications": -4.901640892028809,
            "number_outpatient": 0.015823911875486374,
            "number_emergency": -2.746293783187866,
            "number_inpatient": -19.2926025390625,
            "diag_1": -9.318198204040527,
            "diag_2": 18.436044692993164,
            "diag_3": -2.9937708377838135,
            "number_diagnoses": 1.7630822658538818,
            "metformin": 0.849165678024292,
            "repaglinide": -0.1447366327047348,
            "nateglinide": -0.007593848742544651,
            "chlorpropamide": 0.010693473741412163,
            "glimepiride": 0.2760009169578552,
            "acetohexamide": 0.0,
            "glipizide": -0.3466794192790985,
            "glyburide": 0.1628957986831665,
            "tolbutamide": 0.0,
            "pioglitazone": 0.5335648655891418,
            "rosiglitazone": -0.01565449871122837,
            "acarbose": 0.020063668489456177,
            "miglitol": 0.0,
            "troglitazone": 0.0,
            "tolazamide": 0.0,
            "insulin": -0.6860063672065735,
            "glyburide-metformin": 0.022813348099589348,
            "glipizide-metformin": 0.0,
            "glimepiride-pioglitazone": 0.0,
            "metformin-rosiglitazone": 0.0,
            "metformin-pioglitazone": 0.0,
            "change": 0.007872642017900944,
            "diabetesMed": -9.23095417022705
        }
    }
}