{
    "LogisticRegression": {
        "SHAP": {
            "number_inpatient": -20.735347178541225,
            "metformin": -13.85332416475169,
            "discharge_disposition_id": -9.006978552193447,
            "time_in_hospital": -7.992446023644541,
            "diabetesMed": 7.976421822686784,
            "glyburide": -6.7843231281887695,
            "change": 4.226120875238149,
            "num_medications": -3.9825352738783786,
            "number_diagnoses": 3.8229022361069322,
            "num_procedures": 3.8060263213791163,
            "number_emergency": -2.9214378986364298,
            "insulin": 2.1727705467815692,
            "glimepiride": 1.7608377487907323,
            "diag_1": 1.2985269959712884,
            "gender": -1.284216366760955,
            "age": -1.252719764800359,
            "glipizide": -1.2167555111046382,
            "admission_type_id": 1.1993758827368621,
            "payer_code": 1.1743571826531078,
            "diag_3": -0.6560349509534443,
            "pioglitazone": 0.5685752723812152,
            "rosiglitazone": 0.5538922358595794,
            "admission_source_id": -0.32241643059819247,
            "glyburide-metformin": 0.2482263965394551,
            "acarbose": 0.23804789946966268,
            "number_outpatient": 0.17134028401656742,
            "num_lab_procedures": -0.13121162570968395,
            "race": -0.12091046295997808,
            "medical_specialty": 0.11258528463683473,
            "glipizide-metformin": -0.09930580934256857,
            "diag_2": 0.06967471557438279,
            "chlorpropamide": -0.06612177376947964,
            "tolazamide": 0.03313634471805703,
            "tolbutamide": -0.029090662196896027,
            "troglitazone": -0.025996724109241604,
            "repaglinide": 0.017200783221594847,
            "miglitol": -0.017159419773706733,
            "metformin-rosiglitazone": -0.016881389941563456,
            "acetohexamide": -0.00954842510964476,
            "nateglinide": 0.008738172026101632,
            "glimepiride-pioglitazone": -0.00856838377445714,
            "metformin-pioglitazone": -0.007913078472708826
        },
        "Lime": {
            "race": -31.78997509085481,
            "gender": 0.0,
            "age": 0.0,
            "admission_type_id": 0.0,
            "discharge_disposition_id": -14.214236364443414,
            "admission_source_id": 0.0,
            "time_in_hospital": 0.0,
            "payer_code": 0.0,
            "medical_specialty": 0.0,
            "num_lab_procedures": 0.0,
            "num_procedures": 0.0,
            "num_medications": -10.332788763977279,
            "number_outpatient": 0.0,
            "number_emergency": -26.77028215548034,
            "number_inpatient": 0.0,
            "diag_1": 0.0,
            "diag_2": 0.0,
            "diag_3": 0.0,
            "number_diagnoses": 16.892717625244153,
            "metformin": 0.0,
            "repaglinide": 0.0,
            "nateglinide": 0.0,
            "chlorpropamide": 0.0,
            "glimepiride": 0.0,
            "acetohexamide": 0.0,
            "glipizide": 0.0,
            "glyburide": 0.0,
            "tolbutamide": 0.0,
            "pioglitazone": 0.0,
            "rosiglitazone": 0.0,
            "acarbose": 0.0,
            "miglitol": 0.0,
            "troglitazone": 0.0,
            "tolazamide": 0.0,
            "insulin": 0.0,
            "glyburide-metformin": 0.0,
            "glipizide-metformin": 0.0,
            "glimepiride-pioglitazone": 0.0,
            "metformin-rosiglitazone": 0.0,
            "metformin-pioglitazone": 0.0,
            "change": 0.0,
            "diabetesMed": 0.0
        },
        "Inherent": {
            "number_diagnoses": 6.286529838934774,
            "diabetesMed": 6.282727535069932,
            "change": 4.287585968309326,
            "num_procedures": 3.7081272822554205,
            "insulin": 2.4485873587442426,
            "admission_type_id": 1.2066610910516513,
            "glimepiride": 1.1453780865993919,
            "diag_1": 1.1269697383627675,
            "payer_code": 0.7643085840264214,
            "pioglitazone": 0.6797744344604865,
            "rosiglitazone": 0.44171636793856833,
            "number_outpatient": 0.21019953661337562,
            "diag_2": 0.1706532802383738,
            "glyburide-metformin": 0.11020725025605074,
            "medical_specialty": 0.09566345886746801,
            "tolazamide": 0.045012051282509534,
            "nateglinide": 0.024539221218648398,
            "chlorpropamide": -0.0,
            "glimepiride-pioglitazone": -0.0,
            "troglitazone": -0.0,
            "acarbose": -0.0,
            "miglitol": -0.0,
            "metformin-pioglitazone": -0.0,
            "glipizide-metformin": -0.0,
            "acetohexamide": -0.0,
            "repaglinide": 0.0,
            "metformin-rosiglitazone": -0.0,
            "tolbutamide": -0.0,
            "race": -0.11061157422870266,
            "num_lab_procedures": -0.1412900857914727,
            "age": -0.49946855569920084,
            "admission_source_id": -0.600760150373701,
            "diag_3": -0.704838749991366,
            "glipizide": -1.2179380516281753,
            "gender": -1.3611444219232174,
            "number_emergency": -2.7511616373910606,
            "num_medications": -3.3781803212220067,
            "time_in_hospital": -6.553854388514248,
            "glyburide": -6.665701402599035,
            "discharge_disposition_id": -9.53184385941602,
            "metformin": -14.08048876398511,
            "number_inpatient": -23.36807695300728
        }
    },
    "DecisionTree": {
        "SHAP": {
            "number_inpatient": -36.05480046020229,
            "discharge_disposition_id": -33.6795824804976,
            "diag_1": 15.232812874713392,
            "number_diagnoses": 9.609091172550707,
            "payer_code": -2.4792879013473783,
            "num_medications": -1.853006581815729,
            "medical_specialty": 0.8330087669772817,
            "admission_source_id": 0.2584097618956193,
            "gender": 0.0,
            "race": 0.0,
            "num_lab_procedures": 0.0,
            "time_in_hospital": 0.0,
            "admission_type_id": 0.0,
            "age": 0.0,
            "number_emergency": 0.0,
            "number_outpatient": 0.0,
            "diag_2": 0.0,
            "num_procedures": 0.0,
            "diag_3": 0.0,
            "metformin": 0.0,
            "repaglinide": 0.0,
            "nateglinide": 0.0,
            "chlorpropamide": 0.0,
            "glimepiride": 0.0,
            "acetohexamide": 0.0,
            "glipizide": 0.0,
            "glyburide": 0.0,
            "tolbutamide": 0.0,
            "pioglitazone": 0.0,
            "rosiglitazone": 0.0,
            "acarbose": 0.0,
            "miglitol": 0.0,
            "troglitazone": 0.0,
            "tolazamide": 0.0,
            "insulin": 0.0,
            "glyburide-metformin": 0.0,
            "glipizide-metformin": 0.0,
            "glimepiride-pioglitazone": 0.0,
            "metformin-rosiglitazone": 0.0,
            "metformin-pioglitazone": 0.0,
            "change": 0.0,
            "diabetesMed": 0.0
        },
        "Lime": {
            "race": 0.0,
            "gender": 0.0,
            "age": 0.0,
            "admission_type_id": 0.0,
            "discharge_disposition_id": -20.440862077644756,
            "admission_source_id": 0.0,
            "time_in_hospital": 0.0,
            "payer_code": -3.498812331753872,
            "medical_specialty": 0.0,
            "num_lab_procedures": 0.0,
            "num_procedures": 0.0,
            "num_medications": 0.0,
            "number_outpatient": 0.0,
            "number_emergency": -3.5257567578194546,
            "number_inpatient": -38.144544015589105,
            "diag_1": -5.776726114698523,
            "diag_2": 8.514073745259804,
            "diag_3": 0.0,
            "number_diagnoses": 0.0,
            "metformin": 0.0,
            "repaglinide": 0.0,
            "nateglinide": -5.105275985664801,
            "chlorpropamide": 0.0,
            "glimepiride": -3.1966676380608003,
            "acetohexamide": 0.0,
            "glipizide": 0.0,
            "glyburide": 5.571436136813933,
            "tolbutamide": 0.0,
            "pioglitazone": 6.225845196694959,
            "rosiglitazone": 0.0,
            "acarbose": 0.0,
            "miglitol": 0.0,
            "troglitazone": 0.0,
            "tolazamide": 0.0,
            "insulin": 0.0,
            "glyburide-metformin": 0.0,
            "glipizide-metformin": 0.0,
            "glimepiride-pioglitazone": 0.0,
            "metformin-rosiglitazone": 0.0,
            "metformin-pioglitazone": 0.0,
            "change": 0.0,
            "diabetesMed": 0.0
        },
        "Inherent": {
            "number_inpatient": -41.653027985739975,
            "discharge_disposition_id": -29.027678452630802,
            "number_diagnoses": 15.386633009188442,
            "diag_1": 13.932660552440781,
            "gender": 0.0,
            "admission_source_id": 0.0,
            "time_in_hospital": 0.0,
            "age": 0.0,
            "admission_type_id": 0.0,
            "race": 0.0,
            "num_lab_procedures": 0.0,
            "medical_specialty": 0.0,
            "payer_code": 0.0,
            "num_procedures": 0.0,
            "number_emergency": 0.0,
            "number_outpatient": 0.0,
            "diag_2": 0.0,
            "num_medications": 0.0,
            "diag_3": 0.0,
            "metformin": 0.0,
            "repaglinide": 0.0,
            "nateglinide": 0.0,
            "chlorpropamide": 0.0,
            "glimepiride": 0.0,
            "acetohexamide": 0.0,
            "glipizide": 0.0,
            "glyburide": 0.0,
            "tolbutamide": 0.0,
            "pioglitazone": 0.0,
            "rosiglitazone": 0.0,
            "acarbose": 0.0,
            "miglitol": 0.0,
            "troglitazone": 0.0,
            "tolazamide": 0.0,
            "insulin": 0.0,
            "glyburide-metformin": 0.0,
            "glipizide-metformin": 0.0,
            "glimepiride-pioglitazone": 0.0,
            "metformin-rosiglitazone": 0.0,
            "metformin-pioglitazone": 0.0,
            "change": 0.0,
            "diabetesMed": 0.0
        }
    },
    "XGBOOST": {
        "SHAP": {
            "number_inpatient": -17.693244563863974,
            "discharge_disposition_id": -17.073505545824645,
            "diag_1": 14.532977418974829,
            "diag_3": -9.275432712017698,
            "payer_code": -7.51625545355899,
            "metformin": -5.651853137310998,
            "diabetesMed": 4.047683317912081,
            "diag_2": 3.365320919973332,
            "num_medications": -2.749009297710082,
            "age": 2.5586396572343326,
            "number_emergency": -2.5154863031144457,
            "time_in_hospital": -1.9262260389779189,
            "gender": -1.5739446128660743,
            "number_diagnoses": 1.3704115315843015,
            "glimepiride": 0.9263843812865377,
            "glyburide": -0.8471817929984443,
            "insulin": -0.8411001454844398,
            "race": -0.8107582513735899,
            "num_lab_procedures": 0.7937070681652574,
            "pioglitazone": 0.6659135922131699,
            "medical_specialty": -0.48816502515919447,
            "number_outpatient": -0.4486978505659893,
            "admission_source_id": 0.39035772125653395,
            "acarbose": 0.3735169758063199,
            "num_procedures": 0.33503455040163604,
            "rosiglitazone": 0.26979486627317306,
            "glyburide-metformin": 0.2690490256022187,
            "change": -0.2630331671531291,
            "admission_type_id": 0.20794512705326662,
            "glipizide": -0.17676869177088322,
            "repaglinide": 0.042601256512512356,
            "acetohexamide": 0.0,
            "nateglinide": 0.0,
            "chlorpropamide": 0.0,
            "tolazamide": 0.0,
            "troglitazone": 0.0,
            "miglitol": 0.0,
            "tolbutamide": 0.0,
            "glimepiride-pioglitazone": 0.0,
            "glipizide-metformin": 0.0,
            "metformin-pioglitazone": 0.0,
            "metformin-rosiglitazone": 0.0
        },
        "Lime": {
            "race": 0.0,
            "gender": -2.4225849176403886,
            "age": 0.0,
            "admission_type_id": 0.0,
            "discharge_disposition_id": -8.627621131405634,
            "admission_source_id": 0.0,
            "time_in_hospital": 0.0,
            "payer_code": -2.5467036344400538,
            "medical_specialty": 0.0,
            "num_lab_procedures": 0.0,
            "num_procedures": 2.9137716495532864,
            "num_medications": 0.0,
            "number_outpatient": 0.0,
            "number_emergency": -5.937547501125043,
            "number_inpatient": -21.737425954642408,
            "diag_1": 9.624811421152533,
            "diag_2": 0.0,
            "diag_3": -2.2151871437468795,
            "number_diagnoses": 0.0,
            "metformin": -3.2212462288778747,
            "repaglinide": 0.0,
            "nateglinide": 0.0,
            "chlorpropamide": 0.0,
            "glimepiride": 8.235002543809312,
            "acetohexamide": 0.0,
            "glipizide": -3.9989263625244686,
            "glyburide": 8.441833840856347,
            "tolbutamide": 0.0,
            "pioglitazone": 5.6975584293815915,
            "rosiglitazone": 0.0,
            "acarbose": 3.774049231153058,
            "miglitol": 0.0,
            "troglitazone": 0.0,
            "tolazamide": 4.362687322398914,
            "insulin": 0.0,
            "glyburide-metformin": 0.0,
            "glipizide-metformin": 0.0,
            "glimepiride-pioglitazone": 0.0,
            "metformin-rosiglitazone": 0.0,
            "metformin-pioglitazone": 0.0,
            "change": 0.0,
            "diabetesMed": 6.243042687292219
        },
        "Inherent": {
            "race": -0.8670294880867004,
            "gender": -1.5562587976455688,
            "age": 2.1663806438446045,
            "admission_type_id": 0.24523642659187317,
            "discharge_disposition_id": -15.616544723510742,
            "admission_source_id": -0.13534791767597198,
            "time_in_hospital": -2.3309454917907715,
            "payer_code": -7.591569423675537,
            "medical_specialty": -0.7322795391082764,
            "num_lab_procedures": 0.5603547096252441,
            "num_procedures": 0.43452247977256775,
            "num_medications": -3.8701171875,
            "number_outpatient": -0.5939480662345886,
            "number_emergency": -2.496516466140747,
            "number_inpatient": -22.07781982421875,
            "diag_1": 11.14469051361084,
            "diag_2": 1.8974030017852783,
            "diag_3": -9.606069564819336,
            "number_diagnoses": 2.824518918991089,
            "metformin": -6.040526390075684,
            "repaglinide": 0.02413157746195793,
            "nateglinide": -0.01068971212953329,
            "chlorpropamide": 0.02064824476838112,
            "glimepiride": 0.5283324718475342,
            "acetohexamide": 0.0,
            "glipizide": 0.9891882538795471,
            "glyburide": -0.794974148273468,
            "tolbutamide": 0.0,
            "pioglitazone": 0.7620030641555786,
            "rosiglitazone": 0.12553732097148895,
            "acarbose": 0.049603044986724854,
            "miglitol": 0.0,
            "troglitazone": 0.0,
            "tolazamide": 0.0,
            "insulin": -1.009899377822876,
            "glyburide-metformin": 0.03276051580905914,
            "glipizide-metformin": 0.0,
            "glimepiride-pioglitazone": 0.0,
            "metformin-rosiglitazone": 0.0,
            "metformin-pioglitazone": 0.0,
            "change": 0.025072064250707626,
            "diabetesMed": 2.8390817642211914
        }
    }
}