{
    "LogisticRegression": {
        "SHAP": {
            "number_inpatient": -20.938488766019166,
            "age": 10.7989688636529,
            "number_diagnoses": 10.187117130766495,
            "num_medications": 8.959502934410159,
            "insulin": 8.108275721844262,
            "diabetesMed": 8.054565823725317,
            "change": 4.267523649740907,
            "metformin": 4.192105197417577,
            "diag_2": 4.040913323351656,
            "time_in_hospital": 3.308049998760407,
            "number_emergency": -2.9500588581668974,
            "payer_code": -2.6886267256791463,
            "glimepiride": 1.7780884546747704,
            "discharge_disposition_id": 1.4638129189451625,
            "gender": -1.2967976729316544,
            "admission_type_id": 1.2111260173598342,
            "admission_source_id": 0.8661099126134701,
            "glyburide": 0.6273841727598065,
            "num_procedures": 0.6037426361866669,
            "diag_1": -0.5858810486383463,
            "pioglitazone": 0.5741455327890927,
            "rosiglitazone": 0.5593186484060095,
            "diag_3": -0.44897001346245596,
            "glyburide-metformin": 0.25065823931559816,
            "acarbose": 0.24038002479062673,
            "number_outpatient": 0.17301888322179643,
            "num_lab_procedures": 0.13911002856936666,
            "race": -0.1220950075531741,
            "medical_specialty": 0.1136882685054362,
            "glipizide": 0.10848694353210264,
            "glipizide-metformin": -0.10027869586247734,
            "chlorpropamide": -0.06676956046794834,
            "tolazamide": 0.033460977318190616,
            "tolbutamide": -0.029375659754379786,
            "troglitazone": -0.026251410744546306,
            "repaglinide": 0.017369297130689885,
            "miglitol": -0.017327528450306977,
            "metformin-rosiglitazone": -0.017046774794878684,
            "acetohexamide": -0.00964196982910308,
            "nateglinide": 0.008823778798042959,
            "glimepiride-pioglitazone": -0.008652327152259116,
            "metformin-pioglitazone": -0.007990601906917206
        },
        "Lime": {
            "race": 0.0,
            "gender": 0.0,
            "age": 0.0,
            "admission_type_id": 11.068263683539731,
            "discharge_disposition_id": -14.98732544948577,
            "admission_source_id": 8.327992265754123,
            "time_in_hospital": 24.366308858925294,
            "payer_code": 0.0,
            "medical_specialty": 0.0,
            "num_lab_procedures": 0.0,
            "num_procedures": 0.0,
            "num_medications": 0.0,
            "number_outpatient": 0.0,
            "number_emergency": -25.958719752776577,
            "number_inpatient": -15.291389989518509,
            "diag_1": 0.0,
            "diag_2": 0.0,
            "diag_3": 0.0,
            "number_diagnoses": 0.0,
            "metformin": 0.0,
            "repaglinide": 0.0,
            "nateglinide": 0.0,
            "chlorpropamide": 0.0,
            "glimepiride": 0.0,
            "acetohexamide": 0.0,
            "glipizide": 0.0,
            "glyburide": 0.0,
            "tolbutamide": 0.0,
            "pioglitazone": 0.0,
            "rosiglitazone": 0.0,
            "acarbose": 0.0,
            "miglitol": 0.0,
            "troglitazone": 0.0,
            "tolazamide": 0.0,
            "insulin": 0.0,
            "glyburide-metformin": 0.0,
            "glipizide-metformin": 0.0,
            "glimepiride-pioglitazone": 0.0,
            "metformin-rosiglitazone": 0.0,
            "metformin-pioglitazone": 0.0,
            "change": 0.0,
            "diabetesMed": 0.0
        },
        "Inherent": {
            "number_diagnoses": 12.155315070005157,
            "age": 10.986567953108404,
            "num_medications": 9.04820908640158,
            "insulin": 8.015776118009022,
            "diabetesMed": 6.134119995432796,
            "time_in_hospital": 4.42371807546055,
            "change": 4.186170206098327,
            "diag_2": 3.9430747054896416,
            "metformin": 3.544936859732857,
            "admission_type_id": 1.1781195165657141,
            "glimepiride": 1.118286060333139,
            "discharge_disposition_id": 0.7364764190921792,
            "pioglitazone": 0.6636954933239323,
            "glyburide": 0.604571580495912,
            "admission_source_id": 0.5468801023439145,
            "num_procedures": 0.5392111405371394,
            "rosiglitazone": 0.43126829705050435,
            "number_outpatient": 0.20522761386252983,
            "num_lab_procedures": 0.12038167724343328,
            "glyburide-metformin": 0.10760047983360184,
            "medical_specialty": 0.09340069780133586,
            "glipizide": 0.08266677331833143,
            "tolazamide": 0.04394736557749116,
            "nateglinide": 0.023958786483963677,
            "acarbose": -0.0,
            "troglitazone": -0.0,
            "glimepiride-pioglitazone": -0.0,
            "glipizide-metformin": -0.0,
            "metformin-pioglitazone": -0.0,
            "miglitol": -0.0,
            "acetohexamide": -0.0,
            "chlorpropamide": -0.0,
            "repaglinide": 0.0,
            "tolbutamide": -0.0,
            "metformin-rosiglitazone": -0.0,
            "race": -0.10799524019069716,
            "diag_3": -0.4851113445078703,
            "diag_1": -0.7040764660711536,
            "gender": -1.3289487994799838,
            "number_emergency": -2.6860874542763846,
            "payer_code": -2.9388569208888002,
            "number_inpatient": -22.81534370098364
        }
    },
    "DecisionTree": {
        "SHAP": {
            "discharge_disposition_id": 56.24494272541526,
            "number_inpatient": -22.974451531648267,
            "payer_code": -13.9051976691594,
            "diag_1": -2.7124395305372953,
            "number_diagnoses": 1.988084397992088,
            "num_medications": 1.225031950193032,
            "medical_specialty": 0.7249603931777147,
            "admission_source_id": 0.22489180187693866,
            "gender": 0.0,
            "race": 0.0,
            "num_lab_procedures": 0.0,
            "time_in_hospital": 0.0,
            "admission_type_id": 0.0,
            "age": 0.0,
            "number_emergency": 0.0,
            "number_outpatient": 0.0,
            "diag_2": 0.0,
            "num_procedures": 0.0,
            "diag_3": 0.0,
            "metformin": 0.0,
            "repaglinide": 0.0,
            "nateglinide": 0.0,
            "chlorpropamide": 0.0,
            "glimepiride": 0.0,
            "acetohexamide": 0.0,
            "glipizide": 0.0,
            "glyburide": 0.0,
            "tolbutamide": 0.0,
            "pioglitazone": 0.0,
            "rosiglitazone": 0.0,
            "acarbose": 0.0,
            "miglitol": 0.0,
            "troglitazone": 0.0,
            "tolazamide": 0.0,
            "insulin": 0.0,
            "glyburide-metformin": 0.0,
            "glipizide-metformin": 0.0,
            "glimepiride-pioglitazone": 0.0,
            "metformin-rosiglitazone": 0.0,
            "metformin-pioglitazone": 0.0,
            "change": 0.0,
            "diabetesMed": 0.0
        },
        "Lime": {
            "race": 0.0,
            "gender": 0.0,
            "age": 0.0,
            "admission_type_id": 0.0,
            "discharge_disposition_id": 27.319706603764725,
            "admission_source_id": 0.0,
            "time_in_hospital": 0.0,
            "payer_code": -4.061667100303213,
            "medical_specialty": 0.0,
            "num_lab_procedures": 0.0,
            "num_procedures": 0.0,
            "num_medications": 2.232736368238869,
            "number_outpatient": 3.5276604153922224,
            "number_emergency": 0.0,
            "number_inpatient": -33.21432556724842,
            "diag_1": 2.7541755012599367,
            "diag_2": 0.0,
            "diag_3": 0.0,
            "number_diagnoses": 4.100879225285941,
            "metformin": 0.0,
            "repaglinide": 3.538391813332243,
            "nateglinide": -2.5574205161523254,
            "chlorpropamide": 0.0,
            "glimepiride": 0.0,
            "acetohexamide": 0.0,
            "glipizide": 0.0,
            "glyburide": 7.220093933347778,
            "tolbutamide": 0.0,
            "pioglitazone": 0.0,
            "rosiglitazone": 0.0,
            "acarbose": -3.287612010507396,
            "miglitol": 0.0,
            "troglitazone": 0.0,
            "tolazamide": -6.185330945166923,
            "insulin": 0.0,
            "glyburide-metformin": 0.0,
            "glipizide-metformin": 0.0,
            "glimepiride-pioglitazone": 0.0,
            "metformin-rosiglitazone": 0.0,
            "metformin-pioglitazone": 0.0,
            "change": 0.0,
            "diabetesMed": 0.0
        },
        "Inherent": {
            "discharge_disposition_id": 55.085362477113875,
            "number_inpatient": -23.921606384478753,
            "payer_code": -20.993031138407375,
            "gender": 0.0,
            "admission_type_id": 0.0,
            "race": 0.0,
            "admission_source_id": 0.0,
            "time_in_hospital": 0.0,
            "medical_specialty": 0.0,
            "age": 0.0,
            "num_lab_procedures": 0.0,
            "num_procedures": 0.0,
            "number_outpatient": 0.0,
            "num_medications": 0.0,
            "number_emergency": 0.0,
            "diag_1": 0.0,
            "diag_2": 0.0,
            "diag_3": 0.0,
            "number_diagnoses": 0.0,
            "metformin": 0.0,
            "repaglinide": 0.0,
            "nateglinide": 0.0,
            "chlorpropamide": 0.0,
            "glimepiride": 0.0,
            "acetohexamide": 0.0,
            "glipizide": 0.0,
            "glyburide": 0.0,
            "tolbutamide": 0.0,
            "pioglitazone": 0.0,
            "rosiglitazone": 0.0,
            "acarbose": 0.0,
            "miglitol": 0.0,
            "troglitazone": 0.0,
            "tolazamide": 0.0,
            "insulin": 0.0,
            "glyburide-metformin": 0.0,
            "glipizide-metformin": 0.0,
            "glimepiride-pioglitazone": 0.0,
            "metformin-rosiglitazone": 0.0,
            "metformin-pioglitazone": 0.0,
            "change": 0.0,
            "diabetesMed": 0.0
        }
    },
    "XGBOOST": {
        "SHAP": {
            "discharge_disposition_id": 18.716293032781685,
            "number_inpatient": -13.921372376712743,
            "num_medications": -13.405975747782062,
            "diag_1": -6.334948984488024,
            "insulin": 5.996371710392205,
            "payer_code": -4.86400970979762,
            "diag_3": -4.405846147666977,
            "diabetesMed": 4.381826604310896,
            "num_lab_procedures": 4.01969875217869,
            "age": 3.648763031076264,
            "admission_source_id": -3.476201701678905,
            "diag_2": 3.054970952122886,
            "number_emergency": -2.5011789601949674,
            "time_in_hospital": 1.5793888164827845,
            "metformin": 1.2601804699341868,
            "race": -1.1741275170313943,
            "admission_type_id": 0.9720569482843935,
            "medical_specialty": 0.969676999875446,
            "glyburide": 0.9666300719705971,
            "glimepiride": 0.7873009580160736,
            "acarbose": 0.5673957840112527,
            "pioglitazone": 0.5341740934514111,
            "number_outpatient": -0.4791952374758091,
            "num_procedures": 0.4511104789776239,
            "rosiglitazone": 0.37667179841096293,
            "gender": 0.3751967297895783,
            "glyburide-metformin": 0.3389898546452311,
            "change": -0.22638230293282696,
            "glipizide": -0.12501867618855475,
            "number_diagnoses": -0.05513545142876822,
            "repaglinide": 0.033910099909173645,
            "acetohexamide": 0.0,
            "nateglinide": 0.0,
            "chlorpropamide": 0.0,
            "tolazamide": 0.0,
            "troglitazone": 0.0,
            "miglitol": 0.0,
            "tolbutamide": 0.0,
            "glimepiride-pioglitazone": 0.0,
            "glipizide-metformin": 0.0,
            "metformin-pioglitazone": 0.0,
            "metformin-rosiglitazone": 0.0
        },
        "Lime": {
            "race": 0.0,
            "gender": 0.0,
            "age": 3.0409415637402777,
            "admission_type_id": 0.0,
            "discharge_disposition_id": 15.156419186978558,
            "admission_source_id": -2.6065868238469982,
            "time_in_hospital": 3.5210318938081726,
            "payer_code": 0.0,
            "medical_specialty": 0.0,
            "num_lab_procedures": 0.0,
            "num_procedures": -1.9216733409517073,
            "num_medications": 0.0,
            "number_outpatient": 0.0,
            "number_emergency": -5.923140064199204,
            "number_inpatient": -19.194179028175228,
            "diag_1": 0.0,
            "diag_2": -1.4485238940491925,
            "diag_3": 0.0,
            "number_diagnoses": 0.0,
            "metformin": 4.473423234724247,
            "repaglinide": -2.29505356496471,
            "nateglinide": -1.6989878743586355,
            "chlorpropamide": 9.420715656832824,
            "glimepiride": 3.312361937726226,
            "acetohexamide": 0.0,
            "glipizide": 0.0,
            "glyburide": 4.657511102352167,
            "tolbutamide": 0.0,
            "pioglitazone": 2.7655389151276193,
            "rosiglitazone": 1.547498042617815,
            "acarbose": 7.277318217475378,
            "miglitol": 0.0,
            "troglitazone": 1.336176600550323,
            "tolazamide": 0.0,
            "insulin": 2.5756211611177813,
            "glyburide-metformin": 0.0,
            "glipizide-metformin": 0.0,
            "glimepiride-pioglitazone": 0.0,
            "metformin-rosiglitazone": 0.0,
            "metformin-pioglitazone": 0.0,
            "change": 0.0,
            "diabetesMed": 5.827297896402932
        },
        "Inherent": {
            "race": -0.7638347148895264,
            "gender": 0.02099595218896866,
            "age": 2.5657436847686768,
            "admission_type_id": 1.0229390859603882,
            "discharge_disposition_id": 17.57306480407715,
            "admission_source_id": -3.227588653564453,
            "time_in_hospital": 0.8691633343696594,
            "payer_code": -5.331944465637207,
            "medical_specialty": 0.6009302139282227,
            "num_lab_procedures": 2.9294254779815674,
            "num_procedures": 0.5812175869941711,
            "num_medications": -13.602775573730469,
            "number_outpatient": -0.635238528251648,
            "number_emergency": -2.104510545730591,
            "number_inpatient": -17.181612014770508,
            "diag_1": -8.479133605957031,
            "diag_2": 3.9229743480682373,
            "diag_3": -5.775102615356445,
            "number_diagnoses": 0.5593940615653992,
            "metformin": 1.0040984153747559,
            "repaglinide": 0.012571917846798897,
            "nateglinide": -0.016542920842766762,
            "chlorpropamide": 0.017544884234666824,
            "glimepiride": 0.4121261537075043,
            "acetohexamide": 0.0,
            "glipizide": -0.17249858379364014,
            "glyburide": 0.582449734210968,
            "tolbutamide": 0.0,
            "pioglitazone": 0.5661301612854004,
            "rosiglitazone": 0.1582147628068924,
            "acarbose": 0.09315220266580582,
            "miglitol": 0.0,
            "troglitazone": 0.0,
            "tolazamide": 0.0,
            "insulin": 5.953679084777832,
            "glyburide-metformin": 0.052772585302591324,
            "glipizide-metformin": 0.0,
            "glimepiride-pioglitazone": 0.0,
            "metformin-rosiglitazone": 0.0,
            "metformin-pioglitazone": 0.0,
            "change": -0.18999813497066498,
            "diabetesMed": 3.020631790161133
        }
    }
}