{
    "LogisticRegression": {
        "SHAP": {
            "discharge_disposition_id": 29.591868979937967,
            "number_inpatient": -12.211620712500123,
            "time_in_hospital": 10.224643996352059,
            "age": 9.816046152806042,
            "number_diagnoses": 5.9412697804925765,
            "glyburide": 4.727274464838866,
            "diabetesMed": 4.697535908266021,
            "num_medications": -3.0664476381209225,
            "payer_code": 2.9512678592918986,
            "change": 2.488879726450669,
            "metformin": 2.444894625864473,
            "diag_1": 2.12822113624259,
            "number_emergency": -1.720515757276137,
            "diag_2": -1.4680640866074741,
            "insulin": 1.279604801604035,
            "glimepiride": 1.037006158582089,
            "gender": 1.0346725358988325,
            "admission_type_id": 0.706345702610656,
            "diag_3": 0.5369077213837542,
            "num_procedures": 0.35211118450160356,
            "pioglitazone": 0.33484973813273367,
            "rosiglitazone": 0.3262024909289076,
            "admission_source_id": -0.18987997297763295,
            "glyburide-metformin": 0.14618740546131206,
            "acarbose": 0.14019300640112986,
            "number_outpatient": 0.10090704260537822,
            "glipizide": 0.0632711090793936,
            "glipizide-metformin": -0.05848394376026133,
            "num_lab_procedures": -0.04559314625805845,
            "chlorpropamide": -0.038940945389438666,
            "race": 0.021087303214405904,
            "tolazamide": 0.01951491190436085,
            "tolbutamide": -0.01713229732616187,
            "troglitazone": -0.015310191426073835,
            "repaglinide": 0.010130018024363249,
            "miglitol": -0.010105657943356569,
            "metformin-rosiglitazone": -0.009941918468552528,
            "medical_specialty": 0.0065940971700228146,
            "acetohexamide": -0.005623332218009065,
            "nateglinide": 0.005146151717862818,
            "glimepiride-pioglitazone": -0.005046158710141838,
            "metformin-pioglitazone": -0.004660231253661998
        },
        "Lime": {
            "race": 0.0,
            "gender": 0.0,
            "age": 0.0,
            "admission_type_id": 0.0,
            "discharge_disposition_id": 48.361679212248774,
            "admission_source_id": 0.0,
            "time_in_hospital": 29.513988083588096,
            "payer_code": 0.0,
            "medical_specialty": 0.0,
            "num_lab_procedures": 0.0,
            "num_procedures": 0.0,
            "num_medications": 0.0,
            "number_outpatient": 0.0,
            "number_emergency": -22.124332704163137,
            "number_inpatient": 0.0,
            "diag_1": 0.0,
            "diag_2": 0.0,
            "diag_3": 0.0,
            "number_diagnoses": 0.0,
            "metformin": 0.0,
            "repaglinide": 0.0,
            "nateglinide": 0.0,
            "chlorpropamide": 0.0,
            "glimepiride": 0.0,
            "acetohexamide": 0.0,
            "glipizide": 0.0,
            "glyburide": 0.0,
            "tolbutamide": 0.0,
            "pioglitazone": 0.0,
            "rosiglitazone": 0.0,
            "acarbose": 0.0,
            "miglitol": 0.0,
            "troglitazone": 0.0,
            "tolazamide": 0.0,
            "insulin": 0.0,
            "glyburide-metformin": 0.0,
            "glipizide-metformin": 0.0,
            "glimepiride-pioglitazone": 0.0,
            "metformin-rosiglitazone": 0.0,
            "metformin-pioglitazone": 0.0,
            "change": 0.0,
            "diabetesMed": 0.0
        },
        "Inherent": {
            "discharge_disposition_id": 28.684376426078018,
            "time_in_hospital": 10.817334597366102,
            "age": 10.077237140884815,
            "number_diagnoses": 7.3244643921733505,
            "glyburide": 4.650163171051518,
            "diabetesMed": 3.6962549489757497,
            "payer_code": 2.6701919838851955,
            "change": 2.5224730447181374,
            "metformin": 2.136083158032457,
            "diag_1": 2.0028949417544593,
            "insulin": 1.4405531820754225,
            "gender": 0.9591863867719032,
            "admission_type_id": 0.7099029847530225,
            "glimepiride": 0.6738489608867392,
            "diag_3": 0.4926091610211871,
            "pioglitazone": 0.3999249694557696,
            "num_procedures": 0.3249140623654589,
            "rosiglitazone": 0.2598706217837526,
            "number_outpatient": 0.1236646143164238,
            "glyburide-metformin": 0.06483714149596691,
            "glipizide": 0.04981276372507287,
            "tolazamide": 0.026481494922041725,
            "race": 0.02562186939520325,
            "nateglinide": 0.014436917304966383,
            "acarbose": -0.0,
            "troglitazone": -0.0,
            "glimepiride-pioglitazone": -0.0,
            "glipizide-metformin": -0.0,
            "metformin-pioglitazone": -0.0,
            "miglitol": -0.0,
            "acetohexamide": -0.0,
            "chlorpropamide": -0.0,
            "repaglinide": 0.0,
            "tolbutamide": -0.0,
            "metformin-rosiglitazone": -0.0,
            "medical_specialty": -0.0023959653270241607,
            "num_lab_procedures": -0.051991289817208075,
            "admission_source_id": -0.3534392772201432,
            "diag_2": -1.3825709907847206,
            "number_emergency": -1.618563714704484,
            "num_medications": -2.695990244139365,
            "number_inpatient": -13.747909582814321
        }
    },
    "DecisionTree": {
        "SHAP": {
            "discharge_disposition_id": -47.59452385332922,
            "number_inpatient": -34.7721592450409,
            "payer_code": 7.173489029960059,
            "diag_1": 5.4936144042814465,
            "number_diagnoses": 3.2924805535403916,
            "num_medications": -1.0115371481037692,
            "medical_specialty": -0.4519124588360906,
            "admission_source_id": 0.21028330690812555,
            "gender": 0.0,
            "race": 0.0,
            "num_lab_procedures": 0.0,
            "time_in_hospital": 0.0,
            "admission_type_id": 0.0,
            "age": 0.0,
            "number_emergency": 0.0,
            "number_outpatient": 0.0,
            "diag_2": 0.0,
            "num_procedures": 0.0,
            "diag_3": 0.0,
            "metformin": 0.0,
            "repaglinide": 0.0,
            "nateglinide": 0.0,
            "chlorpropamide": 0.0,
            "glimepiride": 0.0,
            "acetohexamide": 0.0,
            "glipizide": 0.0,
            "glyburide": 0.0,
            "tolbutamide": 0.0,
            "pioglitazone": 0.0,
            "rosiglitazone": 0.0,
            "acarbose": 0.0,
            "miglitol": 0.0,
            "troglitazone": 0.0,
            "tolazamide": 0.0,
            "insulin": 0.0,
            "glyburide-metformin": 0.0,
            "glipizide-metformin": 0.0,
            "glimepiride-pioglitazone": 0.0,
            "metformin-rosiglitazone": 0.0,
            "metformin-pioglitazone": 0.0,
            "change": 0.0,
            "diabetesMed": 0.0
        },
        "Lime": {
            "race": 2.531622656933927,
            "gender": 0.0,
            "age": -3.1852307152925157,
            "admission_type_id": 0.0,
            "discharge_disposition_id": 2.645803094011993,
            "admission_source_id": 0.0,
            "time_in_hospital": 0.0,
            "payer_code": 4.2887029974657365,
            "medical_specialty": 0.0,
            "num_lab_procedures": 0.0,
            "num_procedures": 0.0,
            "num_medications": 0.0,
            "number_outpatient": 0.0,
            "number_emergency": 0.0,
            "number_inpatient": -35.13297541357324,
            "diag_1": 3.7707832378971546,
            "diag_2": -2.5780297706003807,
            "diag_3": -4.473201502396505,
            "number_diagnoses": 0.0,
            "metformin": -3.407242799642416,
            "repaglinide": -8.894315230513898,
            "nateglinide": -2.665961209349368,
            "chlorpropamide": 2.332503356216168,
            "glimepiride": 2.576528001787295,
            "acetohexamide": 0.0,
            "glipizide": 0.0,
            "glyburide": -6.373956835683704,
            "tolbutamide": 11.343487372994929,
            "pioglitazone": 0.0,
            "rosiglitazone": 0.0,
            "acarbose": 0.0,
            "miglitol": 0.0,
            "troglitazone": 0.0,
            "tolazamide": 3.7996558056407617,
            "insulin": 0.0,
            "glyburide-metformin": 0.0,
            "glipizide-metformin": 0.0,
            "glimepiride-pioglitazone": 0.0,
            "metformin-rosiglitazone": 0.0,
            "metformin-pioglitazone": 0.0,
            "change": 0.0,
            "diabetesMed": 0.0
        },
        "Inherent": {
            "discharge_disposition_id": -53.630243217373994,
            "number_inpatient": -46.369756782626006,
            "gender": 0.0,
            "age": 0.0,
            "admission_type_id": 0.0,
            "admission_source_id": 0.0,
            "time_in_hospital": 0.0,
            "payer_code": 0.0,
            "medical_specialty": 0.0,
            "race": 0.0,
            "num_lab_procedures": 0.0,
            "num_procedures": 0.0,
            "number_outpatient": 0.0,
            "num_medications": 0.0,
            "number_emergency": 0.0,
            "diag_1": 0.0,
            "diag_2": 0.0,
            "diag_3": 0.0,
            "number_diagnoses": 0.0,
            "metformin": 0.0,
            "repaglinide": 0.0,
            "nateglinide": 0.0,
            "chlorpropamide": 0.0,
            "glimepiride": 0.0,
            "acetohexamide": 0.0,
            "glipizide": 0.0,
            "glyburide": 0.0,
            "tolbutamide": 0.0,
            "pioglitazone": 0.0,
            "rosiglitazone": 0.0,
            "acarbose": 0.0,
            "miglitol": 0.0,
            "troglitazone": 0.0,
            "tolazamide": 0.0,
            "insulin": 0.0,
            "glyburide-metformin": 0.0,
            "glipizide-metformin": 0.0,
            "glimepiride-pioglitazone": 0.0,
            "metformin-rosiglitazone": 0.0,
            "metformin-pioglitazone": 0.0,
            "change": 0.0,
            "diabetesMed": 0.0
        }
    },
    "XGBOOST": {
        "SHAP": {
            "discharge_disposition_id": 17.827696367471262,
            "time_in_hospital": -15.709556616043042,
            "number_inpatient": -12.351841883106978,
            "glyburide": -11.410523495312807,
            "num_medications": -4.650139117117841,
            "age": -4.541117068354654,
            "medical_specialty": 4.09661277394076,
            "diabetesMed": 4.036928069161621,
            "payer_code": 4.025698094606289,
            "diag_1": 4.010176676309197,
            "diag_3": 3.263413272886167,
            "gender": 2.346335480240589,
            "diag_2": 2.090224437904632,
            "num_procedures": 1.6117347031261215,
            "insulin": -1.314983757171559,
            "metformin": 0.9677079090559424,
            "number_diagnoses": 0.7898094761197731,
            "glimepiride": 0.7747061557382295,
            "number_emergency": -0.6494350121881133,
            "num_lab_procedures": 0.45725952123341845,
            "glipizide": -0.4423968704162529,
            "pioglitazone": 0.4322037391811644,
            "rosiglitazone": 0.40455892149299677,
            "change": -0.38526781902345486,
            "acarbose": 0.3166044929899522,
            "admission_type_id": 0.30342084626249277,
            "admission_source_id": 0.25396442654103124,
            "glyburide-metformin": 0.2506644356566647,
            "race": 0.23943487785475664,
            "number_outpatient": 0.03251979057083861,
            "repaglinide": 0.013063892921409366,
            "acetohexamide": 0.0,
            "nateglinide": 0.0,
            "chlorpropamide": 0.0,
            "tolazamide": 0.0,
            "troglitazone": 0.0,
            "miglitol": 0.0,
            "tolbutamide": 0.0,
            "glimepiride-pioglitazone": 0.0,
            "glipizide-metformin": 0.0,
            "metformin-pioglitazone": 0.0,
            "metformin-rosiglitazone": 0.0
        },
        "Lime": {
            "race": 0.0,
            "gender": 1.781081462388092,
            "age": 0.0,
            "admission_type_id": 0.0,
            "discharge_disposition_id": -5.906229231786559,
            "admission_source_id": 0.0,
            "time_in_hospital": 0.0,
            "payer_code": 3.978507325864738,
            "medical_specialty": 0.0,
            "num_lab_procedures": 2.1793056208891493,
            "num_procedures": 0.0,
            "num_medications": 0.0,
            "number_outpatient": 0.0,
            "number_emergency": -6.344344915191666,
            "number_inpatient": -17.02193017752314,
            "diag_1": 2.1588100952168774,
            "diag_2": 5.7684936209170825,
            "diag_3": 0.0,
            "number_diagnoses": 0.0,
            "metformin": 2.1814536645292333,
            "repaglinide": 6.163289862734775,
            "nateglinide": 11.092897651355564,
            "chlorpropamide": -9.452677649995106,
            "glimepiride": 3.8908316047175804,
            "acetohexamide": 0.0,
            "glipizide": -2.018297427175581,
            "glyburide": 2.787442565653202,
            "tolbutamide": 2.5846047465290694,
            "pioglitazone": 0.0,
            "rosiglitazone": 4.829495912795598,
            "acarbose": 2.6310622460485655,
            "miglitol": 0.0,
            "troglitazone": 0.0,
            "tolazamide": 0.0,
            "insulin": -2.554680329911073,
            "glyburide-metformin": 0.0,
            "glipizide-metformin": 0.0,
            "glimepiride-pioglitazone": 0.0,
            "metformin-rosiglitazone": 0.0,
            "metformin-pioglitazone": 0.0,
            "change": 0.0,
            "diabetesMed": 4.674563888777353
        },
        "Inherent": {
            "race": 0.31833332777023315,
            "gender": 2.1261954307556152,
            "age": -5.454519271850586,
            "admission_type_id": 0.48301246762275696,
            "discharge_disposition_id": 17.878822326660156,
            "admission_source_id": -0.32659435272216797,
            "time_in_hospital": -13.641569137573242,
            "payer_code": 3.1757571697235107,
            "medical_specialty": 3.347461700439453,
            "num_lab_procedures": -0.0913740023970604,
            "num_procedures": 1.5387990474700928,
            "num_medications": -8.9054536819458,
            "number_outpatient": -0.1148224025964737,
            "number_emergency": -1.078652024269104,
            "number_inpatient": -17.03872299194336,
            "diag_1": 2.1642608642578125,
            "diag_2": 2.0243725776672363,
            "diag_3": 1.3838846683502197,
            "number_diagnoses": 1.8230408430099487,
            "metformin": 0.7480515837669373,
            "repaglinide": 0.004962819628417492,
            "nateglinide": -0.0012737292563542724,
            "chlorpropamide": 0.015840454027056694,
            "glimepiride": 0.3904988467693329,
            "acetohexamide": 0.0,
            "glipizide": -0.38066983222961426,
            "glyburide": -9.711236000061035,
            "tolbutamide": 0.0,
            "pioglitazone": 0.48742958903312683,
            "rosiglitazone": 0.26760831475257874,
            "acarbose": 0.04071056470274925,
            "miglitol": 0.0,
            "troglitazone": 0.0,
            "tolazamide": 0.0,
            "insulin": -1.544204831123352,
            "glyburide-metformin": 0.03173110634088516,
            "glipizide-metformin": 0.0,
            "glimepiride-pioglitazone": 0.0,
            "metformin-rosiglitazone": 0.0,
            "metformin-pioglitazone": 0.0,
            "change": -0.3316363990306854,
            "diabetesMed": 3.1285006999969482
        }
    }
}