{
    "LogisticRegression": {
        "SHAP": {
            "number_inpatient": -22.51398026221362,
            "number_diagnoses": 10.953634551847353,
            "payer_code": -10.181464598337483,
            "diabetesMed": 8.660621977186214,
            "age": 5.125674493727184,
            "change": 4.588628352907782,
            "metformin": 4.507535129514804,
            "diag_1": -4.421251120947241,
            "num_procedures": 4.132498999856309,
            "insulin": -4.000081033817881,
            "number_emergency": -3.172032501835868,
            "time_in_hospital": -2.560530221256446,
            "num_lab_procedures": -2.478817635779593,
            "num_medications": -2.3301772924595667,
            "discharge_disposition_id": -2.210555363577281,
            "glimepiride": 1.9118785897282584,
            "gender": -1.3943736598531316,
            "glyburide": 0.6745909430322722,
            "pioglitazone": 0.6173464253938759,
            "diag_2": -0.611916442385022,
            "glipizide": -0.6022381223988742,
            "rosiglitazone": 0.601403909862736,
            "admission_source_id": -0.3500726123463803,
            "glyburide-metformin": 0.2695187181641813,
            "acarbose": 0.25846713170386587,
            "number_outpatient": 0.18603748175787535,
            "admission_type_id": -0.161341490822325,
            "glipizide-metformin": -0.10782404616670753,
            "diag_3": 0.07597837183954004,
            "chlorpropamide": -0.071793556034076,
            "medical_specialty": 0.03967856736683374,
            "race": 0.03887765101207844,
            "tolazamide": 0.03597870845954784,
            "tolbutamide": -0.031585996071164794,
            "troglitazone": -0.02822666668843569,
            "repaglinide": 0.018676229079316823,
            "miglitol": -0.01863131756463074,
            "metformin-rosiglitazone": -0.018329438936832393,
            "acetohexamide": -0.01036746829473105,
            "nateglinide": 0.009487713459993285,
            "glimepiride-pioglitazone": -0.009303361140576331,
            "metformin-pioglitazone": -0.0085918451721071
        },
        "Lime": {
            "race": -33.2113969487485,
            "gender": 0.0,
            "age": 0.0,
            "admission_type_id": 0.0,
            "discharge_disposition_id": -19.25799431301382,
            "admission_source_id": 0.0,
            "time_in_hospital": 0.0,
            "payer_code": 0.0,
            "medical_specialty": 0.0,
            "num_lab_procedures": 0.0,
            "num_procedures": 16.6403216124814,
            "num_medications": 0.0,
            "number_outpatient": 0.0,
            "number_emergency": -30.89028712575627,
            "number_inpatient": 0.0,
            "diag_1": 0.0,
            "diag_2": 0.0,
            "diag_3": 0.0,
            "number_diagnoses": 0.0,
            "metformin": 0.0,
            "repaglinide": 0.0,
            "nateglinide": 0.0,
            "chlorpropamide": 0.0,
            "glimepiride": 0.0,
            "acetohexamide": 0.0,
            "glipizide": 0.0,
            "glyburide": 0.0,
            "tolbutamide": 0.0,
            "pioglitazone": 0.0,
            "rosiglitazone": 0.0,
            "acarbose": 0.0,
            "miglitol": 0.0,
            "troglitazone": 0.0,
            "tolazamide": 0.0,
            "insulin": 0.0,
            "glyburide-metformin": 0.0,
            "glipizide-metformin": 0.0,
            "glimepiride-pioglitazone": 0.0,
            "metformin-rosiglitazone": 0.0,
            "metformin-pioglitazone": 0.0,
            "change": 0.0,
            "diabetesMed": 0.0
        },
        "Inherent": {
            "number_diagnoses": 13.400651075503648,
            "diabetesMed": 6.762572688626331,
            "age": 5.78727394917086,
            "change": 4.615051601008732,
            "num_procedures": 3.991336588281887,
            "metformin": 3.9081226334638717,
            "glimepiride": 1.232856673053532,
            "pioglitazone": 0.7316924057662048,
            "glyburide": 0.6665111314459778,
            "rosiglitazone": 0.47545258476776076,
            "number_outpatient": 0.22625358771788628,
            "glyburide-metformin": 0.11862436123642603,
            "tolazamide": 0.048449859867870045,
            "race": 0.046877111182919415,
            "nateglinide": 0.026413411418380776,
            "medical_specialty": 0.02245474862287854,
            "diag_3": 0.010052538789855847,
            "chlorpropamide": -0.0,
            "troglitazone": -0.0,
            "miglitol": -0.0,
            "acarbose": -0.0,
            "glipizide-metformin": -0.0,
            "metformin-pioglitazone": -0.0,
            "glimepiride-pioglitazone": -0.0,
            "acetohexamide": -0.0,
            "repaglinide": 0.0,
            "metformin-rosiglitazone": -0.0,
            "tolbutamide": -0.0,
            "admission_type_id": -0.12845474356150868,
            "diag_2": -0.4868172616383314,
            "glipizide": -0.6099111396664701,
            "admission_source_id": -0.6466433826159894,
            "time_in_hospital": -1.0887351083341943,
            "gender": -1.465102225361993,
            "num_medications": -1.6917032906238263,
            "num_lab_procedures": -2.430450557121008,
            "discharge_disposition_id": -2.8786604869729406,
            "number_emergency": -2.9612824123225643,
            "insulin": -3.56581032331403,
            "diag_1": -4.473407743380572,
            "payer_code": -10.349553708338465,
            "number_inpatient": -25.15282066682308
        }
    },
    "DecisionTree": {
        "SHAP": {
            "discharge_disposition_id": 56.99764337147197,
            "number_inpatient": -21.105258892470253,
            "payer_code": -13.355383535007043,
            "diag_1": -4.415555904961916,
            "number_diagnoses": 2.836735558771678,
            "num_medications": -0.7792754671994204,
            "medical_specialty": -0.3481476613616234,
            "admission_source_id": 0.1619996087560969,
            "gender": 0.0,
            "race": 0.0,
            "num_lab_procedures": 0.0,
            "time_in_hospital": 0.0,
            "admission_type_id": 0.0,
            "age": 0.0,
            "number_emergency": 0.0,
            "number_outpatient": 0.0,
            "diag_2": 0.0,
            "num_procedures": 0.0,
            "diag_3": 0.0,
            "metformin": 0.0,
            "repaglinide": 0.0,
            "nateglinide": 0.0,
            "chlorpropamide": 0.0,
            "glimepiride": 0.0,
            "acetohexamide": 0.0,
            "glipizide": 0.0,
            "glyburide": 0.0,
            "tolbutamide": 0.0,
            "pioglitazone": 0.0,
            "rosiglitazone": 0.0,
            "acarbose": 0.0,
            "miglitol": 0.0,
            "troglitazone": 0.0,
            "tolazamide": 0.0,
            "insulin": 0.0,
            "glyburide-metformin": 0.0,
            "glipizide-metformin": 0.0,
            "glimepiride-pioglitazone": 0.0,
            "metformin-rosiglitazone": 0.0,
            "metformin-pioglitazone": 0.0,
            "change": 0.0,
            "diabetesMed": 0.0
        },
        "Lime": {
            "race": 0.0,
            "gender": 0.0,
            "age": 0.0,
            "admission_type_id": 0.0,
            "discharge_disposition_id": 30.07076647366842,
            "admission_source_id": 0.0,
            "time_in_hospital": 0.0,
            "payer_code": -6.045778994694687,
            "medical_specialty": 0.0,
            "num_lab_procedures": 0.0,
            "num_procedures": 0.0,
            "num_medications": 0.0,
            "number_outpatient": 0.0,
            "number_emergency": 0.0,
            "number_inpatient": -34.72133446367038,
            "diag_1": 0.0,
            "diag_2": -9.755200557578828,
            "diag_3": 2.682318345993975,
            "number_diagnoses": 4.897379049825633,
            "metformin": 0.0,
            "repaglinide": 0.0,
            "nateglinide": 9.46860215854354,
            "chlorpropamide": 0.0,
            "glimepiride": 0.0,
            "acetohexamide": 0.0,
            "glipizide": 0.0,
            "glyburide": 0.0,
            "tolbutamide": 0.0,
            "pioglitazone": 0.0,
            "rosiglitazone": 0.0,
            "acarbose": -2.3586199560245396,
            "miglitol": 0.0,
            "troglitazone": 0.0,
            "tolazamide": 0.0,
            "insulin": 0.0,
            "glyburide-metformin": 0.0,
            "glipizide-metformin": 0.0,
            "glimepiride-pioglitazone": 0.0,
            "metformin-rosiglitazone": 0.0,
            "metformin-pioglitazone": 0.0,
            "change": 0.0,
            "diabetesMed": 0.0
        },
        "Inherent": {
            "discharge_disposition_id": 55.085362477113875,
            "number_inpatient": -23.921606384478753,
            "payer_code": -20.993031138407375,
            "gender": 0.0,
            "admission_type_id": 0.0,
            "race": 0.0,
            "admission_source_id": 0.0,
            "time_in_hospital": 0.0,
            "medical_specialty": 0.0,
            "age": 0.0,
            "num_lab_procedures": 0.0,
            "num_procedures": 0.0,
            "number_outpatient": 0.0,
            "num_medications": 0.0,
            "number_emergency": 0.0,
            "diag_1": 0.0,
            "diag_2": 0.0,
            "diag_3": 0.0,
            "number_diagnoses": 0.0,
            "metformin": 0.0,
            "repaglinide": 0.0,
            "nateglinide": 0.0,
            "chlorpropamide": 0.0,
            "glimepiride": 0.0,
            "acetohexamide": 0.0,
            "glipizide": 0.0,
            "glyburide": 0.0,
            "tolbutamide": 0.0,
            "pioglitazone": 0.0,
            "rosiglitazone": 0.0,
            "acarbose": 0.0,
            "miglitol": 0.0,
            "troglitazone": 0.0,
            "tolazamide": 0.0,
            "insulin": 0.0,
            "glyburide-metformin": 0.0,
            "glipizide-metformin": 0.0,
            "glimepiride-pioglitazone": 0.0,
            "metformin-rosiglitazone": 0.0,
            "metformin-pioglitazone": 0.0,
            "change": 0.0,
            "diabetesMed": 0.0
        }
    },
    "XGBOOST": {
        "SHAP": {
            "discharge_disposition_id": 29.9456550519331,
            "number_inpatient": -15.595488508981678,
            "payer_code": -9.002129976534517,
            "diabetesMed": 8.592405138818872,
            "diag_2": -5.270327997599536,
            "age": 4.291973435946717,
            "medical_specialty": -3.3178289081802466,
            "num_medications": 2.936820734505798,
            "number_emergency": -2.844975960291932,
            "time_in_hospital": 2.478201272591014,
            "insulin": -2.1908710966656795,
            "glipizide": 1.981339668397301,
            "metformin": 1.305387245278494,
            "num_procedures": 1.2149748787563797,
            "num_lab_procedures": 1.2011312408153392,
            "glimepiride": 1.1628491789638917,
            "diag_3": 1.0973323022869141,
            "admission_source_id": 1.0724732350487336,
            "gender": -0.9694708863054246,
            "diag_1": 0.7145265533724793,
            "pioglitazone": 0.6914334853738747,
            "race": 0.4561232851743031,
            "acarbose": 0.37237669862776646,
            "glyburide-metformin": 0.26875144221467573,
            "number_diagnoses": 0.25254612093883955,
            "number_outpatient": -0.2139424601513276,
            "admission_type_id": -0.17478488776806575,
            "change": -0.1498840105280745,
            "glyburide": 0.10671303456267278,
            "rosiglitazone": -0.10383267016441677,
            "repaglinide": -0.023448633221924368,
            "acetohexamide": 0.0,
            "nateglinide": 0.0,
            "chlorpropamide": 0.0,
            "tolazamide": 0.0,
            "troglitazone": 0.0,
            "miglitol": 0.0,
            "tolbutamide": 0.0,
            "glimepiride-pioglitazone": 0.0,
            "glipizide-metformin": 0.0,
            "metformin-pioglitazone": 0.0,
            "metformin-rosiglitazone": 0.0
        },
        "Lime": {
            "race": 0.0,
            "gender": 0.0,
            "age": 2.379935065624722,
            "admission_type_id": 0.0,
            "discharge_disposition_id": 13.979437504320282,
            "admission_source_id": 0.0,
            "time_in_hospital": 1.8674565265372793,
            "payer_code": -1.5325528934918131,
            "medical_specialty": 0.0,
            "num_lab_procedures": 0.0,
            "num_procedures": 0.0,
            "num_medications": 0.0,
            "number_outpatient": -2.367539760364962,
            "number_emergency": -6.463728762479979,
            "number_inpatient": -17.520191956202787,
            "diag_1": 6.85382738516262,
            "diag_2": 0.0,
            "diag_3": 0.0,
            "number_diagnoses": 2.6094550934540344,
            "metformin": 1.5950809112520585,
            "repaglinide": 0.0,
            "nateglinide": 0.0,
            "chlorpropamide": 0.0,
            "glimepiride": 6.8835669792513166,
            "acetohexamide": 0.0,
            "glipizide": 2.999211977835544,
            "glyburide": 7.7200505910262605,
            "tolbutamide": 0.0,
            "pioglitazone": 1.7823057942025056,
            "rosiglitazone": -1.8280798497514048,
            "acarbose": -1.6933082656287581,
            "miglitol": 10.24657497108566,
            "troglitazone": 0.0,
            "tolazamide": 0.0,
            "insulin": -2.2594641605796553,
            "glyburide-metformin": 0.0,
            "glipizide-metformin": 0.0,
            "glimepiride-pioglitazone": 0.0,
            "metformin-rosiglitazone": 0.0,
            "metformin-pioglitazone": 0.0,
            "change": 1.8306084912440603,
            "diabetesMed": 5.587623060504306
        },
        "Inherent": {
            "race": 0.5624485015869141,
            "gender": -0.9759717583656311,
            "age": 3.627265214920044,
            "admission_type_id": -0.41470831632614136,
            "discharge_disposition_id": 28.47657585144043,
            "admission_source_id": 0.741913378238678,
            "time_in_hospital": 1.9129951000213623,
            "payer_code": -8.699609756469727,
            "medical_specialty": -3.303335666656494,
            "num_lab_procedures": 3.0899791717529297,
            "num_procedures": 1.3203505277633667,
            "num_medications": -0.6677871942520142,
            "number_outpatient": -0.24924713373184204,
            "number_emergency": -2.8048670291900635,
            "number_inpatient": -20.508939743041992,
            "diag_1": -1.825624704360962,
            "diag_2": -5.531206130981445,
            "diag_3": -0.9478919506072998,
            "number_diagnoses": 0.9529365301132202,
            "metformin": 1.1509087085723877,
            "repaglinide": -0.2185410112142563,
            "nateglinide": 0.008784236386418343,
            "chlorpropamide": 0.01657346449792385,
            "glimepiride": 0.6536868214607239,
            "acetohexamide": 0.0,
            "glipizide": 1.4667842388153076,
            "glyburide": 0.25185731053352356,
            "tolbutamide": 0.0,
            "pioglitazone": 0.7619035840034485,
            "rosiglitazone": -0.2226278930902481,
            "acarbose": 0.03390728682279587,
            "miglitol": 0.0,
            "troglitazone": 0.0,
            "tolazamide": 0.0,
            "insulin": -2.2830190658569336,
            "glyburide-metformin": 0.03071468137204647,
            "glipizide-metformin": 0.0,
            "glimepiride-pioglitazone": 0.0,
            "metformin-rosiglitazone": 0.0,
            "metformin-pioglitazone": 0.0,
            "change": 0.08433320373296738,
            "diabetesMed": 6.202706813812256
        }
    }
}