{
    "LogisticRegression": {
        "SHAP": {
            "number_inpatient": -17.414039324801312,
            "time_in_hospital": -9.07811507411216,
            "age": 8.981243611246036,
            "number_diagnoses": 8.472381187768596,
            "insulin": -8.01268356460838,
            "discharge_disposition_id": -7.564275502840808,
            "diabetesMed": 6.698789371379267,
            "rosiglitazone": -4.248706846992226,
            "payer_code": 4.208572782409106,
            "change": 3.5491971501167967,
            "metformin": 3.486473430690324,
            "num_procedures": 3.196391719947446,
            "number_emergency": -2.4534932554429885,
            "diag_3": 1.800828376001402,
            "glimepiride": 1.4787935566263162,
            "diag_2": -1.3637884050596216,
            "num_medications": -1.2882410966202538,
            "diag_1": 1.1861580269511116,
            "num_lab_procedures": 1.1096066541039789,
            "gender": -1.078515547377589,
            "admission_type_id": 1.0072644845229632,
            "glyburide": 0.5217803814918937,
            "pioglitazone": 0.47750308046940876,
            "admission_source_id": -0.27077301156594347,
            "glyburide-metformin": 0.20846645072165612,
            "acarbose": 0.19991830601423724,
            "number_outpatient": 0.1438956588522885,
            "medical_specialty": 0.09455180842540967,
            "glipizide": 0.09022599109260881,
            "glipizide-metformin": -0.083399388212914,
            "chlorpropamide": -0.055530643337332396,
            "race": 0.030070957498195373,
            "tolazamide": 0.027828692957578595,
            "tolbutamide": -0.0244310322426392,
            "troglitazone": -0.021832669212447333,
            "repaglinide": 0.01444562817584365,
            "miglitol": -0.014410890165337687,
            "metformin-rosiglitazone": -0.014177394078258833,
            "acetohexamide": -0.008018995241196248,
            "nateglinide": 0.007338525368260452,
            "glimepiride-pioglitazone": -0.0071959331432271375,
            "metformin-pioglitazone": -0.006645592114637775
        },
        "Lime": {
            "race": 0.0,
            "gender": 0.0,
            "age": 0.0,
            "admission_type_id": 0.0,
            "discharge_disposition_id": -26.872017053967173,
            "admission_source_id": 0.0,
            "time_in_hospital": -27.13348054110233,
            "payer_code": 0.0,
            "medical_specialty": 0.0,
            "num_lab_procedures": 0.0,
            "num_procedures": 0.0,
            "num_medications": 0.0,
            "number_outpatient": 0.0,
            "number_emergency": -45.99450240493049,
            "number_inpatient": 0.0,
            "diag_1": 0.0,
            "diag_2": 0.0,
            "diag_3": 0.0,
            "number_diagnoses": 0.0,
            "metformin": 0.0,
            "repaglinide": 0.0,
            "nateglinide": 0.0,
            "chlorpropamide": 0.0,
            "glimepiride": 0.0,
            "acetohexamide": 0.0,
            "glipizide": 0.0,
            "glyburide": 0.0,
            "tolbutamide": 0.0,
            "pioglitazone": 0.0,
            "rosiglitazone": 0.0,
            "acarbose": 0.0,
            "miglitol": 0.0,
            "troglitazone": 0.0,
            "tolazamide": 0.0,
            "insulin": 0.0,
            "glyburide-metformin": 0.0,
            "glipizide-metformin": 0.0,
            "glimepiride-pioglitazone": 0.0,
            "metformin-rosiglitazone": 0.0,
            "metformin-pioglitazone": 0.0,
            "change": 0.0,
            "diabetesMed": 0.0
        },
        "Inherent": {
            "number_diagnoses": 10.501866602253472,
            "age": 9.492100401811182,
            "diabetesMed": 5.299715354414386,
            "payer_code": 3.828539332805482,
            "change": 3.616738918372924,
            "num_procedures": 3.1279438721789483,
            "metformin": 3.0627304845591308,
            "diag_3": 1.7291232078101988,
            "num_lab_procedures": 1.0860425852935494,
            "diag_1": 1.0451225412437928,
            "admission_type_id": 1.0178637026871595,
            "glimepiride": 0.9661691993289666,
            "pioglitazone": 0.5734151270668618,
            "glyburide": 0.522333650202859,
            "number_outpatient": 0.17731116071203237,
            "glyburide-metformin": 0.0929639321599643,
            "medical_specialty": 0.08069570086977615,
            "glipizide": 0.07142187765828723,
            "tolazamide": 0.03796934659095451,
            "race": 0.03673680969441417,
            "nateglinide": 0.020699749710918293,
            "glipizide-metformin": -0.0,
            "metformin-pioglitazone": -0.0,
            "troglitazone": -0.0,
            "acarbose": -0.0,
            "repaglinide": 0.0,
            "metformin-rosiglitazone": -0.0,
            "glimepiride-pioglitazone": -0.0,
            "miglitol": -0.0,
            "tolbutamide": -0.0,
            "acetohexamide": -0.0,
            "chlorpropamide": -0.0,
            "admission_source_id": -0.5067636270208493,
            "num_medications": -0.8178057523232795,
            "gender": -1.1481761626897729,
            "diag_2": -1.2613555525788815,
            "number_emergency": -2.320707605219257,
            "rosiglitazone": -4.284948941446088,
            "insulin": -7.6544069791299965,
            "time_in_hospital": -7.86601970687187,
            "discharge_disposition_id": -8.040466338170637,
            "number_inpatient": -19.71184577712411
        }
    },
    "DecisionTree": {
        "SHAP": {
            "discharge_disposition_id": -38.14028127556098,
            "number_inpatient": -31.47913988351354,
            "diag_1": 13.453830224995627,
            "number_diagnoses": 8.486881727970665,
            "payer_code": 5.83931005874887,
            "num_medications": -1.6366009457736055,
            "medical_specialty": 0.7357248210833917,
            "admission_source_id": 0.2282310623533226,
            "gender": 0.0,
            "race": 0.0,
            "num_lab_procedures": 0.0,
            "time_in_hospital": 0.0,
            "admission_type_id": 0.0,
            "age": 0.0,
            "number_emergency": 0.0,
            "number_outpatient": 0.0,
            "diag_2": 0.0,
            "num_procedures": 0.0,
            "diag_3": 0.0,
            "metformin": 0.0,
            "repaglinide": 0.0,
            "nateglinide": 0.0,
            "chlorpropamide": 0.0,
            "glimepiride": 0.0,
            "acetohexamide": 0.0,
            "glipizide": 0.0,
            "glyburide": 0.0,
            "tolbutamide": 0.0,
            "pioglitazone": 0.0,
            "rosiglitazone": 0.0,
            "acarbose": 0.0,
            "miglitol": 0.0,
            "troglitazone": 0.0,
            "tolazamide": 0.0,
            "insulin": 0.0,
            "glyburide-metformin": 0.0,
            "glipizide-metformin": 0.0,
            "glimepiride-pioglitazone": 0.0,
            "metformin-rosiglitazone": 0.0,
            "metformin-pioglitazone": 0.0,
            "change": 0.0,
            "diabetesMed": 0.0
        },
        "Lime": {
            "race": 0.0,
            "gender": 0.0,
            "age": 0.0,
            "admission_type_id": 0.0,
            "discharge_disposition_id": -16.385077143689756,
            "admission_source_id": 0.0,
            "time_in_hospital": 0.0,
            "payer_code": 3.970767097307595,
            "medical_specialty": 0.0,
            "num_lab_procedures": 0.0,
            "num_procedures": 0.0,
            "num_medications": 0.0,
            "number_outpatient": -5.117576049184879,
            "number_emergency": -3.992294317264037,
            "number_inpatient": -29.27269390611623,
            "diag_1": 0.0,
            "diag_2": -4.15356801976975,
            "diag_3": 7.114729398768156,
            "number_diagnoses": 0.0,
            "metformin": -2.889729738744994,
            "repaglinide": 0.0,
            "nateglinide": -10.061100694583564,
            "chlorpropamide": 0.0,
            "glimepiride": 0.0,
            "acetohexamide": 0.0,
            "glipizide": 0.0,
            "glyburide": 8.795076221365186,
            "tolbutamide": 0.0,
            "pioglitazone": 3.5638109618391263,
            "rosiglitazone": 0.0,
            "acarbose": 0.0,
            "miglitol": 0.0,
            "troglitazone": 0.0,
            "tolazamide": 0.0,
            "insulin": 2.4716236076128997,
            "glyburide-metformin": 0.0,
            "glipizide-metformin": 0.0,
            "glimepiride-pioglitazone": 0.0,
            "metformin-rosiglitazone": 0.0,
            "metformin-pioglitazone": 0.0,
            "change": 0.0,
            "diabetesMed": 2.2119528437538323
        },
        "Inherent": {
            "number_inpatient": -41.653027985739975,
            "discharge_disposition_id": -29.027678452630802,
            "number_diagnoses": 15.386633009188442,
            "diag_1": 13.932660552440781,
            "gender": 0.0,
            "admission_source_id": 0.0,
            "time_in_hospital": 0.0,
            "age": 0.0,
            "admission_type_id": 0.0,
            "race": 0.0,
            "num_lab_procedures": 0.0,
            "medical_specialty": 0.0,
            "payer_code": 0.0,
            "num_procedures": 0.0,
            "number_emergency": 0.0,
            "number_outpatient": 0.0,
            "diag_2": 0.0,
            "num_medications": 0.0,
            "diag_3": 0.0,
            "metformin": 0.0,
            "repaglinide": 0.0,
            "nateglinide": 0.0,
            "chlorpropamide": 0.0,
            "glimepiride": 0.0,
            "acetohexamide": 0.0,
            "glipizide": 0.0,
            "glyburide": 0.0,
            "tolbutamide": 0.0,
            "pioglitazone": 0.0,
            "rosiglitazone": 0.0,
            "acarbose": 0.0,
            "miglitol": 0.0,
            "troglitazone": 0.0,
            "tolazamide": 0.0,
            "insulin": 0.0,
            "glyburide-metformin": 0.0,
            "glipizide-metformin": 0.0,
            "glimepiride-pioglitazone": 0.0,
            "metformin-rosiglitazone": 0.0,
            "metformin-pioglitazone": 0.0,
            "change": 0.0,
            "diabetesMed": 0.0
        }
    },
    "XGBOOST": {
        "SHAP": {
            "diag_3": -16.256645714214475,
            "number_inpatient": -15.205302636636342,
            "discharge_disposition_id": -12.676298051835403,
            "diag_1": 11.585103590770624,
            "num_lab_procedures": -6.203425949963863,
            "time_in_hospital": -6.07390066770999,
            "payer_code": 4.996829070536415,
            "diabetesMed": 4.556465796522172,
            "age": 4.37488987347361,
            "insulin": -2.7300481446208673,
            "gender": -2.21581938747582,
            "number_emergency": -2.164372423651073,
            "metformin": 1.7810967780416256,
            "num_procedures": 1.2285897966319244,
            "rosiglitazone": -1.1258555783522102,
            "number_diagnoses": -1.0156248840108744,
            "admission_type_id": 0.905925987008149,
            "admission_source_id": -0.9025754527670977,
            "glimepiride": 0.8728598829331798,
            "glyburide-metformin": 0.6218609239231694,
            "pioglitazone": 0.4266803105793293,
            "diag_2": -0.38693375640716215,
            "num_medications": 0.35491631903024035,
            "acarbose": 0.32272847664362214,
            "race": 0.2769704491765078,
            "glipizide": -0.22839035193459822,
            "glyburide": 0.17922568132081637,
            "medical_specialty": -0.16949478860838135,
            "number_outpatient": -0.12132024460962407,
            "repaglinide": 0.03912683264017966,
            "change": -0.000722197970656759,
            "acetohexamide": 0.0,
            "nateglinide": 0.0,
            "chlorpropamide": 0.0,
            "tolazamide": 0.0,
            "troglitazone": 0.0,
            "miglitol": 0.0,
            "tolbutamide": 0.0,
            "glimepiride-pioglitazone": 0.0,
            "glipizide-metformin": 0.0,
            "metformin-pioglitazone": 0.0,
            "metformin-rosiglitazone": 0.0
        },
        "Lime": {
            "race": 0.0,
            "gender": 0.0,
            "age": 0.0,
            "admission_type_id": 0.0,
            "discharge_disposition_id": -7.462120604450767,
            "admission_source_id": 0.0,
            "time_in_hospital": -3.6580422889795363,
            "payer_code": 3.5163184730918626,
            "medical_specialty": 1.9261607176013302,
            "num_lab_procedures": -2.0778412456394566,
            "num_procedures": 0.0,
            "num_medications": 0.0,
            "number_outpatient": 0.0,
            "number_emergency": -7.006441292283188,
            "number_inpatient": -17.975390086415892,
            "diag_1": 5.398481155829957,
            "diag_2": 0.0,
            "diag_3": -7.787398080899551,
            "number_diagnoses": 2.2585647285824253,
            "metformin": 2.7351347711402316,
            "repaglinide": 3.0061871502106285,
            "nateglinide": 2.8202222529288603,
            "chlorpropamide": 9.634450959937729,
            "glimepiride": 7.521733320194452,
            "acetohexamide": 0.0,
            "glipizide": 0.0,
            "glyburide": 2.442282346714103,
            "tolbutamide": -1.3437521410086235,
            "pioglitazone": 0.0,
            "rosiglitazone": 0.0,
            "acarbose": 3.7619970616638616,
            "miglitol": 0.0,
            "troglitazone": 0.0,
            "tolazamide": 0.0,
            "insulin": 0.0,
            "glyburide-metformin": 0.0,
            "glipizide-metformin": 0.0,
            "glimepiride-pioglitazone": 0.0,
            "metformin-rosiglitazone": 0.0,
            "metformin-pioglitazone": 0.0,
            "change": 1.8582501729895438,
            "diabetesMed": 5.8092311494379985
        },
        "Inherent": {
            "race": 0.4462868571281433,
            "gender": -2.400343656539917,
            "age": 4.124306678771973,
            "admission_type_id": 0.7589394450187683,
            "discharge_disposition_id": -11.935408592224121,
            "admission_source_id": -1.6034001111984253,
            "time_in_hospital": -7.048566818237305,
            "payer_code": 3.5358638763427734,
            "medical_specialty": -0.5205563902854919,
            "num_lab_procedures": -5.621819019317627,
            "num_procedures": 0.5296756029129028,
            "num_medications": -1.9810622930526733,
            "number_outpatient": -0.24891290068626404,
            "number_emergency": -2.2188735008239746,
            "number_inpatient": -20.675033569335938,
            "diag_1": 9.690072059631348,
            "diag_2": -2.327061176300049,
            "diag_3": -12.194640159606934,
            "number_diagnoses": -1.4020575284957886,
            "metformin": 1.539217233657837,
            "repaglinide": 0.036545783281326294,
            "nateglinide": -0.005639316979795694,
            "chlorpropamide": 0.019765662029385567,
            "glimepiride": 0.377547949552536,
            "acetohexamide": 0.0,
            "glipizide": -0.3150423467159271,
            "glyburide": 0.32367751002311707,
            "tolbutamide": 0.0,
            "pioglitazone": 0.4430239498615265,
            "rosiglitazone": -1.0902607440948486,
            "acarbose": 0.03764708712697029,
            "miglitol": 0.0,
            "troglitazone": 0.0,
            "tolazamide": 0.0,
            "insulin": -2.925462007522583,
            "glyburide-metformin": 0.11361686140298843,
            "glipizide-metformin": 0.0,
            "glimepiride-pioglitazone": 0.0,
            "metformin-rosiglitazone": 0.0,
            "metformin-pioglitazone": 0.0,
            "change": 0.030618740245699883,
            "diabetesMed": 3.479065418243408
        }
    }
}