{
    "LogisticRegression": {
        "SHAP": {
            "number_inpatient": -19.68175798932764,
            "age": 10.150813369761146,
            "number_diagnoses": 9.575685056223813,
            "discharge_disposition_id": 7.992806194644266,
            "insulin": 7.621615974839048,
            "diabetesMed": 7.571129751682196,
            "glyburide": -6.439603098066068,
            "change": 4.011386333871574,
            "metformin": 3.940494506713235,
            "num_procedures": 3.6126373150827917,
            "number_emergency": -2.7729959477754584,
            "payer_code": -2.5272550053532794,
            "time_in_hospital": -2.2384196642346135,
            "num_medications": 2.0302652542668826,
            "glimepiride": 1.671367357959513,
            "diag_2": -1.541385823035682,
            "diag_1": 1.3406237799349014,
            "gender": -1.2189637105608826,
            "admission_type_id": 1.1384340787258447,
            "pioglitazone": 0.5396852443977453,
            "rosiglitazone": 0.5257482715137627,
            "diag_3": 0.33903987132661506,
            "admission_source_id": -0.3060340443869486,
            "glyburide-metformin": 0.23561369969770327,
            "acarbose": 0.22595238492453878,
            "number_outpatient": 0.16263426769756112,
            "medical_specialty": 0.10686468407314315,
            "glipizide": 0.10197554329068445,
            "glipizide-metformin": -0.09425995569717054,
            "chlorpropamide": -0.0627620428995164,
            "race": 0.033986905447257076,
            "tolazamide": 0.03145264517522373,
            "tolbutamide": -0.027612528894675123,
            "troglitazone": -0.02467579771043934,
            "num_lab_procedures": -0.022422507595822393,
            "repaglinide": 0.016326789692948575,
            "miglitol": -0.016287527974110295,
            "metformin-rosiglitazone": -0.016023625189028383,
            "acetohexamide": -0.009063257565406659,
            "nateglinide": 0.008294174464791594,
            "glimepiride-pioglitazone": -0.008133013368740293,
            "metformin-pioglitazone": -0.00751100495735082
        },
        "Lime": {
            "race": -13.872298200412084,
            "gender": 0.0,
            "age": 0.0,
            "admission_type_id": 0.0,
            "discharge_disposition_id": 39.27895438245578,
            "admission_source_id": 0.0,
            "time_in_hospital": 9.673775094900893,
            "payer_code": 0.0,
            "medical_specialty": 0.0,
            "num_lab_procedures": -8.672797405967419,
            "num_procedures": 0.0,
            "num_medications": 0.0,
            "number_outpatient": 0.0,
            "number_emergency": -28.502174916263833,
            "number_inpatient": 0.0,
            "diag_1": 0.0,
            "diag_2": 0.0,
            "diag_3": 0.0,
            "number_diagnoses": 0.0,
            "metformin": 0.0,
            "repaglinide": 0.0,
            "nateglinide": 0.0,
            "chlorpropamide": 0.0,
            "glimepiride": 0.0,
            "acetohexamide": 0.0,
            "glipizide": 0.0,
            "glyburide": 0.0,
            "tolbutamide": 0.0,
            "pioglitazone": 0.0,
            "rosiglitazone": 0.0,
            "acarbose": 0.0,
            "miglitol": 0.0,
            "troglitazone": 0.0,
            "tolazamide": 0.0,
            "insulin": 0.0,
            "glyburide-metformin": 0.0,
            "glipizide-metformin": 0.0,
            "glimepiride-pioglitazone": 0.0,
            "metformin-rosiglitazone": 0.0,
            "metformin-pioglitazone": 0.0,
            "change": 0.0,
            "diabetesMed": 0.0
        },
        "Inherent": {
            "number_diagnoses": 11.745707388031056,
            "age": 10.616344507133855,
            "insulin": 7.745661895875605,
            "discharge_disposition_id": 7.181283906291407,
            "diabetesMed": 5.927413492326155,
            "change": 4.04510537440999,
            "num_procedures": 3.4984174566562434,
            "metformin": 3.4254801972360696,
            "num_medications": 2.494028920123754,
            "diag_1": 1.1689068257114321,
            "admission_type_id": 1.138419451080803,
            "glimepiride": 1.080602252194975,
            "pioglitazone": 0.6413303986314951,
            "rosiglitazone": 0.4167354933801425,
            "diag_3": 0.2753646917673702,
            "number_outpatient": 0.19831188961291799,
            "glyburide-metformin": 0.1039745776772109,
            "medical_specialty": 0.09025329741715539,
            "glipizide": 0.07988108284464256,
            "tolazamide": 0.04246643493608929,
            "race": 0.04108791640409725,
            "nateglinide": 0.023151427486020018,
            "repaglinide": 0.0,
            "troglitazone": -0.0,
            "glimepiride-pioglitazone": -0.0,
            "acetohexamide": -0.0,
            "metformin-pioglitazone": -0.0,
            "glipizide-metformin": -0.0,
            "metformin-rosiglitazone": -0.0,
            "miglitol": -0.0,
            "acarbose": -0.0,
            "chlorpropamide": -0.0,
            "tolbutamide": -0.0,
            "num_lab_procedures": -0.03344970011847454,
            "admission_source_id": -0.5667846967897089,
            "time_in_hospital": -0.9542793057977682,
            "gender": -1.2841661151906631,
            "diag_2": -1.410750468843384,
            "number_emergency": -2.5955721488820505,
            "payer_code": -2.8398238342031834,
            "glyburide": -6.288728614926817,
            "number_inpatient": -22.046516238019457
        }
    },
    "DecisionTree": {
        "SHAP": {
            "number_inpatient": -50.62767656994688,
            "discharge_disposition_id": 26.19347896555752,
            "diag_1": 8.975115513148154,
            "number_diagnoses": 5.379043944145208,
            "payer_code": -4.394845103411585,
            "num_medications": 2.4951652842020966,
            "medical_specialty": 1.476611287724784,
            "admission_source_id": 0.4580633318637709,
            "gender": 0.0,
            "race": 0.0,
            "num_lab_procedures": 0.0,
            "time_in_hospital": 0.0,
            "admission_type_id": 0.0,
            "age": 0.0,
            "number_emergency": 0.0,
            "number_outpatient": 0.0,
            "diag_2": 0.0,
            "num_procedures": 0.0,
            "diag_3": 0.0,
            "metformin": 0.0,
            "repaglinide": 0.0,
            "nateglinide": 0.0,
            "chlorpropamide": 0.0,
            "glimepiride": 0.0,
            "acetohexamide": 0.0,
            "glipizide": 0.0,
            "glyburide": 0.0,
            "tolbutamide": 0.0,
            "pioglitazone": 0.0,
            "rosiglitazone": 0.0,
            "acarbose": 0.0,
            "miglitol": 0.0,
            "troglitazone": 0.0,
            "tolazamide": 0.0,
            "insulin": 0.0,
            "glyburide-metformin": 0.0,
            "glipizide-metformin": 0.0,
            "glimepiride-pioglitazone": 0.0,
            "metformin-rosiglitazone": 0.0,
            "metformin-pioglitazone": 0.0,
            "change": 0.0,
            "diabetesMed": 0.0
        },
        "Lime": {
            "race": 0.0,
            "gender": 0.0,
            "age": 0.0,
            "admission_type_id": 0.0,
            "discharge_disposition_id": 0.0,
            "admission_source_id": 0.0,
            "time_in_hospital": 0.0,
            "payer_code": 0.0,
            "medical_specialty": 0.0,
            "num_lab_procedures": 0.0,
            "num_procedures": 0.0,
            "num_medications": 0.0,
            "number_outpatient": 0.0,
            "number_emergency": -3.27471408245532,
            "number_inpatient": -37.813744223665964,
            "diag_1": 3.975597522695714,
            "diag_2": -3.1428722838977965,
            "diag_3": 0.0,
            "number_diagnoses": 0.0,
            "metformin": 0.0,
            "repaglinide": 0.0,
            "nateglinide": -7.39255074767499,
            "chlorpropamide": -10.503429204007926,
            "glimepiride": 0.0,
            "acetohexamide": 0.0,
            "glipizide": 5.230791353804419,
            "glyburide": -7.95318284024317,
            "tolbutamide": -7.460416477722724,
            "pioglitazone": 5.236325951382772,
            "rosiglitazone": 0.0,
            "acarbose": 5.5632077538270925,
            "miglitol": 0.0,
            "troglitazone": 0.0,
            "tolazamide": 0.0,
            "insulin": 0.0,
            "glyburide-metformin": 0.0,
            "glipizide-metformin": 0.0,
            "glimepiride-pioglitazone": 0.0,
            "metformin-rosiglitazone": 0.0,
            "metformin-pioglitazone": 0.0,
            "change": 2.45316755862211,
            "diabetesMed": 0.0
        },
        "Inherent": {
            "number_inpatient": -64.94048756620666,
            "discharge_disposition_id": 35.05951243379335,
            "gender": 0.0,
            "age": 0.0,
            "admission_type_id": 0.0,
            "admission_source_id": 0.0,
            "time_in_hospital": 0.0,
            "payer_code": 0.0,
            "medical_specialty": 0.0,
            "race": 0.0,
            "num_lab_procedures": 0.0,
            "num_procedures": 0.0,
            "number_outpatient": 0.0,
            "num_medications": 0.0,
            "number_emergency": 0.0,
            "diag_1": 0.0,
            "diag_2": 0.0,
            "diag_3": 0.0,
            "number_diagnoses": 0.0,
            "metformin": 0.0,
            "repaglinide": 0.0,
            "nateglinide": 0.0,
            "chlorpropamide": 0.0,
            "glimepiride": 0.0,
            "acetohexamide": 0.0,
            "glipizide": 0.0,
            "glyburide": 0.0,
            "tolbutamide": 0.0,
            "pioglitazone": 0.0,
            "rosiglitazone": 0.0,
            "acarbose": 0.0,
            "miglitol": 0.0,
            "troglitazone": 0.0,
            "tolazamide": 0.0,
            "insulin": 0.0,
            "glyburide-metformin": 0.0,
            "glipizide-metformin": 0.0,
            "glimepiride-pioglitazone": 0.0,
            "metformin-rosiglitazone": 0.0,
            "metformin-pioglitazone": 0.0,
            "change": 0.0,
            "diabetesMed": 0.0
        }
    },
    "XGBOOST": {
        "SHAP": {
            "diag_1": 19.56596083845215,
            "number_inpatient": -17.12721275086797,
            "insulin": 8.212324926482578,
            "time_in_hospital": 6.345534218676703,
            "diag_3": 5.842851125066971,
            "num_medications": 5.80631543012188,
            "diabetesMed": 5.636173960172259,
            "age": 4.90866830594767,
            "glyburide": -3.599611929272748,
            "num_lab_procedures": 2.8241412565841872,
            "discharge_disposition_id": 2.509541209729675,
            "number_emergency": -2.480438379220607,
            "diag_2": -2.2216093714262244,
            "medical_specialty": 1.9607992160698517,
            "payer_code": -1.8271696478940007,
            "gender": -1.6362866870708839,
            "metformin": 1.2693162611164905,
            "race": 1.0325640458444163,
            "glimepiride": 0.9050733137049886,
            "admission_source_id": 0.8111720258632839,
            "acarbose": 0.5427996204831145,
            "number_diagnoses": 0.5317342588794336,
            "glipizide": -0.5023705712167702,
            "rosiglitazone": 0.48380733891116545,
            "pioglitazone": 0.36288382156689897,
            "number_outpatient": 0.3368245158456895,
            "glyburide-metformin": 0.2528112401923206,
            "num_procedures": 0.17049423280394196,
            "change": 0.16555238798284538,
            "admission_type_id": 0.08163119836781763,
            "repaglinide": 0.04632591416448094,
            "acetohexamide": 0.0,
            "nateglinide": 0.0,
            "chlorpropamide": 0.0,
            "tolazamide": 0.0,
            "troglitazone": 0.0,
            "miglitol": 0.0,
            "tolbutamide": 0.0,
            "glimepiride-pioglitazone": 0.0,
            "glipizide-metformin": 0.0,
            "metformin-pioglitazone": 0.0,
            "metformin-rosiglitazone": 0.0
        },
        "Lime": {
            "race": 0.0,
            "gender": 0.0,
            "age": 3.107923170175154,
            "admission_type_id": 1.4651710402169176,
            "discharge_disposition_id": -6.053436377846323,
            "admission_source_id": 1.8747461249476702,
            "time_in_hospital": 0.0,
            "payer_code": 0.0,
            "medical_specialty": 0.0,
            "num_lab_procedures": 2.410179473458782,
            "num_procedures": -2.0338991857321824,
            "num_medications": 0.0,
            "number_outpatient": 2.757710266304529,
            "number_emergency": -8.058417163889448,
            "number_inpatient": -20.567567288612505,
            "diag_1": 5.618998807521612,
            "diag_2": 1.9082959734540301,
            "diag_3": 0.0,
            "number_diagnoses": 1.8770140080962534,
            "metformin": 6.328205487078652,
            "repaglinide": 1.4963452090590526,
            "nateglinide": 2.293344055516651,
            "chlorpropamide": 0.0,
            "glimepiride": 7.1159204299580585,
            "acetohexamide": 0.0,
            "glipizide": 0.0,
            "glyburide": 7.80491069759228,
            "tolbutamide": 0.0,
            "pioglitazone": 1.5180120307227036,
            "rosiglitazone": 5.4526219039881365,
            "acarbose": 0.0,
            "miglitol": 0.0,
            "troglitazone": 0.0,
            "tolazamide": 0.0,
            "insulin": 4.788238614802207,
            "glyburide-metformin": 0.0,
            "glipizide-metformin": 0.0,
            "glimepiride-pioglitazone": 0.0,
            "metformin-rosiglitazone": 0.0,
            "metformin-pioglitazone": 0.0,
            "change": 0.0,
            "diabetesMed": 5.469042691026854
        },
        "Inherent": {
            "race": 1.0848503112792969,
            "gender": -1.8888506889343262,
            "age": 4.317694664001465,
            "admission_type_id": 0.20339448750019073,
            "discharge_disposition_id": 3.5963666439056396,
            "admission_source_id": 0.3739524781703949,
            "time_in_hospital": 5.658034801483154,
            "payer_code": -2.436601400375366,
            "medical_specialty": 1.3191214799880981,
            "num_lab_procedures": 2.9067912101745605,
            "num_procedures": 0.39718472957611084,
            "num_medications": 3.881957769393921,
            "number_outpatient": 0.1020837351679802,
            "number_emergency": -2.6270840167999268,
            "number_inpatient": -23.726428985595703,
            "diag_1": 17.092041015625,
            "diag_2": -2.653542995452881,
            "diag_3": 3.75838565826416,
            "number_diagnoses": 1.492101788520813,
            "metformin": 1.1614758968353271,
            "repaglinide": 0.04410742223262787,
            "nateglinide": -0.016075188294053078,
            "chlorpropamide": 0.024427464231848717,
            "glimepiride": 0.48783206939697266,
            "acetohexamide": 0.0,
            "glipizide": -0.5321953296661377,
            "glyburide": -3.319023847579956,
            "tolbutamide": 0.0,
            "pioglitazone": 0.44503054022789,
            "rosiglitazone": 0.2814386188983917,
            "acarbose": 0.0931011363863945,
            "miglitol": 0.0,
            "troglitazone": 0.0,
            "tolazamide": 0.0,
            "insulin": 9.395942687988281,
            "glyburide-metformin": 0.0323067344725132,
            "glipizide-metformin": 0.0,
            "glimepiride-pioglitazone": 0.0,
            "metformin-rosiglitazone": 0.0,
            "metformin-pioglitazone": 0.0,
            "change": 0.21885976195335388,
            "diabetesMed": 4.431722164154053
        }
    }
}