{
    "LogisticRegression": {
        "SHAP": {
            "number_inpatient": -18.61495213466738,
            "num_procedures": -13.863638592280914,
            "time_in_hospital": -9.704163085064604,
            "discharge_disposition_id": -8.085925602469331,
            "diabetesMed": 7.160753526658661,
            "rosiglitazone": -4.541707590975378,
            "payer_code": 4.498805787594215,
            "age": 4.237997202065399,
            "change": 3.7939580721990733,
            "metformin": 3.7269087786345882,
            "number_diagnoses": 3.4319725407968744,
            "insulin": -3.307336868562638,
            "admission_source_id": 2.888886314720143,
            "number_emergency": -2.6226918787161733,
            "glimepiride": 1.5807746129554285,
            "diag_1": 1.4894317376247996,
            "admission_type_id": -1.343527720679719,
            "num_lab_procedures": -1.2285420106897413,
            "gender": -1.1528924976260482,
            "glyburide": 0.557763574844282,
            "pioglitazone": 0.5104328077653337,
            "num_medications": -0.2779810575502136,
            "glyburide-metformin": 0.2228427838876435,
            "acarbose": 0.21370513916312592,
            "diag_2": 0.19475745587707455,
            "number_outpatient": 0.1538190394520852,
            "medical_specialty": 0.10107232189251546,
            "glipizide": 0.09644818609659372,
            "glipizide-metformin": -0.08915080474366907,
            "chlorpropamide": -0.05936016615395594,
            "diag_3": 0.05923909599619187,
            "race": 0.032144720936474094,
            "tolazamide": 0.029747824597932064,
            "tolbutamide": -0.026115853267285126,
            "troglitazone": -0.023338301055913703,
            "repaglinide": 0.015441832422277481,
            "miglitol": -0.015404698797461262,
            "metformin-rosiglitazone": -0.015155100275054421,
            "acetohexamide": -0.008572003875654323,
            "nateglinide": 0.007844607211530415,
            "glimepiride-pioglitazone": -0.007692181493736697,
            "metformin-pioglitazone": -0.0071038876628881495
        },
        "Lime": {
            "race": -27.36977471366228,
            "gender": 0.0,
            "age": 0.0,
            "admission_type_id": 0.0,
            "discharge_disposition_id": -13.97794855550553,
            "admission_source_id": 0.0,
            "time_in_hospital": 0.0,
            "payer_code": 0.0,
            "medical_specialty": 0.0,
            "num_lab_procedures": 0.0,
            "num_procedures": 0.0,
            "num_medications": 0.0,
            "number_outpatient": 0.0,
            "number_emergency": -26.31923152339366,
            "number_inpatient": -11.140902315086043,
            "diag_1": 0.0,
            "diag_2": 0.0,
            "diag_3": 0.0,
            "number_diagnoses": 21.192142892352482,
            "metformin": 0.0,
            "repaglinide": 0.0,
            "nateglinide": 0.0,
            "chlorpropamide": 0.0,
            "glimepiride": 0.0,
            "acetohexamide": 0.0,
            "glipizide": 0.0,
            "glyburide": 0.0,
            "tolbutamide": 0.0,
            "pioglitazone": 0.0,
            "rosiglitazone": 0.0,
            "acarbose": 0.0,
            "miglitol": 0.0,
            "troglitazone": 0.0,
            "tolazamide": 0.0,
            "insulin": 0.0,
            "glyburide-metformin": 0.0,
            "glipizide-metformin": 0.0,
            "glimepiride-pioglitazone": 0.0,
            "metformin-rosiglitazone": 0.0,
            "metformin-pioglitazone": 0.0,
            "change": 0.0,
            "diabetesMed": 0.0
        },
        "Inherent": {
            "number_diagnoses": 5.656352680052279,
            "diabetesMed": 5.65293152844602,
            "age": 4.837665320188612,
            "payer_code": 4.083704360515278,
            "change": 3.8577878422844525,
            "metformin": 3.266855776485411,
            "admission_source_id": 2.5930179281034587,
            "diag_1": 1.333131400857691,
            "glimepiride": 1.0305625799602354,
            "pioglitazone": 0.6116321790724408,
            "glyburide": 0.5571462167568261,
            "diag_2": 0.2838917190772329,
            "num_medications": 0.21130514545416043,
            "number_outpatient": 0.18912861987946586,
            "glyburide-metformin": 0.09915980538042474,
            "medical_specialty": 0.08607391928640903,
            "glipizide": 0.07618201300170763,
            "tolazamide": 0.04049993294068498,
            "race": 0.03918524975178082,
            "nateglinide": 0.022079349539843616,
            "diag_3": 0.004872363327766888,
            "metformin-pioglitazone": -0.0,
            "repaglinide": 0.0,
            "troglitazone": -0.0,
            "acarbose": -0.0,
            "acetohexamide": -0.0,
            "metformin-rosiglitazone": -0.0,
            "glimepiride-pioglitazone": -0.0,
            "glipizide-metformin": -0.0,
            "tolbutamide": -0.0,
            "miglitol": -0.0,
            "chlorpropamide": -0.0,
            "num_lab_procedures": -1.2222267800640971,
            "gender": -1.2246999690035965,
            "admission_type_id": -1.3004567518375298,
            "number_emergency": -2.475378451961787,
            "insulin": -2.98071200550965,
            "rosiglitazone": -4.570532820919504,
            "time_in_hospital": -8.390275294184583,
            "discharge_disposition_id": -8.576348469091723,
            "num_procedures": -13.70059988128553,
            "number_inpatient": -21.02560364577982
        }
    },
    "DecisionTree": {
        "SHAP": {
            "discharge_disposition_id": -38.487133328180754,
            "number_inpatient": -30.992975942637525,
            "diag_1": 13.51552336843252,
            "number_diagnoses": 8.525798705739781,
            "payer_code": 5.866086477582934,
            "num_medications": -1.0135925590249046,
            "admission_source_id": -0.8597910980698567,
            "medical_specialty": 0.739098520331718,
            "gender": 0.0,
            "race": 0.0,
            "num_lab_procedures": 0.0,
            "time_in_hospital": 0.0,
            "admission_type_id": 0.0,
            "age": 0.0,
            "number_emergency": 0.0,
            "number_outpatient": 0.0,
            "diag_2": 0.0,
            "num_procedures": 0.0,
            "diag_3": 0.0,
            "metformin": 0.0,
            "repaglinide": 0.0,
            "nateglinide": 0.0,
            "chlorpropamide": 0.0,
            "glimepiride": 0.0,
            "acetohexamide": 0.0,
            "glipizide": 0.0,
            "glyburide": 0.0,
            "tolbutamide": 0.0,
            "pioglitazone": 0.0,
            "rosiglitazone": 0.0,
            "acarbose": 0.0,
            "miglitol": 0.0,
            "troglitazone": 0.0,
            "tolazamide": 0.0,
            "insulin": 0.0,
            "glyburide-metformin": 0.0,
            "glipizide-metformin": 0.0,
            "glimepiride-pioglitazone": 0.0,
            "metformin-rosiglitazone": 0.0,
            "metformin-pioglitazone": 0.0,
            "change": 0.0,
            "diabetesMed": 0.0
        },
        "Lime": {
            "race": -3.287598975920778,
            "gender": 0.0,
            "age": 0.0,
            "admission_type_id": 0.0,
            "discharge_disposition_id": -19.909310500084644,
            "admission_source_id": 0.0,
            "time_in_hospital": 0.0,
            "payer_code": 7.389275656379565,
            "medical_specialty": 0.0,
            "num_lab_procedures": 0.0,
            "num_procedures": 0.0,
            "num_medications": 0.0,
            "number_outpatient": 3.6625270673728267,
            "number_emergency": 0.0,
            "number_inpatient": -38.87959625848779,
            "diag_1": 0.0,
            "diag_2": -4.743214053104324,
            "diag_3": 0.0,
            "number_diagnoses": 4.420851407563683,
            "metformin": 0.0,
            "repaglinide": 7.935217138154299,
            "nateglinide": -5.531674955785633,
            "chlorpropamide": 0.0,
            "glimepiride": 0.0,
            "acetohexamide": 0.0,
            "glipizide": 0.0,
            "glyburide": 0.0,
            "tolbutamide": 0.0,
            "pioglitazone": 0.0,
            "rosiglitazone": -4.240733987146458,
            "acarbose": 0.0,
            "miglitol": 0.0,
            "troglitazone": 0.0,
            "tolazamide": 0.0,
            "insulin": 0.0,
            "glyburide-metformin": 0.0,
            "glipizide-metformin": 0.0,
            "glimepiride-pioglitazone": 0.0,
            "metformin-rosiglitazone": 0.0,
            "metformin-pioglitazone": 0.0,
            "change": 0.0,
            "diabetesMed": 0.0
        },
        "Inherent": {
            "number_inpatient": -41.653027985739975,
            "discharge_disposition_id": -29.027678452630802,
            "number_diagnoses": 15.386633009188442,
            "diag_1": 13.932660552440781,
            "gender": 0.0,
            "admission_source_id": 0.0,
            "time_in_hospital": 0.0,
            "age": 0.0,
            "admission_type_id": 0.0,
            "race": 0.0,
            "num_lab_procedures": 0.0,
            "medical_specialty": 0.0,
            "payer_code": 0.0,
            "num_procedures": 0.0,
            "number_emergency": 0.0,
            "number_outpatient": 0.0,
            "diag_2": 0.0,
            "num_medications": 0.0,
            "diag_3": 0.0,
            "metformin": 0.0,
            "repaglinide": 0.0,
            "nateglinide": 0.0,
            "chlorpropamide": 0.0,
            "glimepiride": 0.0,
            "acetohexamide": 0.0,
            "glipizide": 0.0,
            "glyburide": 0.0,
            "tolbutamide": 0.0,
            "pioglitazone": 0.0,
            "rosiglitazone": 0.0,
            "acarbose": 0.0,
            "miglitol": 0.0,
            "troglitazone": 0.0,
            "tolazamide": 0.0,
            "insulin": 0.0,
            "glyburide-metformin": 0.0,
            "glipizide-metformin": 0.0,
            "glimepiride-pioglitazone": 0.0,
            "metformin-rosiglitazone": 0.0,
            "metformin-pioglitazone": 0.0,
            "change": 0.0,
            "diabetesMed": 0.0
        }
    },
    "XGBOOST": {
        "SHAP": {
            "discharge_disposition_id": -18.29268100790595,
            "number_inpatient": -16.910304726167002,
            "num_lab_procedures": -9.171768315963922,
            "time_in_hospital": -7.460951390020259,
            "diag_1": 6.370665684605187,
            "payer_code": 5.368403870167078,
            "diabetesMed": 5.251337519286543,
            "num_medications": 4.86012917360281,
            "age": 4.497152051402922,
            "number_emergency": -3.3405595886423454,
            "num_procedures": -2.919387414870148,
            "number_diagnoses": 2.780332674038056,
            "admission_type_id": -2.6735096244174756,
            "metformin": 1.8902181083093696,
            "admission_source_id": 1.3801985077124306,
            "rosiglitazone": -1.2201378207775115,
            "glimepiride": 1.0143461417394946,
            "diag_2": 0.949333407535902,
            "pioglitazone": 0.4922198557082644,
            "diag_3": -0.44233430244647015,
            "gender": -0.4329849680509488,
            "race": 0.41055230857646435,
            "medical_specialty": -0.39163970259032416,
            "glyburide-metformin": 0.36799280339771695,
            "acarbose": 0.3566040249573863,
            "glipizide": -0.2640096316331369,
            "insulin": -0.15799624990794234,
            "number_outpatient": -0.13790216147490472,
            "change": 0.12091017584976657,
            "glyburide": 0.05350818160828459,
            "repaglinide": 0.01992860663398832,
            "acetohexamide": 0.0,
            "nateglinide": 0.0,
            "chlorpropamide": 0.0,
            "tolazamide": 0.0,
            "troglitazone": 0.0,
            "miglitol": 0.0,
            "tolbutamide": 0.0,
            "glimepiride-pioglitazone": 0.0,
            "glipizide-metformin": 0.0,
            "metformin-pioglitazone": 0.0,
            "metformin-rosiglitazone": 0.0
        },
        "Lime": {
            "race": 0.0,
            "gender": 0.0,
            "age": 4.080225108972046,
            "admission_type_id": 0.0,
            "discharge_disposition_id": -5.960470752160569,
            "admission_source_id": 0.0,
            "time_in_hospital": -6.874369408934973,
            "payer_code": 4.962087543286624,
            "medical_specialty": 0.0,
            "num_lab_procedures": 0.0,
            "num_procedures": 0.0,
            "num_medications": 0.0,
            "number_outpatient": 0.0,
            "number_emergency": -6.507838057750239,
            "number_inpatient": -25.657119349414593,
            "diag_1": 3.898278902070689,
            "diag_2": 0.0,
            "diag_3": -2.7146956097525017,
            "number_diagnoses": 0.0,
            "metformin": 0.0,
            "repaglinide": -2.7991524632708518,
            "nateglinide": -2.8803998478673014,
            "chlorpropamide": 4.300125373417931,
            "glimepiride": 5.096113701298393,
            "acetohexamide": 0.0,
            "glipizide": 0.0,
            "glyburide": 3.0503862573496257,
            "tolbutamide": 0.0,
            "pioglitazone": 2.6957768346458635,
            "rosiglitazone": 4.409053492753881,
            "acarbose": 6.794067574175084,
            "miglitol": 0.0,
            "troglitazone": 0.0,
            "tolazamide": 0.0,
            "insulin": 0.0,
            "glyburide-metformin": 0.0,
            "glipizide-metformin": 0.0,
            "glimepiride-pioglitazone": 0.0,
            "metformin-rosiglitazone": 0.0,
            "metformin-pioglitazone": 0.0,
            "change": 0.0,
            "diabetesMed": 7.3198397228788235
        },
        "Inherent": {
            "race": 0.604003369808197,
            "gender": -0.4779191315174103,
            "age": 4.353555202484131,
            "admission_type_id": -1.8840829133987427,
            "discharge_disposition_id": -17.913774490356445,
            "admission_source_id": 0.9732585549354553,
            "time_in_hospital": -7.449085235595703,
            "payer_code": 3.915827751159668,
            "medical_specialty": -0.7253667116165161,
            "num_lab_procedures": -8.98766040802002,
            "num_procedures": -3.4905545711517334,
            "num_medications": 2.303612232208252,
            "number_outpatient": -0.1792583465576172,
            "number_emergency": -3.206597328186035,
            "number_inpatient": -22.336793899536133,
            "diag_1": 4.718033790588379,
            "diag_2": 0.43100911378860474,
            "diag_3": -2.552964448928833,
            "number_diagnoses": 4.444720268249512,
            "metformin": 1.6593692302703857,
            "repaglinide": 0.005726274102926254,
            "nateglinide": -0.025462109595537186,
            "chlorpropamide": 0.01879873126745224,
            "glimepiride": 0.5553621053695679,
            "acetohexamide": 0.0,
            "glipizide": -0.29917556047439575,
            "glyburide": 0.1330830156803131,
            "tolbutamide": 0.0,
            "pioglitazone": 0.5879793167114258,
            "rosiglitazone": -1.1367692947387695,
            "acarbose": 0.05347525700926781,
            "miglitol": 0.0,
            "troglitazone": 0.0,
            "tolazamide": 0.0,
            "insulin": -0.3484722375869751,
            "glyburide-metformin": 0.0614318773150444,
            "glipizide-metformin": 0.0,
            "glimepiride-pioglitazone": 0.0,
            "metformin-rosiglitazone": 0.0,
            "metformin-pioglitazone": 0.0,
            "change": 0.1433556079864502,
            "diabetesMed": 4.023461818695068
        }
    }
}