{
    "LogisticRegression": {
        "SHAP": {
            "number_inpatient": -22.917531866839777,
            "number_diagnoses": 11.1499728602408,
            "discharge_disposition_id": 9.306861245350161,
            "diabetesMed": 8.815859205577139,
            "time_in_hospital": -5.71999810473051,
            "payer_code": 5.53864034965223,
            "metformin": 4.588330395977634,
            "num_procedures": 4.206571935120755,
            "insulin": -4.071780444629798,
            "change": -3.7805725349938,
            "admission_source_id": 3.5566110349528017,
            "number_emergency": -3.2288895653641054,
            "glimepiride": 1.9461480375890678,
            "gender": 1.941768531095391,
            "num_medications": 1.6874797310748775,
            "diag_1": 1.561028654796038,
            "age": -1.384555796574418,
            "glyburide": 0.6866826413617694,
            "pioglitazone": 0.6284120449634216,
            "rosiglitazone": 0.6121837679787565,
            "diag_2": -0.5740550575826349,
            "diag_3": -0.49140531132694165,
            "glyburide-metformin": 0.2743497036196711,
            "acarbose": 0.2631000231129995,
            "number_outpatient": 0.18937210866123114,
            "admission_type_id": -0.1642334546934758,
            "glipizide": 0.11874080375695124,
            "glipizide-metformin": -0.10975673715875253,
            "num_lab_procedures": 0.09280256936086742,
            "medical_specialty": 0.08708087261095732,
            "chlorpropamide": -0.0730804188811575,
            "race": 0.03957451306255965,
            "tolazamide": 0.03662360844445169,
            "tolbutamide": -0.03215215892863284,
            "troglitazone": -0.028732615281385453,
            "repaglinide": 0.0190109909528525,
            "miglitol": -0.018965274422189385,
            "metformin-rosiglitazone": -0.018657984774072482,
            "acetohexamide": -0.010553299872156361,
            "nateglinide": 0.009657775881049924,
            "glimepiride-pioglitazone": -0.009470119140404435,
            "metformin-pioglitazone": -0.008745849611372003
        },
        "Lime": {
            "race": 0.0,
            "gender": 0.0,
            "age": 0.0,
            "admission_type_id": 0.0,
            "discharge_disposition_id": 57.81823906938561,
            "admission_source_id": 0.0,
            "time_in_hospital": 0.0,
            "payer_code": 0.0,
            "medical_specialty": 0.0,
            "num_lab_procedures": 0.0,
            "num_procedures": 0.0,
            "num_medications": 0.0,
            "number_outpatient": 0.0,
            "number_emergency": -42.18176093061439,
            "number_inpatient": 0.0,
            "diag_1": 0.0,
            "diag_2": 0.0,
            "diag_3": 0.0,
            "number_diagnoses": 0.0,
            "metformin": 0.0,
            "repaglinide": 0.0,
            "nateglinide": 0.0,
            "chlorpropamide": 0.0,
            "glimepiride": 0.0,
            "acetohexamide": 0.0,
            "glipizide": 0.0,
            "glyburide": 0.0,
            "tolbutamide": 0.0,
            "pioglitazone": 0.0,
            "rosiglitazone": 0.0,
            "acarbose": 0.0,
            "miglitol": 0.0,
            "troglitazone": 0.0,
            "tolazamide": 0.0,
            "insulin": 0.0,
            "glyburide-metformin": 0.0,
            "glipizide-metformin": 0.0,
            "glimepiride-pioglitazone": 0.0,
            "metformin-rosiglitazone": 0.0,
            "metformin-pioglitazone": 0.0,
            "change": 0.0,
            "diabetesMed": 0.0
        },
        "Inherent": {
            "number_diagnoses": 14.224228098787394,
            "discharge_disposition_id": 8.696642692574613,
            "diabetesMed": 7.178186784781694,
            "payer_code": 5.185555941390361,
            "num_procedures": 4.236636095580428,
            "metformin": 4.1483079787102435,
            "admission_source_id": 3.2926574345631563,
            "num_medications": 2.3323095668637266,
            "gender": 1.8627554486133333,
            "diag_1": 1.4155637260376277,
            "glimepiride": 1.3086255609387623,
            "pioglitazone": 0.7766607472374498,
            "glyburide": 0.7074735630867204,
            "rosiglitazone": 0.5046729429629971,
            "number_outpatient": 0.24015867749524714,
            "glyburide-metformin": 0.12591477554283387,
            "glipizide": 0.09673719135198024,
            "num_lab_procedures": 0.08041158034606727,
            "medical_specialty": 0.071314398229585,
            "tolazamide": 0.05142749066682699,
            "race": 0.04975808401555613,
            "nateglinide": 0.028036726481817077,
            "troglitazone": -0.0,
            "miglitol": -0.0,
            "glimepiride-pioglitazone": -0.0,
            "repaglinide": 0.0,
            "metformin-pioglitazone": -0.0,
            "metformin-rosiglitazone": -0.0,
            "tolbutamide": -0.0,
            "glipizide-metformin": -0.0,
            "acetohexamide": -0.0,
            "chlorpropamide": -0.0,
            "acarbose": -0.0,
            "admission_type_id": -0.13634931336509473,
            "diag_2": -0.4670817391070902,
            "diag_3": -0.5676804243944993,
            "age": -0.570656385450606,
            "number_emergency": -3.143276864719084,
            "change": -3.6954979859256945,
            "insulin": -3.784957843469804,
            "time_in_hospital": -4.32180157553797,
            "number_inpatient": -26.698662361771735
        }
    },
    "DecisionTree": {
        "SHAP": {
            "number_inpatient": -53.39257122269071,
            "payer_code": 12.92675423761705,
            "discharge_disposition_id": 11.95135262574613,
            "diag_1": 9.899590420196775,
            "number_diagnoses": 5.933108250391646,
            "admission_source_id": -2.1472946284207204,
            "num_medications": 2.1206201111967875,
            "medical_specialty": 1.6287085037401667,
            "gender": 0.0,
            "race": 0.0,
            "num_lab_procedures": 0.0,
            "time_in_hospital": 0.0,
            "admission_type_id": 0.0,
            "age": 0.0,
            "number_emergency": 0.0,
            "number_outpatient": 0.0,
            "diag_2": 0.0,
            "num_procedures": 0.0,
            "diag_3": 0.0,
            "metformin": 0.0,
            "repaglinide": 0.0,
            "nateglinide": 0.0,
            "chlorpropamide": 0.0,
            "glimepiride": 0.0,
            "acetohexamide": 0.0,
            "glipizide": 0.0,
            "glyburide": 0.0,
            "tolbutamide": 0.0,
            "pioglitazone": 0.0,
            "rosiglitazone": 0.0,
            "acarbose": 0.0,
            "miglitol": 0.0,
            "troglitazone": 0.0,
            "tolazamide": 0.0,
            "insulin": 0.0,
            "glyburide-metformin": 0.0,
            "glipizide-metformin": 0.0,
            "glimepiride-pioglitazone": 0.0,
            "metformin-rosiglitazone": 0.0,
            "metformin-pioglitazone": 0.0,
            "change": 0.0,
            "diabetesMed": 0.0
        },
        "Lime": {
            "race": 0.0,
            "gender": 0.0,
            "age": 0.0,
            "admission_type_id": 0.0,
            "discharge_disposition_id": 0.0,
            "admission_source_id": 0.0,
            "time_in_hospital": 0.0,
            "payer_code": 0.0,
            "medical_specialty": 0.0,
            "num_lab_procedures": 0.0,
            "num_procedures": 0.0,
            "num_medications": 0.0,
            "number_outpatient": 0.0,
            "number_emergency": 0.0,
            "number_inpatient": -44.19625402879904,
            "diag_1": 11.876363677396768,
            "diag_2": -7.408641607931285,
            "diag_3": 0.0,
            "number_diagnoses": 6.200217545542964,
            "metformin": 0.0,
            "repaglinide": -5.389508485996414,
            "nateglinide": 5.339224970279021,
            "chlorpropamide": 0.0,
            "glimepiride": 5.1823111630524785,
            "acetohexamide": 0.0,
            "glipizide": 0.0,
            "glyburide": -5.015400306909426,
            "tolbutamide": 0.0,
            "pioglitazone": 0.0,
            "rosiglitazone": -4.6138270465782085,
            "acarbose": -4.778251167514384,
            "miglitol": 0.0,
            "troglitazone": 0.0,
            "tolazamide": 0.0,
            "insulin": 0.0,
            "glyburide-metformin": 0.0,
            "glipizide-metformin": 0.0,
            "glimepiride-pioglitazone": 0.0,
            "metformin-rosiglitazone": 0.0,
            "metformin-pioglitazone": 0.0,
            "change": 0.0,
            "diabetesMed": 0.0
        },
        "Inherent": {
            "number_inpatient": -64.94048756620666,
            "discharge_disposition_id": 35.05951243379335,
            "gender": 0.0,
            "age": 0.0,
            "admission_type_id": 0.0,
            "admission_source_id": 0.0,
            "time_in_hospital": 0.0,
            "payer_code": 0.0,
            "medical_specialty": 0.0,
            "race": 0.0,
            "num_lab_procedures": 0.0,
            "num_procedures": 0.0,
            "number_outpatient": 0.0,
            "num_medications": 0.0,
            "number_emergency": 0.0,
            "diag_1": 0.0,
            "diag_2": 0.0,
            "diag_3": 0.0,
            "number_diagnoses": 0.0,
            "metformin": 0.0,
            "repaglinide": 0.0,
            "nateglinide": 0.0,
            "chlorpropamide": 0.0,
            "glimepiride": 0.0,
            "acetohexamide": 0.0,
            "glipizide": 0.0,
            "glyburide": 0.0,
            "tolbutamide": 0.0,
            "pioglitazone": 0.0,
            "rosiglitazone": 0.0,
            "acarbose": 0.0,
            "miglitol": 0.0,
            "troglitazone": 0.0,
            "tolazamide": 0.0,
            "insulin": 0.0,
            "glyburide-metformin": 0.0,
            "glipizide-metformin": 0.0,
            "glimepiride-pioglitazone": 0.0,
            "metformin-rosiglitazone": 0.0,
            "metformin-pioglitazone": 0.0,
            "change": 0.0,
            "diabetesMed": 0.0
        }
    },
    "XGBOOST": {
        "SHAP": {
            "number_inpatient": -19.93182446241213,
            "diag_1": 18.601204105333768,
            "payer_code": 8.413887530241215,
            "medical_specialty": -6.742645494509257,
            "num_medications": 6.366331632727277,
            "diag_2": -5.929491436261103,
            "num_lab_procedures": 4.339798350257103,
            "admission_source_id": 4.336911751184479,
            "diabetesMed": 4.230681968285194,
            "diag_3": -3.093069187093444,
            "number_emergency": -2.753639023403776,
            "gender": 2.371571375991228,
            "insulin": -1.8582584537587494,
            "metformin": 1.8112019295386739,
            "number_diagnoses": 1.4817202456929528,
            "discharge_disposition_id": 1.3944857395748067,
            "admission_type_id": -0.7890812912471601,
            "glimepiride": 0.7103805478678347,
            "age": 0.6401914527182238,
            "glyburide-metformin": 0.5695164769737864,
            "glipizide": -0.5527719701586338,
            "pioglitazone": 0.4974009331021758,
            "acarbose": 0.4456644017326167,
            "num_procedures": 0.43786622539324865,
            "race": 0.3361671426379423,
            "glyburide": 0.3171490525621227,
            "time_in_hospital": 0.2810476351914828,
            "change": -0.2806428518011613,
            "rosiglitazone": 0.27993023300661357,
            "number_outpatient": -0.15479554659591274,
            "repaglinide": 0.05067155274591697,
            "acetohexamide": 0.0,
            "nateglinide": 0.0,
            "chlorpropamide": 0.0,
            "tolazamide": 0.0,
            "troglitazone": 0.0,
            "miglitol": 0.0,
            "tolbutamide": 0.0,
            "glimepiride-pioglitazone": 0.0,
            "glipizide-metformin": 0.0,
            "metformin-pioglitazone": 0.0,
            "metformin-rosiglitazone": 0.0
        },
        "Lime": {
            "race": 0.0,
            "gender": 0.0,
            "age": 0.0,
            "admission_type_id": 0.0,
            "discharge_disposition_id": -3.533927827951729,
            "admission_source_id": 1.69719796277666,
            "time_in_hospital": 0.0,
            "payer_code": 5.080066111171949,
            "medical_specialty": -2.5865070297990145,
            "num_lab_procedures": 0.0,
            "num_procedures": 0.0,
            "num_medications": 3.4264290860666584,
            "number_outpatient": 0.0,
            "number_emergency": -8.237826868851558,
            "number_inpatient": -18.42228944961132,
            "diag_1": 3.271580148038474,
            "diag_2": 0.0,
            "diag_3": 0.0,
            "number_diagnoses": 4.071818538630394,
            "metformin": 4.466219766142747,
            "repaglinide": 6.854700760518825,
            "nateglinide": 2.063885491938939,
            "chlorpropamide": 5.674868326265864,
            "glimepiride": 4.980035613767244,
            "acetohexamide": 0.0,
            "glipizide": 2.2319135982684286,
            "glyburide": 3.356304276147558,
            "tolbutamide": 0.0,
            "pioglitazone": 3.960424639189724,
            "rosiglitazone": 2.898038522918084,
            "acarbose": 0.0,
            "miglitol": 0.0,
            "troglitazone": 0.0,
            "tolazamide": -6.797958418078891,
            "insulin": 0.0,
            "glyburide-metformin": 0.0,
            "glipizide-metformin": 0.0,
            "glimepiride-pioglitazone": 0.0,
            "metformin-rosiglitazone": 0.0,
            "metformin-pioglitazone": 0.0,
            "change": 0.0,
            "diabetesMed": 6.3880075638659495
        },
        "Inherent": {
            "race": 0.5454763174057007,
            "gender": 2.018596887588501,
            "age": 0.13133807480335236,
            "admission_type_id": -0.06240890920162201,
            "discharge_disposition_id": 2.6232450008392334,
            "admission_source_id": 3.5269968509674072,
            "time_in_hospital": -0.8751312494277954,
            "payer_code": 6.2628397941589355,
            "medical_specialty": -7.050504684448242,
            "num_lab_procedures": 4.146440505981445,
            "num_procedures": 0.6191861629486084,
            "num_medications": 4.228060722351074,
            "number_outpatient": -0.2577908933162689,
            "number_emergency": -2.591399669647217,
            "number_inpatient": -26.175344467163086,
            "diag_1": 15.74392032623291,
            "diag_2": -6.3111066818237305,
            "diag_3": -5.097847938537598,
            "number_diagnoses": 2.6503207683563232,
            "metformin": 1.5209671258926392,
            "repaglinide": 0.02722676657140255,
            "nateglinide": 0.010345878079533577,
            "chlorpropamide": 0.026116086170077324,
            "glimepiride": 0.28676125407218933,
            "acetohexamide": 0.0,
            "glipizide": -0.4629446268081665,
            "glyburide": 0.40828999876976013,
            "tolbutamide": 0.0,
            "pioglitazone": 0.5592045783996582,
            "rosiglitazone": 0.1812889277935028,
            "acarbose": 0.06353382021188736,
            "miglitol": 0.0,
            "troglitazone": 0.0,
            "tolazamide": 0.0,
            "insulin": -1.8800249099731445,
            "glyburide-metformin": 0.09276027977466583,
            "glipizide-metformin": 0.0,
            "glimepiride-pioglitazone": 0.0,
            "metformin-rosiglitazone": 0.0,
            "metformin-pioglitazone": 0.0,
            "change": -0.46222513914108276,
            "diabetesMed": 3.1003520488739014
        }
    }
}