{
    "LogisticRegression": {
        "SHAP": {
            "number_inpatient": 40.390707201888645,
            "diabetesMed": -14.012224048534774,
            "number_emergency": 9.471230405138769,
            "age": 5.447898215506751,
            "number_diagnoses": 5.139229304073384,
            "admission_source_id": -3.170172433238493,
            "admission_type_id": -2.822462074068741,
            "diag_1": -2.818751576153978,
            "payer_code": 2.552862069391734,
            "metformin": 2.1148465851305795,
            "change": -1.7425360044863405,
            "num_procedures": -1.329731012566933,
            "time_in_hospital": -1.201350281019492,
            "insulin": 1.1068648179600504,
            "discharge_disposition_id": -1.0371489800028957,
            "diag_2": 0.9357541908776936,
            "glimepiride": 0.8970157282182522,
            "gender": -0.6542126213565073,
            "num_lab_procedures": 0.5908593223626317,
            "number_outpatient": -0.5530395675098303,
            "num_medications": -0.46958525060186346,
            "glyburide": 0.31650476618368245,
            "pioglitazone": 0.2896467674845041,
            "rosiglitazone": 0.28216685361569044,
            "diag_3": -0.1350517612008006,
            "glyburide-metformin": 0.1264528671126839,
            "acarbose": 0.12126768070496548,
            "glipizide": 0.05472983888893267,
            "glipizide-metformin": -0.05058891595486443,
            "chlorpropamide": -0.03368412057819945,
            "medical_specialty": -0.024425174970476703,
            "race": 0.01824062710957569,
            "tolazamide": 0.016880500436892612,
            "tolbutamide": -0.01481952641736619,
            "troglitazone": -0.013243395323706095,
            "repaglinide": 0.00876251835130149,
            "miglitol": -0.00874144675435597,
            "metformin-rosiglitazone": -0.00859981125584529,
            "acetohexamide": -0.0048642116566092325,
            "nateglinide": 0.0044514480386809675,
            "glimepiride-pioglitazone": -0.0043649535662082005,
            "metformin-pioglitazone": -0.004031124306325093
        },
        "Lime": {
            "race": -14.01337771956433,
            "gender": 0.0,
            "age": 0.0,
            "admission_type_id": 0.0,
            "discharge_disposition_id": -8.405269249064178,
            "admission_source_id": 0.0,
            "time_in_hospital": 0.0,
            "payer_code": 0.0,
            "medical_specialty": 0.0,
            "num_lab_procedures": 0.0,
            "num_procedures": 0.0,
            "num_medications": 0.0,
            "number_outpatient": 0.0,
            "number_emergency": 16.526288526369253,
            "number_inpatient": 61.05506450500224,
            "diag_1": 0.0,
            "diag_2": 0.0,
            "diag_3": 0.0,
            "number_diagnoses": 0.0,
            "metformin": 0.0,
            "repaglinide": 0.0,
            "nateglinide": 0.0,
            "chlorpropamide": 0.0,
            "glimepiride": 0.0,
            "acetohexamide": 0.0,
            "glipizide": 0.0,
            "glyburide": 0.0,
            "tolbutamide": 0.0,
            "pioglitazone": 0.0,
            "rosiglitazone": 0.0,
            "acarbose": 0.0,
            "miglitol": 0.0,
            "troglitazone": 0.0,
            "tolazamide": 0.0,
            "insulin": 0.0,
            "glyburide-metformin": 0.0,
            "glipizide-metformin": 0.0,
            "glimepiride-pioglitazone": 0.0,
            "metformin-rosiglitazone": 0.0,
            "metformin-pioglitazone": 0.0,
            "change": 0.0,
            "diabetesMed": 0.0
        },
        "Inherent": {
            "number_inpatient": 38.93450042055508,
            "number_emergency": 9.55492770940128,
            "number_diagnoses": 6.460967809714154,
            "age": 5.839738540338833,
            "payer_code": 2.3553974092732144,
            "metformin": 1.88425580137541,
            "insulin": 1.2707233238127424,
            "diag_2": 0.9907275766439803,
            "glimepiride": 0.5944074831670656,
            "num_lab_procedures": 0.5857694005450818,
            "pioglitazone": 0.35277696983764506,
            "glyburide": 0.3213505777312968,
            "rosiglitazone": 0.22923392512213736,
            "glyburide-metformin": 0.05719335389587752,
            "glipizide": 0.04394023176418163,
            "tolazamide": 0.023359535535082576,
            "race": 0.02260125307783604,
            "nateglinide": 0.012734918621293967,
            "troglitazone": -0.0,
            "miglitol": -0.0,
            "glipizide-metformin": -0.0,
            "glimepiride-pioglitazone": -0.0,
            "metformin-rosiglitazone": -0.0,
            "acetohexamide": -0.0,
            "chlorpropamide": -0.0,
            "repaglinide": 0.0,
            "metformin-pioglitazone": -0.0,
            "acarbose": -0.0,
            "tolbutamide": -0.0,
            "medical_specialty": -0.032306355803534414,
            "diag_3": -0.16621379636920589,
            "num_medications": -0.19062734526315,
            "time_in_hospital": -0.5249209496329271,
            "number_outpatient": -0.5325940663094447,
            "gender": -0.7063819707467938,
            "num_procedures": -1.3511579261808435,
            "discharge_disposition_id": -1.3879126198149456,
            "change": -1.6785792073993,
            "admission_type_id": -2.814508879027593,
            "diag_1": -2.902764286383339,
            "admission_source_id": -3.3240573139356147,
            "diabetesMed": -14.853369042721107
        }
    },
    "DecisionTree": {
        "SHAP": {
            "number_inpatient": 49.28547146151503,
            "discharge_disposition_id": 33.30976246471745,
            "payer_code": 11.071287329733526,
            "diag_1": -2.9756034532145965,
            "number_diagnoses": 2.0146257393717146,
            "num_medications": -0.892095659844157,
            "medical_specialty": -0.2657006674860614,
            "admission_source_id": 0.1854532241174511,
            "gender": 0.0,
            "race": 0.0,
            "num_lab_procedures": 0.0,
            "time_in_hospital": 0.0,
            "admission_type_id": 0.0,
            "age": 0.0,
            "number_emergency": 0.0,
            "number_outpatient": 0.0,
            "diag_2": 0.0,
            "num_procedures": 0.0,
            "diag_3": 0.0,
            "metformin": 0.0,
            "repaglinide": 0.0,
            "nateglinide": 0.0,
            "chlorpropamide": 0.0,
            "glimepiride": 0.0,
            "acetohexamide": 0.0,
            "glipizide": 0.0,
            "glyburide": 0.0,
            "tolbutamide": 0.0,
            "pioglitazone": 0.0,
            "rosiglitazone": 0.0,
            "acarbose": 0.0,
            "miglitol": 0.0,
            "troglitazone": 0.0,
            "tolazamide": 0.0,
            "insulin": 0.0,
            "glyburide-metformin": 0.0,
            "glipizide-metformin": 0.0,
            "glimepiride-pioglitazone": 0.0,
            "metformin-rosiglitazone": 0.0,
            "metformin-pioglitazone": 0.0,
            "change": 0.0,
            "diabetesMed": 0.0
        },
        "Lime": {
            "race": 0.0,
            "gender": 0.0,
            "age": 0.0,
            "admission_type_id": 0.0,
            "discharge_disposition_id": 22.31229086615401,
            "admission_source_id": 0.0,
            "time_in_hospital": 0.0,
            "payer_code": 3.76752532302008,
            "medical_specialty": 0.0,
            "num_lab_procedures": 0.0,
            "num_procedures": 0.0,
            "num_medications": 0.0,
            "number_outpatient": 0.0,
            "number_emergency": 0.0,
            "number_inpatient": 40.434539915148285,
            "diag_1": -13.586402421172695,
            "diag_2": -5.921031209866736,
            "diag_3": 0.0,
            "number_diagnoses": 3.7340392040607115,
            "metformin": 0.0,
            "repaglinide": 2.847537424620868,
            "nateglinide": 0.0,
            "chlorpropamide": 3.740750061878166,
            "glimepiride": 0.0,
            "acetohexamide": 0.0,
            "glipizide": 0.0,
            "glyburide": -3.6558835740784468,
            "tolbutamide": 0.0,
            "pioglitazone": 0.0,
            "rosiglitazone": 0.0,
            "acarbose": 0.0,
            "miglitol": 0.0,
            "troglitazone": 0.0,
            "tolazamide": 0.0,
            "insulin": 0.0,
            "glyburide-metformin": 0.0,
            "glipizide-metformin": 0.0,
            "glimepiride-pioglitazone": 0.0,
            "metformin-rosiglitazone": 0.0,
            "metformin-pioglitazone": 0.0,
            "change": 0.0,
            "diabetesMed": 0.0
        },
        "Inherent": {
            "number_inpatient": 93.6099415561071,
            "discharge_disposition_id": -4.424396301835058,
            "diag_1": -1.9656621420578377,
            "age": 0.0,
            "gender": 0.0,
            "admission_source_id": 0.0,
            "time_in_hospital": 0.0,
            "payer_code": 0.0,
            "admission_type_id": 0.0,
            "race": 0.0,
            "num_lab_procedures": 0.0,
            "medical_specialty": 0.0,
            "num_procedures": 0.0,
            "num_medications": 0.0,
            "number_emergency": 0.0,
            "number_outpatient": 0.0,
            "diag_2": 0.0,
            "diag_3": 0.0,
            "number_diagnoses": 0.0,
            "metformin": 0.0,
            "repaglinide": 0.0,
            "nateglinide": 0.0,
            "chlorpropamide": 0.0,
            "glimepiride": 0.0,
            "acetohexamide": 0.0,
            "glipizide": 0.0,
            "glyburide": 0.0,
            "tolbutamide": 0.0,
            "pioglitazone": 0.0,
            "rosiglitazone": 0.0,
            "acarbose": 0.0,
            "miglitol": 0.0,
            "troglitazone": 0.0,
            "tolazamide": 0.0,
            "insulin": 0.0,
            "glyburide-metformin": 0.0,
            "glipizide-metformin": 0.0,
            "glimepiride-pioglitazone": 0.0,
            "metformin-rosiglitazone": 0.0,
            "metformin-pioglitazone": 0.0,
            "change": 0.0,
            "diabetesMed": 0.0
        }
    },
    "XGBOOST": {
        "SHAP": {
            "number_inpatient": 29.450254404015762,
            "discharge_disposition_id": 16.60091970501167,
            "payer_code": 9.52889111201111,
            "diabetesMed": -7.548451491520071,
            "number_emergency": 6.419432236039708,
            "admission_source_id": -6.059691978932628,
            "admission_type_id": 3.1355809149680605,
            "medical_specialty": 2.2119263101620055,
            "time_in_hospital": 2.202966026900046,
            "diag_2": -2.1843278889278865,
            "num_lab_procedures": -2.0046040501686466,
            "num_procedures": -1.3429512590820247,
            "metformin": 1.2871976959554685,
            "diag_1": 1.208767704064822,
            "diag_3": -1.1394813294691404,
            "age": 1.1253883167754346,
            "insulin": -0.925240063499403,
            "gender": -0.898697376724862,
            "glimepiride": 0.7097536160333198,
            "number_diagnoses": 0.7029224538946468,
            "number_outpatient": -0.6126624087157777,
            "num_medications": 0.5166379272922761,
            "race": 0.5018383428144212,
            "glipizide": -0.4359100025605452,
            "pioglitazone": 0.3347106906085007,
            "glyburide-metformin": 0.2885228427708075,
            "change": 0.27109611492484437,
            "acarbose": 0.22454924075899965,
            "rosiglitazone": 0.09326468970081637,
            "glyburide": 0.01803321031235165,
            "repaglinide": 0.015328595383941069,
            "acetohexamide": 0.0,
            "nateglinide": 0.0,
            "chlorpropamide": 0.0,
            "tolazamide": 0.0,
            "troglitazone": 0.0,
            "miglitol": 0.0,
            "tolbutamide": 0.0,
            "glimepiride-pioglitazone": 0.0,
            "glipizide-metformin": 0.0,
            "metformin-pioglitazone": 0.0,
            "metformin-rosiglitazone": 0.0
        },
        "Lime": {
            "race": 0.0,
            "gender": 0.0,
            "age": 3.3672254587058346,
            "admission_type_id": 0.0,
            "discharge_disposition_id": 12.867073707667354,
            "admission_source_id": -3.2214850555608083,
            "time_in_hospital": 2.4088146652630824,
            "payer_code": 3.718414316816897,
            "medical_specialty": 0.0,
            "num_lab_procedures": 0.0,
            "num_procedures": -2.46938682681033,
            "num_medications": 2.1892573589731574,
            "number_outpatient": 0.0,
            "number_emergency": 4.787124932153746,
            "number_inpatient": 19.281416567618994,
            "diag_1": 3.4024382829757256,
            "diag_2": -3.883166552767093,
            "diag_3": -2.882405516473299,
            "number_diagnoses": 2.891679275510968,
            "metformin": 3.7635854658489056,
            "repaglinide": 0.0,
            "nateglinide": 0.0,
            "chlorpropamide": 2.6416370626827077,
            "glimepiride": 5.865903418114886,
            "acetohexamide": 0.0,
            "glipizide": -1.8451050407555842,
            "glyburide": 6.741627245064176,
            "tolbutamide": 0.0,
            "pioglitazone": 1.1575341139522648,
            "rosiglitazone": 0.0,
            "acarbose": 5.461955743993696,
            "miglitol": 0.0,
            "troglitazone": 0.0,
            "tolazamide": 0.0,
            "insulin": 0.0,
            "glyburide-metformin": 0.0,
            "glipizide-metformin": 0.0,
            "glimepiride-pioglitazone": 0.0,
            "metformin-rosiglitazone": 0.0,
            "metformin-pioglitazone": 0.0,
            "change": 0.0,
            "diabetesMed": -5.152763392290506
        },
        "Inherent": {
            "race": 0.7009783387184143,
            "gender": -1.0348154306411743,
            "age": 0.6419970393180847,
            "admission_type_id": 3.022836685180664,
            "discharge_disposition_id": 17.9327392578125,
            "admission_source_id": -6.228869915008545,
            "time_in_hospital": 1.4517881870269775,
            "payer_code": 8.656306266784668,
            "medical_specialty": 1.7370671033859253,
            "num_lab_procedures": -1.4396785497665405,
            "num_procedures": -1.5220831632614136,
            "num_medications": -1.1302250623703003,
            "number_outpatient": -0.721120297908783,
            "number_emergency": 7.240466117858887,
            "number_inpatient": 27.59653091430664,
            "diag_1": 0.27670761942863464,
            "diag_2": -2.6982548236846924,
            "diag_3": -2.6898269653320312,
            "number_diagnoses": 1.0658456087112427,
            "metformin": 1.1015509366989136,
            "repaglinide": -0.004964219406247139,
            "nateglinide": -0.004968020599335432,
            "chlorpropamide": 0.013419866561889648,
            "glimepiride": 0.3778713643550873,
            "acetohexamide": 0.0,
            "glipizide": -0.42589083313941956,
            "glyburide": 0.17162781953811646,
            "tolbutamide": 0.0,
            "pioglitazone": 0.3886800706386566,
            "rosiglitazone": 0.027204660698771477,
            "acarbose": 0.0343693345785141,
            "miglitol": 0.0,
            "troglitazone": 0.0,
            "tolazamide": 0.0,
            "insulin": -1.1999938488006592,
            "glyburide-metformin": 0.04706287384033203,
            "glipizide-metformin": 0.0,
            "glimepiride-pioglitazone": 0.0,
            "metformin-rosiglitazone": 0.0,
            "metformin-pioglitazone": 0.0,
            "change": 0.14339666068553925,
            "diabetesMed": -8.270861625671387
        }
    }
}