{
    "LogisticRegression": {
        "SHAP": {
            "number_inpatient": -20.761090084369254,
            "number_diagnoses": 10.10080807718551,
            "discharge_disposition_id": -9.018160704036275,
            "diabetesMed": 7.986324539726342,
            "payer_code": -7.467926207123458,
            "age": -7.235150509134387,
            "metformin": 4.15658811957734,
            "diag_1": 3.9412182493390806,
            "num_procedures": 3.81075149797378,
            "insulin": -3.688643310541157,
            "change": -3.424836820367506,
            "number_emergency": -2.925064859885715,
            "time_in_hospital": -2.361172834306655,
            "glimepiride": 1.7630238265040812,
            "gender": 1.7590564128502633,
            "num_lab_procedures": 1.7537672044848678,
            "num_medications": -1.5358463914359446,
            "diag_2": -1.4489741624859271,
            "admission_type_id": 1.2008649062933936,
            "glyburide": 0.6220687401906599,
            "pioglitazone": 0.5692811578224874,
            "rosiglitazone": 0.5545798923306205,
            "diag_3": -0.33732753774949115,
            "admission_source_id": -0.32281671016616076,
            "glyburide-metformin": 0.24853456927922765,
            "acarbose": 0.23834343561891752,
            "number_outpatient": 0.17155300275033192,
            "medical_specialty": 0.11272505911734244,
            "glipizide": 0.10756780170797747,
            "glipizide-metformin": -0.09942909737223453,
            "chlorpropamide": -0.06620386386330221,
            "race": 0.035850720553624135,
            "tolazamide": 0.0331774834457676,
            "tolbutamide": -0.02912677821515999,
            "troglitazone": -0.026028999007502003,
            "repaglinide": 0.017222137970991095,
            "miglitol": -0.017180723170437673,
            "metformin-rosiglitazone": -0.016902348164629124,
            "acetohexamide": -0.009560279466665508,
            "nateglinide": 0.008749020455001335,
            "glimepiride-pioglitazone": -0.008579021411469195,
            "metformin-pioglitazone": -0.007922902549063986
        },
        "Lime": {
            "race": -27.878527467871205,
            "gender": 0.0,
            "age": 0.0,
            "admission_type_id": 0.0,
            "discharge_disposition_id": -27.440907371309592,
            "admission_source_id": 0.0,
            "time_in_hospital": 0.0,
            "payer_code": 0.0,
            "medical_specialty": 0.0,
            "num_lab_procedures": 0.0,
            "num_procedures": 0.0,
            "num_medications": -12.326682284081523,
            "number_outpatient": 0.0,
            "number_emergency": -32.35388287673768,
            "number_inpatient": 0.0,
            "diag_1": 0.0,
            "diag_2": 0.0,
            "diag_3": 0.0,
            "number_diagnoses": 0.0,
            "metformin": 0.0,
            "repaglinide": 0.0,
            "nateglinide": 0.0,
            "chlorpropamide": 0.0,
            "glimepiride": 0.0,
            "acetohexamide": 0.0,
            "glipizide": 0.0,
            "glyburide": 0.0,
            "tolbutamide": 0.0,
            "pioglitazone": 0.0,
            "rosiglitazone": 0.0,
            "acarbose": 0.0,
            "miglitol": 0.0,
            "troglitazone": 0.0,
            "tolazamide": 0.0,
            "insulin": 0.0,
            "glyburide-metformin": 0.0,
            "glipizide-metformin": 0.0,
            "glimepiride-pioglitazone": 0.0,
            "metformin-rosiglitazone": 0.0,
            "metformin-pioglitazone": 0.0,
            "change": 0.0,
            "diabetesMed": 0.0
        },
        "Inherent": {
            "number_diagnoses": 12.647458092759404,
            "diabetesMed": 6.3824775525263995,
            "diag_1": 3.7808718503537038,
            "num_procedures": 3.7670007188434473,
            "metformin": 3.688463862659087,
            "num_lab_procedures": 1.737989715433251,
            "gender": 1.6562671316698567,
            "admission_type_id": 1.2258190864007372,
            "glimepiride": 1.1635630999546267,
            "pioglitazone": 0.6905671214464169,
            "glyburide": 0.6290494063180315,
            "rosiglitazone": 0.44872943911931473,
            "number_outpatient": 0.2135368462976627,
            "glyburide-metformin": 0.11195699590004168,
            "medical_specialty": 0.09718229469772019,
            "glipizide": 0.08601377629340169,
            "tolazamide": 0.04572670154803818,
            "race": 0.044242350304857396,
            "nateglinide": 0.024928827123291704,
            "troglitazone": -0.0,
            "glimepiride-pioglitazone": -0.0,
            "glipizide-metformin": -0.0,
            "metformin-pioglitazone": -0.0,
            "miglitol": -0.0,
            "chlorpropamide": -0.0,
            "repaglinide": 0.0,
            "metformin-rosiglitazone": -0.0,
            "acetohexamide": -0.0,
            "tolbutamide": -0.0,
            "acarbose": -0.0,
            "diag_3": -0.3971208485082429,
            "admission_source_id": -0.610298338231192,
            "num_medications": -0.9848881510556261,
            "time_in_hospital": -1.0275419887578165,
            "diag_2": -1.3424573224698044,
            "number_emergency": -2.7948414595421056,
            "change": -3.285848313474138,
            "insulin": -3.365391455739257,
            "age": -6.476793263203382,
            "payer_code": -7.850705572814203,
            "discharge_disposition_id": -9.683179658408058,
            "number_inpatient": -23.739088758146885
        }
    },
    "DecisionTree": {
        "SHAP": {
            "number_inpatient": -36.05480046020229,
            "discharge_disposition_id": -33.6795824804976,
            "diag_1": 15.232812874713392,
            "number_diagnoses": 9.609091172550707,
            "payer_code": -2.4792879013473783,
            "num_medications": -1.853006581815729,
            "medical_specialty": 0.8330087669772817,
            "admission_source_id": 0.2584097618956193,
            "gender": 0.0,
            "race": 0.0,
            "num_lab_procedures": 0.0,
            "time_in_hospital": 0.0,
            "admission_type_id": 0.0,
            "age": 0.0,
            "number_emergency": 0.0,
            "number_outpatient": 0.0,
            "diag_2": 0.0,
            "num_procedures": 0.0,
            "diag_3": 0.0,
            "metformin": 0.0,
            "repaglinide": 0.0,
            "nateglinide": 0.0,
            "chlorpropamide": 0.0,
            "glimepiride": 0.0,
            "acetohexamide": 0.0,
            "glipizide": 0.0,
            "glyburide": 0.0,
            "tolbutamide": 0.0,
            "pioglitazone": 0.0,
            "rosiglitazone": 0.0,
            "acarbose": 0.0,
            "miglitol": 0.0,
            "troglitazone": 0.0,
            "tolazamide": 0.0,
            "insulin": 0.0,
            "glyburide-metformin": 0.0,
            "glipizide-metformin": 0.0,
            "glimepiride-pioglitazone": 0.0,
            "metformin-rosiglitazone": 0.0,
            "metformin-pioglitazone": 0.0,
            "change": 0.0,
            "diabetesMed": 0.0
        },
        "Lime": {
            "race": 0.0,
            "gender": 0.0,
            "age": 0.0,
            "admission_type_id": 0.0,
            "discharge_disposition_id": -18.018104268055932,
            "admission_source_id": 0.0,
            "time_in_hospital": 0.0,
            "payer_code": 0.0,
            "medical_specialty": 0.0,
            "num_lab_procedures": 0.0,
            "num_procedures": 0.0,
            "num_medications": 0.0,
            "number_outpatient": 0.0,
            "number_emergency": -6.047280479661795,
            "number_inpatient": -36.769693902055415,
            "diag_1": 0.0,
            "diag_2": 5.704380040675898,
            "diag_3": -3.92520762405417,
            "number_diagnoses": 0.0,
            "metformin": 0.0,
            "repaglinide": 0.0,
            "nateglinide": -4.164790387274475,
            "chlorpropamide": -10.232200078656344,
            "glimepiride": -4.619684800767664,
            "acetohexamide": 0.0,
            "glipizide": 0.0,
            "glyburide": 0.0,
            "tolbutamide": 0.0,
            "pioglitazone": 0.0,
            "rosiglitazone": 4.040329729962923,
            "acarbose": 6.478328688835376,
            "miglitol": 0.0,
            "troglitazone": 0.0,
            "tolazamide": 0.0,
            "insulin": 0.0,
            "glyburide-metformin": 0.0,
            "glipizide-metformin": 0.0,
            "glimepiride-pioglitazone": 0.0,
            "metformin-rosiglitazone": 0.0,
            "metformin-pioglitazone": 0.0,
            "change": 0.0,
            "diabetesMed": 0.0
        },
        "Inherent": {
            "number_inpatient": -41.653027985739975,
            "discharge_disposition_id": -29.027678452630802,
            "number_diagnoses": 15.386633009188442,
            "diag_1": 13.932660552440781,
            "gender": 0.0,
            "admission_source_id": 0.0,
            "time_in_hospital": 0.0,
            "age": 0.0,
            "admission_type_id": 0.0,
            "race": 0.0,
            "num_lab_procedures": 0.0,
            "medical_specialty": 0.0,
            "payer_code": 0.0,
            "num_procedures": 0.0,
            "number_emergency": 0.0,
            "number_outpatient": 0.0,
            "diag_2": 0.0,
            "num_medications": 0.0,
            "diag_3": 0.0,
            "metformin": 0.0,
            "repaglinide": 0.0,
            "nateglinide": 0.0,
            "chlorpropamide": 0.0,
            "glimepiride": 0.0,
            "acetohexamide": 0.0,
            "glipizide": 0.0,
            "glyburide": 0.0,
            "tolbutamide": 0.0,
            "pioglitazone": 0.0,
            "rosiglitazone": 0.0,
            "acarbose": 0.0,
            "miglitol": 0.0,
            "troglitazone": 0.0,
            "tolazamide": 0.0,
            "insulin": 0.0,
            "glyburide-metformin": 0.0,
            "glipizide-metformin": 0.0,
            "glimepiride-pioglitazone": 0.0,
            "metformin-rosiglitazone": 0.0,
            "metformin-pioglitazone": 0.0,
            "change": 0.0,
            "diabetesMed": 0.0
        }
    },
    "XGBOOST": {
        "SHAP": {
            "number_inpatient": -17.69928307708121,
            "discharge_disposition_id": -15.002542695125001,
            "num_lab_procedures": -12.86921294636657,
            "payer_code": -9.824664561310698,
            "diag_1": 8.608383680829949,
            "age": -6.543521901406398,
            "time_in_hospital": 5.0360897654105115,
            "diabetesMed": 3.4806481463486394,
            "number_diagnoses": 2.8917690029812952,
            "num_medications": -2.3858519901870587,
            "number_emergency": -2.2570623063404525,
            "medical_specialty": 2.139590481443379,
            "metformin": 1.5799513273341572,
            "diag_2": 1.3945162745353996,
            "insulin": -1.3239638223243737,
            "num_procedures": -1.1240605593258945,
            "admission_source_id": 0.8825100541083464,
            "glimepiride": 0.8648974345965066,
            "diag_3": 0.8215686889278043,
            "pioglitazone": 0.7487403347281273,
            "glyburide-metformin": 0.4922761569698931,
            "race": 0.4706856062214151,
            "glipizide": -0.4449465033586019,
            "acarbose": 0.2956529931064694,
            "admission_type_id": 0.1969013210845514,
            "glyburide": 0.17452807363380599,
            "rosiglitazone": 0.1620923127890203,
            "change": 0.1226427064776961,
            "gender": 0.08988240291221287,
            "number_outpatient": -0.052200026569018405,
            "repaglinide": 0.019362846165561297,
            "acetohexamide": 0.0,
            "nateglinide": 0.0,
            "chlorpropamide": 0.0,
            "tolazamide": 0.0,
            "troglitazone": 0.0,
            "miglitol": 0.0,
            "tolbutamide": 0.0,
            "glimepiride-pioglitazone": 0.0,
            "glipizide-metformin": 0.0,
            "metformin-pioglitazone": 0.0,
            "metformin-rosiglitazone": 0.0
        },
        "Lime": {
            "race": 0.0,
            "gender": 0.0,
            "age": -3.7914822115707567,
            "admission_type_id": 0.0,
            "discharge_disposition_id": -7.280333125906194,
            "admission_source_id": 0.0,
            "time_in_hospital": 0.0,
            "payer_code": -5.464575524100465,
            "medical_specialty": 0.0,
            "num_lab_procedures": -2.181723536358246,
            "num_procedures": 0.0,
            "num_medications": 0.0,
            "number_outpatient": 0.0,
            "number_emergency": -6.042431973428403,
            "number_inpatient": -22.176931986143423,
            "diag_1": 3.9398421870007234,
            "diag_2": 0.0,
            "diag_3": 5.462319633519656,
            "number_diagnoses": 4.6370060319014055,
            "metformin": 4.57117269863143,
            "repaglinide": -2.2210648414353904,
            "nateglinide": 3.7143890705308915,
            "chlorpropamide": 0.0,
            "glimepiride": 4.198959375979337,
            "acetohexamide": 0.0,
            "glipizide": 0.0,
            "glyburide": 5.32993988889008,
            "tolbutamide": 0.0,
            "pioglitazone": 3.4392804401477926,
            "rosiglitazone": 3.2541665353693148,
            "acarbose": 4.130175893567025,
            "miglitol": 0.0,
            "troglitazone": 0.0,
            "tolazamide": 0.0,
            "insulin": 0.0,
            "glyburide-metformin": 0.0,
            "glipizide-metformin": 0.0,
            "glimepiride-pioglitazone": 0.0,
            "metformin-rosiglitazone": 0.0,
            "metformin-pioglitazone": 0.0,
            "change": 0.0,
            "diabetesMed": 8.164205045519473
        },
        "Inherent": {
            "race": 0.6770230531692505,
            "gender": 0.0437648706138134,
            "age": -6.8279900550842285,
            "admission_type_id": 0.27881699800491333,
            "discharge_disposition_id": -14.836020469665527,
            "admission_source_id": 0.48804107308387756,
            "time_in_hospital": 3.814762830734253,
            "payer_code": -10.260733604431152,
            "medical_specialty": 1.1255922317504883,
            "num_lab_procedures": -10.786001205444336,
            "num_procedures": -0.9676698446273804,
            "num_medications": -4.208216190338135,
            "number_outpatient": -0.19936877489089966,
            "number_emergency": -2.212644577026367,
            "number_inpatient": -23.602235794067383,
            "diag_1": 6.608410835266113,
            "diag_2": 0.6263822317123413,
            "diag_3": -0.4113457500934601,
            "number_diagnoses": 4.474191665649414,
            "metformin": 1.4067373275756836,
            "repaglinide": 0.005528551060706377,
            "nateglinide": 0.013279411010444164,
            "chlorpropamide": 0.020065821707248688,
            "glimepiride": 0.424591600894928,
            "acetohexamide": 0.0,
            "glipizide": -0.34105101227760315,
            "glyburide": 0.2487514466047287,
            "tolbutamide": 0.0,
            "pioglitazone": 0.8541544675827026,
            "rosiglitazone": 0.07679641991853714,
            "acarbose": 0.03665361925959587,
            "miglitol": 0.0,
            "troglitazone": 0.0,
            "tolazamide": 0.0,
            "insulin": -1.443516731262207,
            "glyburide-metformin": 0.09604089707136154,
            "glipizide-metformin": 0.0,
            "glimepiride-pioglitazone": 0.0,
            "metformin-rosiglitazone": 0.0,
            "metformin-pioglitazone": 0.0,
            "change": 0.01191791519522667,
            "diabetesMed": 2.5717074871063232
        }
    }
}