{
    "LogisticRegression": {
        "SHAP": {
            "number_inpatient": 51.01223554384672,
            "metformin": -8.913076082934936,
            "discharge_disposition_id": 5.417766999349376,
            "diabetesMed": 5.1319418884373,
            "num_procedures": -3.7434924721959666,
            "num_medications": 2.9515734264619913,
            "change": -2.2007700102942063,
            "admission_source_id": 2.0703961718905104,
            "diag_2": -2.01124914869169,
            "number_emergency": -1.8796209453013104,
            "diag_1": -1.8384441528614741,
            "number_diagnoses": -1.5714640781000002,
            "time_in_hospital": -1.5172688905820197,
            "insulin": 1.3979366225688394,
            "glimepiride": 1.1329036004664215,
            "payer_code": -1.0958955814492968,
            "admission_type_id": -0.9628743905741196,
            "gender": -0.8262506563597644,
            "age": -0.8059860897986928,
            "num_lab_procedures": -0.7766346797865891,
            "diag_3": 0.6301893310159666,
            "glyburide": 0.39973589971104007,
            "pioglitazone": 0.36581506368728367,
            "rosiglitazone": 0.35636815981861947,
            "number_outpatient": -0.2941168570707875,
            "glyburide-metformin": 0.15970612770170436,
            "acarbose": 0.153157394869492,
            "medical_specialty": 0.07243613127456042,
            "glipizide": 0.06912212303498534,
            "glipizide-metformin": -0.06389226323021004,
            "chlorpropamide": -0.04254202048094116,
            "race": 0.023037357626103698,
            "tolazamide": 0.021319558978766983,
            "tolbutamide": -0.01871661143421608,
            "troglitazone": -0.016726005768514594,
            "repaglinide": 0.011066794346026448,
            "miglitol": -0.011040181559543236,
            "metformin-rosiglitazone": -0.010861300229853143,
            "acetohexamide": -0.006143351477403009,
            "nateglinide": 0.005622043573670577,
            "glimepiride-pioglitazone": -0.00551280368388684,
            "metformin-pioglitazone": -0.0050911874752013735
        },
        "Lime": {
            "race": -16.706505567720107,
            "gender": 0.0,
            "age": 0.0,
            "admission_type_id": 0.0,
            "discharge_disposition_id": 15.31286850770129,
            "admission_source_id": 0.0,
            "time_in_hospital": 0.0,
            "payer_code": 0.0,
            "medical_specialty": 0.0,
            "num_lab_procedures": 0.0,
            "num_procedures": 0.0,
            "num_medications": 4.065944250448538,
            "number_outpatient": 0.0,
            "number_emergency": -15.061231284045048,
            "number_inpatient": 48.853450390085015,
            "diag_1": 0.0,
            "diag_2": 0.0,
            "diag_3": 0.0,
            "number_diagnoses": 0.0,
            "metformin": 0.0,
            "repaglinide": 0.0,
            "nateglinide": 0.0,
            "chlorpropamide": 0.0,
            "glimepiride": 0.0,
            "acetohexamide": 0.0,
            "glipizide": 0.0,
            "glyburide": 0.0,
            "tolbutamide": 0.0,
            "pioglitazone": 0.0,
            "rosiglitazone": 0.0,
            "acarbose": 0.0,
            "miglitol": 0.0,
            "troglitazone": 0.0,
            "tolazamide": 0.0,
            "insulin": 0.0,
            "glyburide-metformin": 0.0,
            "glipizide-metformin": 0.0,
            "glimepiride-pioglitazone": 0.0,
            "metformin-rosiglitazone": 0.0,
            "metformin-pioglitazone": 0.0,
            "change": 0.0,
            "diabetesMed": 0.0
        },
        "Inherent": {
            "number_inpatient": 52.32903051367992,
            "discharge_disposition_id": 5.309193801385062,
            "diabetesMed": 4.382195075748786,
            "num_medications": 3.523914866571999,
            "admission_source_id": 2.010127017934532,
            "insulin": 1.7078868065078856,
            "glimepiride": 0.79889986999262,
            "diag_3": 0.6305555240987782,
            "pioglitazone": 0.4741418695438465,
            "glyburide": 0.43190394139003463,
            "rosiglitazone": 0.3080966477780716,
            "number_diagnoses": 0.08597739565153081,
            "glyburide-metformin": 0.0768694275994103,
            "medical_specialty": 0.06672515018963791,
            "glipizide": 0.059056869972116274,
            "tolazamide": 0.03139585289645535,
            "race": 0.030376700591568107,
            "nateglinide": 0.0171160779751806,
            "troglitazone": -0.0,
            "miglitol": -0.0,
            "acarbose": -0.0,
            "glipizide-metformin": -0.0,
            "glimepiride-pioglitazone": -0.0,
            "metformin-rosiglitazone": -0.0,
            "acetohexamide": -0.0,
            "chlorpropamide": -0.0,
            "metformin-pioglitazone": -0.0,
            "tolbutamide": -0.0,
            "repaglinide": 0.0,
            "number_outpatient": -0.2846035109404159,
            "age": -0.3483787309029045,
            "time_in_hospital": -0.7055080736597689,
            "num_lab_procedures": -0.8367494357215378,
            "gender": -0.9493966354325531,
            "admission_type_id": -1.008123863777506,
            "payer_code": -1.4413561773522263,
            "number_emergency": -1.9189320104472556,
            "diag_1": -2.0654747175945443,
            "diag_2": -2.073635952140394,
            "change": -2.2560562384217264,
            "num_procedures": -4.01719687077097,
            "metformin": -9.821124373330772
        }
    },
    "DecisionTree": {
        "SHAP": {
            "number_inpatient": 85.69326307163455,
            "discharge_disposition_id": 5.378089794686048,
            "diag_1": -2.890354166759276,
            "number_diagnoses": 1.9569078984509352,
            "payer_code": -1.5363004218411844,
            "admission_source_id": -1.0207941717726212,
            "num_medications": 1.0081134751618046,
            "medical_specialty": 0.5161769996935633,
            "gender": 0.0,
            "race": 0.0,
            "num_lab_procedures": 0.0,
            "time_in_hospital": 0.0,
            "admission_type_id": 0.0,
            "age": 0.0,
            "number_emergency": 0.0,
            "number_outpatient": 0.0,
            "diag_2": 0.0,
            "num_procedures": 0.0,
            "diag_3": 0.0,
            "metformin": 0.0,
            "repaglinide": 0.0,
            "nateglinide": 0.0,
            "chlorpropamide": 0.0,
            "glimepiride": 0.0,
            "acetohexamide": 0.0,
            "glipizide": 0.0,
            "glyburide": 0.0,
            "tolbutamide": 0.0,
            "pioglitazone": 0.0,
            "rosiglitazone": 0.0,
            "acarbose": 0.0,
            "miglitol": 0.0,
            "troglitazone": 0.0,
            "tolazamide": 0.0,
            "insulin": 0.0,
            "glyburide-metformin": 0.0,
            "glipizide-metformin": 0.0,
            "glimepiride-pioglitazone": 0.0,
            "metformin-rosiglitazone": 0.0,
            "metformin-pioglitazone": 0.0,
            "change": 0.0,
            "diabetesMed": 0.0
        },
        "Lime": {
            "race": 0.0,
            "gender": 0.0,
            "age": 0.0,
            "admission_type_id": 0.0,
            "discharge_disposition_id": 0.0,
            "admission_source_id": 0.0,
            "time_in_hospital": 0.0,
            "payer_code": 0.0,
            "medical_specialty": 0.0,
            "num_lab_procedures": 0.0,
            "num_procedures": -2.858992128827955,
            "num_medications": 0.0,
            "number_outpatient": -4.186443829716931,
            "number_emergency": 0.0,
            "number_inpatient": 47.51380690386476,
            "diag_1": -8.42845247033997,
            "diag_2": 4.365961637910319,
            "diag_3": 3.034763981244078,
            "number_diagnoses": 3.7508234104626914,
            "metformin": -2.2913407380731967,
            "repaglinide": 0.0,
            "nateglinide": -5.710429625002978,
            "chlorpropamide": 0.0,
            "glimepiride": 3.9626763298647387,
            "acetohexamide": 0.0,
            "glipizide": -3.397083806780563,
            "glyburide": 0.0,
            "tolbutamide": 0.0,
            "pioglitazone": 4.075987661633997,
            "rosiglitazone": 0.0,
            "acarbose": 2.5399989636099916,
            "miglitol": 0.0,
            "troglitazone": 0.0,
            "tolazamide": 3.883238512667824,
            "insulin": 0.0,
            "glyburide-metformin": 0.0,
            "glipizide-metformin": 0.0,
            "glimepiride-pioglitazone": 0.0,
            "metformin-rosiglitazone": 0.0,
            "metformin-pioglitazone": 0.0,
            "change": 0.0,
            "diabetesMed": 0.0
        },
        "Inherent": {
            "number_inpatient": 93.6099415561071,
            "discharge_disposition_id": -4.424396301835058,
            "diag_1": -1.9656621420578377,
            "age": 0.0,
            "gender": 0.0,
            "admission_source_id": 0.0,
            "time_in_hospital": 0.0,
            "payer_code": 0.0,
            "admission_type_id": 0.0,
            "race": 0.0,
            "num_lab_procedures": 0.0,
            "medical_specialty": 0.0,
            "num_procedures": 0.0,
            "num_medications": 0.0,
            "number_emergency": 0.0,
            "number_outpatient": 0.0,
            "diag_2": 0.0,
            "diag_3": 0.0,
            "number_diagnoses": 0.0,
            "metformin": 0.0,
            "repaglinide": 0.0,
            "nateglinide": 0.0,
            "chlorpropamide": 0.0,
            "glimepiride": 0.0,
            "acetohexamide": 0.0,
            "glipizide": 0.0,
            "glyburide": 0.0,
            "tolbutamide": 0.0,
            "pioglitazone": 0.0,
            "rosiglitazone": 0.0,
            "acarbose": 0.0,
            "miglitol": 0.0,
            "troglitazone": 0.0,
            "tolazamide": 0.0,
            "insulin": 0.0,
            "glyburide-metformin": 0.0,
            "glipizide-metformin": 0.0,
            "glimepiride-pioglitazone": 0.0,
            "metformin-rosiglitazone": 0.0,
            "metformin-pioglitazone": 0.0,
            "change": 0.0,
            "diabetesMed": 0.0
        }
    },
    "XGBOOST": {
        "SHAP": {
            "number_inpatient": 36.14055969838154,
            "diag_1": -8.67792675357586,
            "num_lab_procedures": -7.797832355392188,
            "metformin": -6.9303428979339,
            "payer_code": -6.549942553895114,
            "diag_2": -5.446298797758215,
            "num_procedures": -3.5923490381726686,
            "num_medications": 3.4223142241703233,
            "diabetesMed": 3.2128355551497747,
            "diag_3": 2.868947826877828,
            "number_emergency": -2.413547491808715,
            "discharge_disposition_id": 1.8205441527767385,
            "admission_type_id": -1.5705284488980027,
            "insulin": -1.4590238975560443,
            "time_in_hospital": 1.4337578060346599,
            "number_outpatient": 0.8966770513990809,
            "gender": -0.8652118774488985,
            "age": 0.6674731628002045,
            "glimepiride": 0.6583328858508809,
            "number_diagnoses": -0.6098055011301108,
            "admission_source_id": -0.5088169166370514,
            "medical_specialty": -0.4404855540745204,
            "glipizide": -0.3455301416648979,
            "acarbose": 0.3396688816431297,
            "rosiglitazone": 0.31885998512308933,
            "race": 0.30815020162422047,
            "pioglitazone": 0.25992183867248003,
            "glyburide": 0.19694047592565114,
            "glyburide-metformin": 0.1847858130748912,
            "change": -0.04487620094280982,
            "repaglinide": 0.017712013606517193,
            "acetohexamide": 0.0,
            "nateglinide": 0.0,
            "chlorpropamide": 0.0,
            "tolazamide": 0.0,
            "troglitazone": 0.0,
            "miglitol": 0.0,
            "tolbutamide": 0.0,
            "glimepiride-pioglitazone": 0.0,
            "glipizide-metformin": 0.0,
            "metformin-pioglitazone": 0.0,
            "metformin-rosiglitazone": 0.0
        },
        "Lime": {
            "race": 2.1272073694869107,
            "gender": 0.0,
            "age": 0.0,
            "admission_type_id": -1.4102540782983157,
            "discharge_disposition_id": -4.912446236716075,
            "admission_source_id": 1.258882271434354,
            "time_in_hospital": 0.0,
            "payer_code": -4.294289399776473,
            "medical_specialty": 0.0,
            "num_lab_procedures": 0.0,
            "num_procedures": 0.0,
            "num_medications": 0.0,
            "number_outpatient": 0.0,
            "number_emergency": -5.34931324532336,
            "number_inpatient": 21.63985766372389,
            "diag_1": -7.720291907824943,
            "diag_2": -6.276387924103818,
            "diag_3": 6.284760693178345,
            "number_diagnoses": 1.5050230439722854,
            "metformin": -4.168082970764189,
            "repaglinide": 0.0,
            "nateglinide": 3.957664168860346,
            "chlorpropamide": 0.0,
            "glimepiride": 3.4874096888449295,
            "acetohexamide": 0.0,
            "glipizide": 0.0,
            "glyburide": 6.49170537209724,
            "tolbutamide": 0.0,
            "pioglitazone": 5.4369181042133325,
            "rosiglitazone": 3.381781630657958,
            "acarbose": 4.334851782705013,
            "miglitol": 0.0,
            "troglitazone": 0.0,
            "tolazamide": 0.0,
            "insulin": 0.0,
            "glyburide-metformin": 0.0,
            "glipizide-metformin": 0.0,
            "glimepiride-pioglitazone": 0.0,
            "metformin-rosiglitazone": 0.0,
            "metformin-pioglitazone": 0.0,
            "change": 0.0,
            "diabetesMed": 5.962872448018216
        },
        "Inherent": {
            "race": 0.4908984899520874,
            "gender": -1.0126298666000366,
            "age": 0.37972891330718994,
            "admission_type_id": -1.4244379997253418,
            "discharge_disposition_id": 2.3504812717437744,
            "admission_source_id": -0.6675550937652588,
            "time_in_hospital": 1.1433476209640503,
            "payer_code": -7.624145030975342,
            "medical_specialty": -0.6303933262825012,
            "num_lab_procedures": -8.530978202819824,
            "num_procedures": -3.8189518451690674,
            "num_medications": 2.2041513919830322,
            "number_outpatient": 0.9249083995819092,
            "number_emergency": -2.536407709121704,
            "number_inpatient": 33.269657135009766,
            "diag_1": -10.824542045593262,
            "diag_2": -5.864599227905273,
            "diag_3": 1.6074597835540771,
            "number_diagnoses": -0.1581808626651764,
            "metformin": -8.42481803894043,
            "repaglinide": 0.001711912453174591,
            "nateglinide": 0.02530592307448387,
            "chlorpropamide": 0.013170858845114708,
            "glimepiride": 0.3871617019176483,
            "acetohexamide": 0.0,
            "glipizide": -0.3810358941555023,
            "glyburide": 0.40021488070487976,
            "tolbutamide": 0.0,
            "pioglitazone": 0.34365829825401306,
            "rosiglitazone": 0.17399299144744873,
            "acarbose": 0.05368511751294136,
            "miglitol": 0.0,
            "troglitazone": 0.0,
            "tolazamide": 0.0,
            "insulin": -1.7784059047698975,
            "glyburide-metformin": 0.01911759562790394,
            "glipizide-metformin": 0.0,
            "glimepiride-pioglitazone": 0.0,
            "metformin-rosiglitazone": 0.0,
            "metformin-pioglitazone": 0.0,
            "change": -0.1525774449110031,
            "diabetesMed": 2.3816895484924316
        }
    }
}