{
    "LogisticRegression": {
        "SHAP": {
            "number_inpatient": 48.18098217428087,
            "age": 10.128601992052303,
            "number_diagnoses": -9.098938702177499,
            "insulin": 4.87943341519864,
            "diabetesMed": 4.8471116392010085,
            "time_in_hospital": -3.144953741106383,
            "change": 2.5681289353046246,
            "metformin": 2.5227432911783887,
            "num_medications": -2.4201068484918915,
            "num_procedures": 2.3128458965135312,
            "number_emergency": -1.7752992452590388,
            "payer_code": -1.6179734799757115,
            "discharge_disposition_id": -1.2371869664925423,
            "glimepiride": 1.070025800620601,
            "gender": -0.7803925415372165,
            "admission_type_id": 0.7288366801835714,
            "num_lab_procedures": 0.4759916274042388,
            "glyburide": 0.3775499750808493,
            "pioglitazone": 0.34551179486048744,
            "rosiglitazone": 0.33658920791549796,
            "admission_source_id": -0.19592600142801023,
            "glyburide-metformin": 0.15084220500991974,
            "acarbose": 0.14465693638781146,
            "diag_2": 0.12288212317387763,
            "number_outpatient": 0.1041200557571518,
            "medical_specialty": 0.06841582048906003,
            "glipizide": 0.06528574453347594,
            "glipizide-metformin": -0.060346149564906436,
            "diag_3": 0.04252300255583113,
            "chlorpropamide": -0.04018087638382988,
            "diag_1": 0.027980244935416055,
            "race": 0.021758750725044892,
            "tolazamide": 0.020136292404526974,
            "tolbutamide": -0.01767781223976731,
            "troglitazone": -0.01579768808773424,
            "repaglinide": 0.010452571141565078,
            "miglitol": -0.010427435403491935,
            "metformin-rosiglitazone": -0.010258482248131747,
            "acetohexamide": -0.005802386522909406,
            "nateglinide": 0.005310011967094164,
            "glimepiride-pioglitazone": -0.005206835050296101,
            "metformin-pioglitazone": -0.004808619155256531
        },
        "Lime": {
            "race": 0.0,
            "gender": 0.0,
            "age": 0.0,
            "admission_type_id": 0.0,
            "discharge_disposition_id": -7.211862005467777,
            "admission_source_id": 0.0,
            "time_in_hospital": 0.0,
            "payer_code": 0.0,
            "medical_specialty": 0.0,
            "num_lab_procedures": 4.849694118617674,
            "num_procedures": 0.0,
            "num_medications": 0.0,
            "number_outpatient": 0.0,
            "number_emergency": -14.774977723798818,
            "number_inpatient": 57.625763422162294,
            "diag_1": 0.0,
            "diag_2": 0.0,
            "diag_3": 0.0,
            "number_diagnoses": -15.537702729953434,
            "metformin": 0.0,
            "repaglinide": 0.0,
            "nateglinide": 0.0,
            "chlorpropamide": 0.0,
            "glimepiride": 0.0,
            "acetohexamide": 0.0,
            "glipizide": 0.0,
            "glyburide": 0.0,
            "tolbutamide": 0.0,
            "pioglitazone": 0.0,
            "rosiglitazone": 0.0,
            "acarbose": 0.0,
            "miglitol": 0.0,
            "troglitazone": 0.0,
            "tolazamide": 0.0,
            "insulin": 0.0,
            "glyburide-metformin": 0.0,
            "glipizide-metformin": 0.0,
            "glimepiride-pioglitazone": 0.0,
            "metformin-rosiglitazone": 0.0,
            "metformin-pioglitazone": 0.0,
            "change": 0.0,
            "diabetesMed": 0.0
        },
        "Inherent": {
            "number_inpatient": 48.74402400180052,
            "age": 11.128841480162231,
            "insulin": 5.334131379038251,
            "diabetesMed": 4.081975527848347,
            "change": 2.7857042818569115,
            "num_procedures": 2.4092219081318076,
            "metformin": 2.358992898732189,
            "admission_type_id": 0.7839845061854654,
            "glimepiride": 0.7441680852041663,
            "num_lab_procedures": 0.49268437428099615,
            "pioglitazone": 0.4416589117442557,
            "glyburide": 0.4023146593569026,
            "rosiglitazone": 0.28698927243153516,
            "diag_2": 0.19558568440531943,
            "number_outpatient": 0.13656956467256884,
            "glyburide-metformin": 0.07160318444903727,
            "medical_specialty": 0.06215388075109082,
            "glipizide": 0.05501094629757191,
            "tolazamide": 0.02924495623403054,
            "race": 0.02829562497520037,
            "nateglinide": 0.015943473583382876,
            "diag_3": 0.006067841222904919,
            "repaglinide": 0.0,
            "troglitazone": -0.0,
            "acarbose": -0.0,
            "miglitol": -0.0,
            "glimepiride-pioglitazone": -0.0,
            "glipizide-metformin": -0.0,
            "metformin-pioglitazone": -0.0,
            "metformin-rosiglitazone": -0.0,
            "chlorpropamide": -0.0,
            "acetohexamide": -0.0,
            "tolbutamide": -0.0,
            "diag_1": -0.06828442303283863,
            "admission_source_id": -0.3903222315854646,
            "gender": -0.8843544764823251,
            "discharge_disposition_id": -1.7375963559800836,
            "number_emergency": -1.787468008806544,
            "payer_code": -1.9556744960724262,
            "num_medications": -2.1948507750676494,
            "time_in_hospital": -2.457652440162707,
            "number_diagnoses": -7.928630349445269
        }
    },
    "DecisionTree": {
        "SHAP": {
            "number_inpatient": 66.54169748097716,
            "discharge_disposition_id": 23.557225658085628,
            "payer_code": -4.682267048829708,
            "number_diagnoses": -3.3242334758554435,
            "num_medications": -0.7922983824030428,
            "medical_specialty": 0.4719543397159687,
            "diag_1": -0.46561673784875884,
            "admission_source_id": 0.1647068762842697,
            "gender": 0.0,
            "race": 0.0,
            "num_lab_procedures": 0.0,
            "time_in_hospital": 0.0,
            "admission_type_id": 0.0,
            "age": 0.0,
            "number_emergency": 0.0,
            "number_outpatient": 0.0,
            "diag_2": 0.0,
            "num_procedures": 0.0,
            "diag_3": 0.0,
            "metformin": 0.0,
            "repaglinide": 0.0,
            "nateglinide": 0.0,
            "chlorpropamide": 0.0,
            "glimepiride": 0.0,
            "acetohexamide": 0.0,
            "glipizide": 0.0,
            "glyburide": 0.0,
            "tolbutamide": 0.0,
            "pioglitazone": 0.0,
            "rosiglitazone": 0.0,
            "acarbose": 0.0,
            "miglitol": 0.0,
            "troglitazone": 0.0,
            "tolazamide": 0.0,
            "insulin": 0.0,
            "glyburide-metformin": 0.0,
            "glipizide-metformin": 0.0,
            "glimepiride-pioglitazone": 0.0,
            "metformin-rosiglitazone": 0.0,
            "metformin-pioglitazone": 0.0,
            "change": 0.0,
            "diabetesMed": 0.0
        },
        "Lime": {
            "race": 0.0,
            "gender": 1.3793329655867095,
            "age": 2.767970505481089,
            "admission_type_id": 0.0,
            "discharge_disposition_id": 19.02772888221905,
            "admission_source_id": 0.0,
            "time_in_hospital": 0.0,
            "payer_code": -2.619078520029444,
            "medical_specialty": 0.0,
            "num_lab_procedures": 0.0,
            "num_procedures": 0.0,
            "num_medications": 0.0,
            "number_outpatient": 0.0,
            "number_emergency": 0.0,
            "number_inpatient": 30.906726333454266,
            "diag_1": -4.6599755384220085,
            "diag_2": -1.5754105326822236,
            "diag_3": 0.0,
            "number_diagnoses": -3.902307743508072,
            "metformin": 0.0,
            "repaglinide": 0.0,
            "nateglinide": 0.0,
            "chlorpropamide": 1.7010030620244758,
            "glimepiride": 0.0,
            "acetohexamide": 0.0,
            "glipizide": 0.0,
            "glyburide": 4.6260705754984555,
            "tolbutamide": 0.0,
            "pioglitazone": 2.6395816128652636,
            "rosiglitazone": 0.0,
            "acarbose": 2.5163568297854177,
            "miglitol": -13.400651869949714,
            "troglitazone": 0.0,
            "tolazamide": -5.442247110383084,
            "insulin": -1.3758291240572151,
            "glyburide-metformin": 0.0,
            "glipizide-metformin": 0.0,
            "glimepiride-pioglitazone": 0.0,
            "metformin-rosiglitazone": 0.0,
            "metformin-pioglitazone": 0.0,
            "change": 1.459728794053525,
            "diabetesMed": 0.0
        },
        "Inherent": {
            "number_inpatient": 93.6099415561071,
            "discharge_disposition_id": -4.424396301835058,
            "diag_1": -1.9656621420578377,
            "age": 0.0,
            "gender": 0.0,
            "admission_source_id": 0.0,
            "time_in_hospital": 0.0,
            "payer_code": 0.0,
            "admission_type_id": 0.0,
            "race": 0.0,
            "num_lab_procedures": 0.0,
            "medical_specialty": 0.0,
            "num_procedures": 0.0,
            "num_medications": 0.0,
            "number_emergency": 0.0,
            "number_outpatient": 0.0,
            "diag_2": 0.0,
            "diag_3": 0.0,
            "number_diagnoses": 0.0,
            "metformin": 0.0,
            "repaglinide": 0.0,
            "nateglinide": 0.0,
            "chlorpropamide": 0.0,
            "glimepiride": 0.0,
            "acetohexamide": 0.0,
            "glipizide": 0.0,
            "glyburide": 0.0,
            "tolbutamide": 0.0,
            "pioglitazone": 0.0,
            "rosiglitazone": 0.0,
            "acarbose": 0.0,
            "miglitol": 0.0,
            "troglitazone": 0.0,
            "tolazamide": 0.0,
            "insulin": 0.0,
            "glyburide-metformin": 0.0,
            "glipizide-metformin": 0.0,
            "glimepiride-pioglitazone": 0.0,
            "metformin-rosiglitazone": 0.0,
            "metformin-pioglitazone": 0.0,
            "change": 0.0,
            "diabetesMed": 0.0
        }
    },
    "XGBOOST": {
        "SHAP": {
            "number_inpatient": 41.66222885702355,
            "discharge_disposition_id": 13.355022969090937,
            "insulin": 9.945661965641857,
            "diag_1": -3.7185593436930655,
            "age": -3.6613204411930917,
            "diabetesMed": 3.2555073932888736,
            "diag_2": 2.5999095237741123,
            "num_medications": -2.4903611774686465,
            "metformin": 2.388583645865159,
            "time_in_hospital": 1.9418585860668105,
            "medical_specialty": 1.8901413833341947,
            "number_diagnoses": -1.7547964034998937,
            "number_emergency": -1.6475334085729252,
            "num_lab_procedures": -1.5385310679657744,
            "diag_3": -1.2798130483443286,
            "payer_code": -1.1661805532817953,
            "glimepiride": 0.7973104921517732,
            "gender": -0.6026224554183945,
            "glyburide": 0.5557774883852048,
            "acarbose": 0.5292440630944089,
            "pioglitazone": 0.5080044860430809,
            "rosiglitazone": 0.4050422227959184,
            "admission_source_id": 0.38188594880984456,
            "glipizide": -0.3656764856385612,
            "race": 0.36452129393141985,
            "glyburide-metformin": 0.33017947760136146,
            "num_procedures": 0.309450729642129,
            "number_outpatient": 0.24794477072477816,
            "change": -0.17743938476950755,
            "admission_type_id": 0.10774083079193675,
            "repaglinide": 0.02115010209666012,
            "acetohexamide": 0.0,
            "nateglinide": 0.0,
            "chlorpropamide": 0.0,
            "tolazamide": 0.0,
            "troglitazone": 0.0,
            "miglitol": 0.0,
            "tolbutamide": 0.0,
            "glimepiride-pioglitazone": 0.0,
            "glipizide-metformin": 0.0,
            "metformin-pioglitazone": 0.0,
            "metformin-rosiglitazone": 0.0
        },
        "Lime": {
            "race": 0.0,
            "gender": 0.0,
            "age": 3.402541758841418,
            "admission_type_id": 0.0,
            "discharge_disposition_id": 17.131433310195636,
            "admission_source_id": 0.0,
            "time_in_hospital": 0.0,
            "payer_code": 0.0,
            "medical_specialty": 0.0,
            "num_lab_procedures": 0.0,
            "num_procedures": 0.0,
            "num_medications": -3.5194275169357447,
            "number_outpatient": 0.0,
            "number_emergency": -6.755218937022847,
            "number_inpatient": 27.337327635880694,
            "diag_1": 2.5958763896550976,
            "diag_2": 0.0,
            "diag_3": 5.122977543153803,
            "number_diagnoses": -2.455682188876948,
            "metformin": 4.683918523642399,
            "repaglinide": 2.8802720866243083,
            "nateglinide": -4.394444237787046,
            "chlorpropamide": 0.0,
            "glimepiride": 4.013576355745362,
            "acetohexamide": 0.0,
            "glipizide": 0.0,
            "glyburide": -4.019491205159611,
            "tolbutamide": 0.0,
            "pioglitazone": 0.0,
            "rosiglitazone": 0.0,
            "acarbose": 0.0,
            "miglitol": 0.0,
            "troglitazone": 0.0,
            "tolazamide": 4.010900513726864,
            "insulin": 0.0,
            "glyburide-metformin": 0.0,
            "glipizide-metformin": 0.0,
            "glimepiride-pioglitazone": 0.0,
            "metformin-rosiglitazone": 0.0,
            "metformin-pioglitazone": 0.0,
            "change": -1.5754820414566593,
            "diabetesMed": 6.101429755295554
        },
        "Inherent": {
            "race": 0.5055859088897705,
            "gender": -0.6689224243164062,
            "age": -5.197808742523193,
            "admission_type_id": 0.2902097702026367,
            "discharge_disposition_id": 13.656018257141113,
            "admission_source_id": -0.0597250759601593,
            "time_in_hospital": 0.8594754934310913,
            "payer_code": -1.6755391359329224,
            "medical_specialty": 1.124005913734436,
            "num_lab_procedures": -0.9035376906394958,
            "num_procedures": 0.42111092805862427,
            "num_medications": -4.415351867675781,
            "number_outpatient": 0.39412882924079895,
            "number_emergency": -1.8878728151321411,
            "number_inpatient": 38.81435012817383,
            "diag_1": -5.313169002532959,
            "diag_2": 1.8177145719528198,
            "diag_3": -3.622331380844116,
            "number_diagnoses": -1.1140241622924805,
            "metformin": 1.9277105331420898,
            "repaglinide": 0.0041224840097129345,
            "nateglinide": -0.014870874583721161,
            "chlorpropamide": 0.019711317494511604,
            "glimepiride": 0.4563283622264862,
            "acetohexamide": 0.0,
            "glipizide": -0.41514939069747925,
            "glyburide": 0.38244572281837463,
            "tolbutamide": 0.0,
            "pioglitazone": 0.5755099654197693,
            "rosiglitazone": 0.1790773868560791,
            "acarbose": 0.08790476620197296,
            "miglitol": 0.0,
            "troglitazone": 0.0,
            "tolazamide": 0.0,
            "insulin": 10.555486679077148,
            "glyburide-metformin": 0.054377004504203796,
            "glipizide-metformin": 0.0,
            "glimepiride-pioglitazone": 0.0,
            "metformin-rosiglitazone": 0.0,
            "metformin-pioglitazone": 0.0,
            "change": -0.1673441231250763,
            "diabetesMed": 2.4190781116485596
        }
    }
}