{
    "LogisticRegression": {
        "SHAP": {
            "number_diagnoses": -16.6510315893326,
            "number_inpatient": -16.2564646815697,
            "num_procedures": -9.591960412307635,
            "time_in_hospital": -8.474659688366911,
            "age": 8.384227624595683,
            "discharge_disposition_id": -7.061450549181961,
            "diabetesMed": 6.253496434339999,
            "metformin": 3.25471483853417,
            "num_medications": -3.1222985304007866,
            "insulin": -2.8883020812990434,
            "change": -2.681734850346867,
            "admission_source_id": 2.5228686060845043,
            "number_emergency": -2.290400619273523,
            "payer_code": -2.0874269340230485,
            "glimepiride": 1.3804927608260604,
            "diag_1": 1.3007228953983658,
            "num_lab_procedures": -1.1572369017296387,
            "gender": -1.0068226892939802,
            "diag_3": -0.5143298985168122,
            "glyburide": 0.4870957383895602,
            "pioglitazone": 0.4457617108935893,
            "rosiglitazone": 0.43425024390068584,
            "diag_2": 0.4125419859092502,
            "medical_specialty": -0.3290472389195876,
            "glyburide-metformin": 0.19460892617959327,
            "acarbose": 0.18662900779666014,
            "number_outpatient": 0.13433039011413395,
            "admission_type_id": -0.11649838085835847,
            "glipizide": 0.08422834071975731,
            "glipizide-metformin": -0.07785552700669726,
            "chlorpropamide": -0.051839319144783645,
            "race": 0.02807203138758125,
            "tolazamide": 0.025978818340832335,
            "tolbutamide": -0.02280701251323757,
            "troglitazone": -0.020381372140986235,
            "repaglinide": 0.013485374637304018,
            "miglitol": -0.013452945788926843,
            "metformin-rosiglitazone": -0.013234971037516004,
            "acetohexamide": -0.007485943409724652,
            "nateglinide": 0.006850706848584107,
            "glimepiride-pioglitazone": -0.006717593248293845,
            "metformin-pioglitazone": -0.006203835393082167
        },
        "Lime": {
            "race": -21.579470975496296,
            "gender": 0.0,
            "age": 0.0,
            "admission_type_id": 0.0,
            "discharge_disposition_id": -14.54806742797996,
            "admission_source_id": 0.0,
            "time_in_hospital": 0.0,
            "payer_code": 0.0,
            "medical_specialty": 0.0,
            "num_lab_procedures": 0.0,
            "num_procedures": -5.653039979181735,
            "num_medications": -6.223398053589725,
            "number_outpatient": 0.0,
            "number_emergency": -23.06922251414142,
            "number_inpatient": 0.0,
            "diag_1": 0.0,
            "diag_2": 0.0,
            "diag_3": 0.0,
            "number_diagnoses": -28.926801049610873,
            "metformin": 0.0,
            "repaglinide": 0.0,
            "nateglinide": 0.0,
            "chlorpropamide": 0.0,
            "glimepiride": 0.0,
            "acetohexamide": 0.0,
            "glipizide": 0.0,
            "glyburide": 0.0,
            "tolbutamide": 0.0,
            "pioglitazone": 0.0,
            "rosiglitazone": 0.0,
            "acarbose": 0.0,
            "miglitol": 0.0,
            "troglitazone": 0.0,
            "tolazamide": 0.0,
            "insulin": 0.0,
            "glyburide-metformin": 0.0,
            "glipizide-metformin": 0.0,
            "glimepiride-pioglitazone": 0.0,
            "metformin-rosiglitazone": 0.0,
            "metformin-pioglitazone": 0.0,
            "change": 0.0,
            "diabetesMed": 0.0
        },
        "Inherent": {
            "age": 9.22501336219595,
            "diabetesMed": 5.1505929025971,
            "metformin": 2.9765519167361294,
            "admission_source_id": 2.362593579913418,
            "diag_1": 1.2146648330931613,
            "glimepiride": 0.9389833015515945,
            "pioglitazone": 0.5572804737998508,
            "diag_2": 0.5080648263329397,
            "glyburide": 0.5076363184829501,
            "rosiglitazone": 0.36211998323432565,
            "number_outpatient": 0.17232201068194197,
            "glyburide-metformin": 0.09034812950506842,
            "glipizide": 0.0694122215168632,
            "tolazamide": 0.036900971842709365,
            "race": 0.03570311585102447,
            "nateglinide": 0.020117303820437568,
            "tolbutamide": -0.0,
            "metformin-rosiglitazone": -0.0,
            "troglitazone": -0.0,
            "miglitol": -0.0,
            "glimepiride-pioglitazone": -0.0,
            "glipizide-metformin": -0.0,
            "metformin-pioglitazone": -0.0,
            "repaglinide": 0.0,
            "acetohexamide": -0.0,
            "chlorpropamide": -0.0,
            "acarbose": -0.0,
            "admission_type_id": -0.0978352649141329,
            "medical_specialty": -0.35083478496852305,
            "diag_3": -0.5778282510130424,
            "gender": -1.1158689852192234,
            "num_lab_procedures": -1.2003795435638904,
            "number_emergency": -2.2554079457284777,
            "payer_code": -2.4676490857284303,
            "change": -2.6516453623391794,
            "insulin": -2.7158358495957815,
            "num_medications": -2.769439147098966,
            "time_in_hospital": -7.644687037796583,
            "discharge_disposition_id": -7.814225120686448,
            "num_procedures": -9.895943452466689,
            "number_diagnoses": -15.056917565196265,
            "number_inpatient": -19.157197352528907
        }
    },
    "DecisionTree": {
        "SHAP": {
            "discharge_disposition_id": -32.81507799292731,
            "number_inpatient": -32.44615277281453,
            "number_diagnoses": -22.222166378576084,
            "diag_1": 8.806448332653058,
            "payer_code": -1.8370595517245827,
            "num_medications": -0.8464609488097916,
            "admission_source_id": -0.7180198613045868,
            "medical_specialty": -0.3086141611900523,
            "gender": 0.0,
            "race": 0.0,
            "num_lab_procedures": 0.0,
            "time_in_hospital": 0.0,
            "admission_type_id": 0.0,
            "age": 0.0,
            "number_emergency": 0.0,
            "number_outpatient": 0.0,
            "diag_2": 0.0,
            "num_procedures": 0.0,
            "diag_3": 0.0,
            "metformin": 0.0,
            "repaglinide": 0.0,
            "nateglinide": 0.0,
            "chlorpropamide": 0.0,
            "glimepiride": 0.0,
            "acetohexamide": 0.0,
            "glipizide": 0.0,
            "glyburide": 0.0,
            "tolbutamide": 0.0,
            "pioglitazone": 0.0,
            "rosiglitazone": 0.0,
            "acarbose": 0.0,
            "miglitol": 0.0,
            "troglitazone": 0.0,
            "tolazamide": 0.0,
            "insulin": 0.0,
            "glyburide-metformin": 0.0,
            "glipizide-metformin": 0.0,
            "glimepiride-pioglitazone": 0.0,
            "metformin-rosiglitazone": 0.0,
            "metformin-pioglitazone": 0.0,
            "change": 0.0,
            "diabetesMed": 0.0
        },
        "Lime": {
            "race": 0.0,
            "gender": 0.0,
            "age": 0.0,
            "admission_type_id": 0.0,
            "discharge_disposition_id": -18.25503948975632,
            "admission_source_id": 0.0,
            "time_in_hospital": 0.0,
            "payer_code": 0.0,
            "medical_specialty": 0.0,
            "num_lab_procedures": 0.0,
            "num_procedures": 0.0,
            "num_medications": 0.0,
            "number_outpatient": 0.0,
            "number_emergency": -4.845268981607573,
            "number_inpatient": -32.77760198464863,
            "diag_1": 0.0,
            "diag_2": 0.0,
            "diag_3": 0.0,
            "number_diagnoses": -7.62505567566237,
            "metformin": 0.0,
            "repaglinide": -5.2026944486884465,
            "nateglinide": 0.0,
            "chlorpropamide": 0.0,
            "glimepiride": 4.096456924829719,
            "acetohexamide": 0.0,
            "glipizide": 0.0,
            "glyburide": 15.298115231060908,
            "tolbutamide": 0.0,
            "pioglitazone": -4.686388152724327,
            "rosiglitazone": 0.0,
            "acarbose": 2.6255118609116708,
            "miglitol": 0.0,
            "troglitazone": 0.0,
            "tolazamide": 4.587867250110027,
            "insulin": 0.0,
            "glyburide-metformin": 0.0,
            "glipizide-metformin": 0.0,
            "glimepiride-pioglitazone": 0.0,
            "metformin-rosiglitazone": 0.0,
            "metformin-pioglitazone": 0.0,
            "change": 0.0,
            "diabetesMed": 0.0
        },
        "Inherent": {
            "number_inpatient": -39.273799514568424,
            "discharge_disposition_id": -27.369612223924538,
            "number_diagnoses": -24.11268218732319,
            "diag_1": 9.243906074183842,
            "gender": 0.0,
            "admission_source_id": 0.0,
            "time_in_hospital": 0.0,
            "age": 0.0,
            "admission_type_id": 0.0,
            "race": 0.0,
            "num_lab_procedures": 0.0,
            "medical_specialty": 0.0,
            "payer_code": 0.0,
            "num_procedures": 0.0,
            "number_emergency": 0.0,
            "number_outpatient": 0.0,
            "diag_2": 0.0,
            "num_medications": 0.0,
            "diag_3": 0.0,
            "metformin": 0.0,
            "repaglinide": 0.0,
            "nateglinide": 0.0,
            "chlorpropamide": 0.0,
            "glimepiride": 0.0,
            "acetohexamide": 0.0,
            "glipizide": 0.0,
            "glyburide": 0.0,
            "tolbutamide": 0.0,
            "pioglitazone": 0.0,
            "rosiglitazone": 0.0,
            "acarbose": 0.0,
            "miglitol": 0.0,
            "troglitazone": 0.0,
            "tolazamide": 0.0,
            "insulin": 0.0,
            "glyburide-metformin": 0.0,
            "glipizide-metformin": 0.0,
            "glimepiride-pioglitazone": 0.0,
            "metformin-rosiglitazone": 0.0,
            "metformin-pioglitazone": 0.0,
            "change": 0.0,
            "diabetesMed": 0.0
        }
    },
    "XGBOOST": {
        "SHAP": {
            "discharge_disposition_id": -15.604681608534666,
            "number_inpatient": -15.501671815660467,
            "number_diagnoses": -10.981169953968568,
            "age": 8.37130428017661,
            "diag_3": -7.617021562365311,
            "diag_1": 7.3355625953812424,
            "diag_2": -5.407502759410002,
            "time_in_hospital": -5.055784179366373,
            "diabetesMed": 4.707757762405521,
            "num_procedures": -4.482940895159781,
            "num_medications": 2.5638280087262713,
            "number_emergency": -2.5188064227612683,
            "medical_specialty": -1.787502185357224,
            "admission_source_id": 1.462857667299001,
            "insulin": -1.1747336634112657,
            "metformin": 1.1318340909065674,
            "glimepiride": 0.9902489162410864,
            "payer_code": -0.5808712732644437,
            "change": -0.48794691832595266,
            "pioglitazone": 0.42796844236588943,
            "admission_type_id": 0.4063589014058079,
            "glipizide": -0.3626007411356389,
            "glyburide-metformin": 0.2705211364040188,
            "acarbose": 0.2606058593158891,
            "num_lab_procedures": -0.22968439221102913,
            "rosiglitazone": 0.13752146358577175,
            "number_outpatient": -0.0774640394472414,
            "gender": 0.02594316994779991,
            "repaglinide": 0.0169448665079272,
            "glyburide": -0.013327218607718457,
            "race": 0.00703321034363481,
            "acetohexamide": 0.0,
            "nateglinide": 0.0,
            "chlorpropamide": 0.0,
            "tolazamide": 0.0,
            "troglitazone": 0.0,
            "miglitol": 0.0,
            "tolbutamide": 0.0,
            "glimepiride-pioglitazone": 0.0,
            "glipizide-metformin": 0.0,
            "metformin-pioglitazone": 0.0,
            "metformin-rosiglitazone": 0.0
        },
        "Lime": {
            "race": 0.0,
            "gender": 0.0,
            "age": 2.1364542268309705,
            "admission_type_id": 0.0,
            "discharge_disposition_id": -5.637925664439167,
            "admission_source_id": 0.0,
            "time_in_hospital": -3.998915766788246,
            "payer_code": -1.43244610159166,
            "medical_specialty": 0.0,
            "num_lab_procedures": -2.696638254333374,
            "num_procedures": 0.0,
            "num_medications": 0.0,
            "number_outpatient": 0.0,
            "number_emergency": -5.548926990123154,
            "number_inpatient": -19.62769445465575,
            "diag_1": 1.9315375195264748,
            "diag_2": -2.4601843051712895,
            "diag_3": -1.9156210159304718,
            "number_diagnoses": -1.8542072616431826,
            "metformin": 3.3673003165488753,
            "repaglinide": 4.294733294084055,
            "nateglinide": 2.4118906308241215,
            "chlorpropamide": 0.0,
            "glimepiride": 4.532423417643662,
            "acetohexamide": 0.0,
            "glipizide": -3.812913321392788,
            "glyburide": 7.1466659007973306,
            "tolbutamide": -4.782858078642234,
            "pioglitazone": 5.603423695853834,
            "rosiglitazone": 1.90027607342243,
            "acarbose": 7.028975879605709,
            "miglitol": 0.0,
            "troglitazone": 0.0,
            "tolazamide": 0.0,
            "insulin": 0.0,
            "glyburide-metformin": 0.0,
            "glipizide-metformin": 0.0,
            "glimepiride-pioglitazone": 0.0,
            "metformin-rosiglitazone": 0.0,
            "metformin-pioglitazone": 0.0,
            "change": 0.0,
            "diabetesMed": 5.877987830151215
        },
        "Inherent": {
            "race": 0.049832090735435486,
            "gender": 0.006304532289505005,
            "age": 8.125078201293945,
            "admission_type_id": 0.5071861147880554,
            "discharge_disposition_id": -15.38251781463623,
            "admission_source_id": 1.4064440727233887,
            "time_in_hospital": -5.159612655639648,
            "payer_code": -0.9362053275108337,
            "medical_specialty": -1.8788073062896729,
            "num_lab_procedures": -0.5409120917320251,
            "num_procedures": -5.027575969696045,
            "num_medications": 0.6202173233032227,
            "number_outpatient": -0.16141913831233978,
            "number_emergency": -2.6315627098083496,
            "number_inpatient": -19.878389358520508,
            "diag_1": 5.655933856964111,
            "diag_2": -5.974818229675293,
            "diag_3": -9.01464557647705,
            "number_diagnoses": -9.121973991394043,
            "metformin": 0.9289901852607727,
            "repaglinide": -0.005142168141901493,
            "nateglinide": 0.0190411526709795,
            "chlorpropamide": 0.015626439824700356,
            "glimepiride": 0.5897776484489441,
            "acetohexamide": 0.0,
            "glipizide": -0.27138227224349976,
            "glyburide": 0.02141161635518074,
            "tolbutamide": 0.0,
            "pioglitazone": 0.46693697571754456,
            "rosiglitazone": 0.08354076743125916,
            "acarbose": 0.03537115827202797,
            "miglitol": 0.0,
            "troglitazone": 0.0,
            "tolazamide": 0.0,
            "insulin": -1.3297075033187866,
            "glyburide-metformin": 0.04799531027674675,
            "glipizide-metformin": 0.0,
            "glimepiride-pioglitazone": 0.0,
            "metformin-rosiglitazone": 0.0,
            "metformin-pioglitazone": 0.0,
            "change": -0.5435961484909058,
            "diabetesMed": 3.562049627304077
        }
    }
}