{
    "LogisticRegression": {
        "SHAP": {
            "number_inpatient": -20.299188164160082,
            "number_emergency": 18.200907469908362,
            "number_diagnoses": 9.8760808288784,
            "discharge_disposition_id": 8.243545977586267,
            "diabetesMed": 7.808641256944837,
            "metformin": 4.064110507556529,
            "num_procedures": 3.7259682121635946,
            "diag_1": 3.593442574238616,
            "payer_code": -3.5455846711258765,
            "change": -3.3486395350948084,
            "time_in_hospital": -2.3086404161301592,
            "num_lab_procedures": -2.129640501839331,
            "insulin": 2.12706726281913,
            "glimepiride": 1.723799292169544,
            "gender": 1.7199201472905115,
            "age": -1.226369349096852,
            "admission_type_id": 1.174147532404325,
            "num_medications": 0.8954119731417692,
            "glyburide": 0.6082286795566328,
            "pioglitazone": 0.5566155386826194,
            "glipizide": -0.5429935010968705,
            "rosiglitazone": 0.5422413534515965,
            "admission_source_id": -0.31563454113286793,
            "glyburide-metformin": 0.24300506219063475,
            "acarbose": 0.23304066538217946,
            "diag_2": 0.19796169104012795,
            "number_outpatient": 0.167736215622777,
            "medical_specialty": 0.11021710211458398,
            "diag_3": 0.103650533648436,
            "glipizide-metformin": -0.09721695481063186,
            "chlorpropamide": -0.06473093100094017,
            "race": 0.03505309785667967,
            "tolazamide": 0.03243933611106449,
            "tolbutamide": -0.028478752763104447,
            "troglitazone": -0.025449894318209234,
            "repaglinide": 0.01683897222359629,
            "miglitol": -0.016798478837854083,
            "metformin-rosiglitazone": -0.016526297242372194,
            "acetohexamide": -0.009347578138101175,
            "nateglinide": 0.008554368375958674,
            "glimepiride-pioglitazone": -0.008388151546381683,
            "metformin-pioglitazone": -0.007746630306798726
        },
        "Lime": {
            "race": 0.0,
            "gender": 0.0,
            "age": 0.0,
            "admission_type_id": 0.0,
            "discharge_disposition_id": 44.501843968371105,
            "admission_source_id": 0.0,
            "time_in_hospital": 0.0,
            "payer_code": 0.0,
            "medical_specialty": 0.0,
            "num_lab_procedures": 0.0,
            "num_procedures": 0.0,
            "num_medications": -18.6429291579003,
            "number_outpatient": 0.0,
            "number_emergency": 36.855226873728604,
            "number_inpatient": 0.0,
            "diag_1": 0.0,
            "diag_2": 0.0,
            "diag_3": 0.0,
            "number_diagnoses": 0.0,
            "metformin": 0.0,
            "repaglinide": 0.0,
            "nateglinide": 0.0,
            "chlorpropamide": 0.0,
            "glimepiride": 0.0,
            "acetohexamide": 0.0,
            "glipizide": 0.0,
            "glyburide": 0.0,
            "tolbutamide": 0.0,
            "pioglitazone": 0.0,
            "rosiglitazone": 0.0,
            "acarbose": 0.0,
            "miglitol": 0.0,
            "troglitazone": 0.0,
            "tolazamide": 0.0,
            "insulin": 0.0,
            "glyburide-metformin": 0.0,
            "glipizide-metformin": 0.0,
            "glimepiride-pioglitazone": 0.0,
            "metformin-rosiglitazone": 0.0,
            "metformin-pioglitazone": 0.0,
            "change": 0.0,
            "diabetesMed": 0.0
        },
        "Inherent": {
            "number_emergency": 18.152444573410257,
            "number_diagnoses": 12.274541851428936,
            "discharge_disposition_id": 7.504611424646014,
            "diabetesMed": 6.194287204568116,
            "num_procedures": 3.655928933599542,
            "metformin": 3.579707773502046,
            "diag_1": 3.4117220360517493,
            "insulin": 2.4141192278152612,
            "gender": 1.607431317480829,
            "num_medications": 1.4189300277943444,
            "admission_type_id": 1.1896752349723296,
            "glimepiride": 1.1292548955230723,
            "pioglitazone": 0.670205425568284,
            "glyburide": 0.610501589160244,
            "rosiglitazone": 0.4354984408757622,
            "diag_2": 0.29679597392078677,
            "number_outpatient": 0.20724061210397327,
            "glyburide-metformin": 0.10865589129898387,
            "medical_specialty": 0.0943168291000685,
            "tolazamide": 0.04437842827884294,
            "diag_3": 0.04402713794608273,
            "race": 0.042937843829144416,
            "nateglinide": 0.02419378894855231,
            "repaglinide": 0.0,
            "troglitazone": -0.0,
            "acetohexamide": -0.0,
            "glimepiride-pioglitazone": -0.0,
            "metformin-rosiglitazone": -0.0,
            "acarbose": -0.0,
            "glipizide-metformin": -0.0,
            "metformin-pioglitazone": -0.0,
            "miglitol": -0.0,
            "chlorpropamide": -0.0,
            "tolbutamide": -0.0,
            "age": -0.4924376660267252,
            "glipizide": -0.5586579164928701,
            "admission_source_id": -0.5923034051217713,
            "time_in_hospital": -0.9972444306677708,
            "num_lab_procedures": -2.1218648178753092,
            "change": -3.1889635328600527,
            "payer_code": -3.8979911913067653,
            "number_inpatient": -23.039130577825528
        }
    },
    "DecisionTree": {
        "SHAP": {
            "number_inpatient": -48.96518996355152,
            "discharge_disposition_id": 28.598323046218415,
            "diag_1": 9.061846235964358,
            "number_diagnoses": 5.431024151937785,
            "payer_code": -4.437314539256254,
            "num_medications": -1.668554329357087,
            "medical_specialty": 1.4908804705687617,
            "admission_source_id": 0.34686726314581556,
            "gender": 0.0,
            "race": 0.0,
            "num_lab_procedures": 0.0,
            "time_in_hospital": 0.0,
            "admission_type_id": 0.0,
            "age": 0.0,
            "number_emergency": 0.0,
            "number_outpatient": 0.0,
            "diag_2": 0.0,
            "num_procedures": 0.0,
            "diag_3": 0.0,
            "metformin": 0.0,
            "repaglinide": 0.0,
            "nateglinide": 0.0,
            "chlorpropamide": 0.0,
            "glimepiride": 0.0,
            "acetohexamide": 0.0,
            "glipizide": 0.0,
            "glyburide": 0.0,
            "tolbutamide": 0.0,
            "pioglitazone": 0.0,
            "rosiglitazone": 0.0,
            "acarbose": 0.0,
            "miglitol": 0.0,
            "troglitazone": 0.0,
            "tolazamide": 0.0,
            "insulin": 0.0,
            "glyburide-metformin": 0.0,
            "glipizide-metformin": 0.0,
            "glimepiride-pioglitazone": 0.0,
            "metformin-rosiglitazone": 0.0,
            "metformin-pioglitazone": 0.0,
            "change": 0.0,
            "diabetesMed": 0.0
        },
        "Lime": {
            "race": 0.0,
            "gender": 0.0,
            "age": 0.0,
            "admission_type_id": -3.408721867958516,
            "discharge_disposition_id": 0.0,
            "admission_source_id": 0.0,
            "time_in_hospital": 0.0,
            "payer_code": -2.7204453394271586,
            "medical_specialty": 0.0,
            "num_lab_procedures": 0.0,
            "num_procedures": 0.0,
            "num_medications": 0.0,
            "number_outpatient": 0.0,
            "number_emergency": 5.241241833500483,
            "number_inpatient": -29.80393280833324,
            "diag_1": 8.427666072931146,
            "diag_2": 0.0,
            "diag_3": 0.0,
            "number_diagnoses": 2.5563286582968314,
            "metformin": -2.55671551700522,
            "repaglinide": 0.0,
            "nateglinide": 4.501511145952593,
            "chlorpropamide": -18.5458096528233,
            "glimepiride": 0.0,
            "acetohexamide": 0.0,
            "glipizide": 3.8452785783508463,
            "glyburide": 7.992316060002682,
            "tolbutamide": 0.0,
            "pioglitazone": -2.099125492891076,
            "rosiglitazone": 4.137871804945108,
            "acarbose": 4.163035167581807,
            "miglitol": 0.0,
            "troglitazone": 0.0,
            "tolazamide": 0.0,
            "insulin": 0.0,
            "glyburide-metformin": 0.0,
            "glipizide-metformin": 0.0,
            "glimepiride-pioglitazone": 0.0,
            "metformin-rosiglitazone": 0.0,
            "metformin-pioglitazone": 0.0,
            "change": 0.0,
            "diabetesMed": 0.0
        },
        "Inherent": {
            "number_inpatient": -64.94048756620666,
            "discharge_disposition_id": 35.05951243379335,
            "gender": 0.0,
            "age": 0.0,
            "admission_type_id": 0.0,
            "admission_source_id": 0.0,
            "time_in_hospital": 0.0,
            "payer_code": 0.0,
            "medical_specialty": 0.0,
            "race": 0.0,
            "num_lab_procedures": 0.0,
            "num_procedures": 0.0,
            "number_outpatient": 0.0,
            "num_medications": 0.0,
            "number_emergency": 0.0,
            "diag_1": 0.0,
            "diag_2": 0.0,
            "diag_3": 0.0,
            "number_diagnoses": 0.0,
            "metformin": 0.0,
            "repaglinide": 0.0,
            "nateglinide": 0.0,
            "chlorpropamide": 0.0,
            "glimepiride": 0.0,
            "acetohexamide": 0.0,
            "glipizide": 0.0,
            "glyburide": 0.0,
            "tolbutamide": 0.0,
            "pioglitazone": 0.0,
            "rosiglitazone": 0.0,
            "acarbose": 0.0,
            "miglitol": 0.0,
            "troglitazone": 0.0,
            "tolazamide": 0.0,
            "insulin": 0.0,
            "glyburide-metformin": 0.0,
            "glipizide-metformin": 0.0,
            "glimepiride-pioglitazone": 0.0,
            "metformin-rosiglitazone": 0.0,
            "metformin-pioglitazone": 0.0,
            "change": 0.0,
            "diabetesMed": 0.0
        }
    },
    "XGBOOST": {
        "SHAP": {
            "number_inpatient": -19.717680626370232,
            "number_emergency": 13.244928427215651,
            "diag_1": 10.36324255614121,
            "num_medications": 8.03290110435492,
            "discharge_disposition_id": 7.670058887594883,
            "time_in_hospital": 5.798757674033708,
            "diabetesMed": 5.687907880344253,
            "num_lab_procedures": -5.579503974229359,
            "glipizide": 2.8923245046329935,
            "payer_code": -2.3925240377167145,
            "diag_2": 2.2333317650848468,
            "metformin": 2.035867992214864,
            "number_diagnoses": 1.7438156409478989,
            "admission_source_id": 1.5937582096429994,
            "insulin": -1.5839262845742694,
            "gender": 1.510027035165861,
            "diag_3": 1.3841417530623705,
            "glimepiride": 1.1390852072412514,
            "admission_type_id": 0.9707754690307376,
            "medical_specialty": 0.6811172917315753,
            "race": 0.6704089213673661,
            "num_procedures": 0.6483347947497662,
            "pioglitazone": 0.513049939735776,
            "acarbose": 0.4111872331870959,
            "glyburide-metformin": 0.3891216130731208,
            "age": 0.38714765548077884,
            "rosiglitazone": 0.2619911194748159,
            "glyburide": 0.2434618933917577,
            "number_outpatient": -0.11545571708042944,
            "change": -0.06850588465071378,
            "repaglinide": 0.03565890647778227,
            "acetohexamide": 0.0,
            "nateglinide": 0.0,
            "chlorpropamide": 0.0,
            "tolazamide": 0.0,
            "troglitazone": 0.0,
            "miglitol": 0.0,
            "tolbutamide": 0.0,
            "glimepiride-pioglitazone": 0.0,
            "glipizide-metformin": 0.0,
            "metformin-pioglitazone": 0.0,
            "metformin-rosiglitazone": 0.0
        },
        "Lime": {
            "race": 0.0,
            "gender": 0.0,
            "age": 0.0,
            "admission_type_id": 0.0,
            "discharge_disposition_id": -4.447167654491625,
            "admission_source_id": 0.0,
            "time_in_hospital": 0.0,
            "payer_code": 4.623150872515125,
            "medical_specialty": 0.0,
            "num_lab_procedures": -1.5165308427009472,
            "num_procedures": 0.0,
            "num_medications": 0.0,
            "number_outpatient": 0.0,
            "number_emergency": 6.745149816238874,
            "number_inpatient": -20.653286931497643,
            "diag_1": 6.198279180140773,
            "diag_2": 0.0,
            "diag_3": 0.0,
            "number_diagnoses": 3.5207944352175313,
            "metformin": 4.904913642440989,
            "repaglinide": 0.0,
            "nateglinide": -4.93016522259564,
            "chlorpropamide": 4.0330613122907755,
            "glimepiride": 3.6181197612523945,
            "acetohexamide": 0.0,
            "glipizide": 2.697881224673548,
            "glyburide": 6.125693604420335,
            "tolbutamide": 0.0,
            "pioglitazone": 3.3397547273762784,
            "rosiglitazone": 5.032517777216353,
            "acarbose": 11.563874489168812,
            "miglitol": 0.0,
            "troglitazone": 0.0,
            "tolazamide": 0.0,
            "insulin": 0.0,
            "glyburide-metformin": 0.0,
            "glipizide-metformin": 0.0,
            "glimepiride-pioglitazone": 0.0,
            "metformin-rosiglitazone": 0.0,
            "metformin-pioglitazone": 0.0,
            "change": -1.550561636914499,
            "diabetesMed": 4.499096868847861
        },
        "Inherent": {
            "race": 0.9679229855537415,
            "gender": 1.3337515592575073,
            "age": -0.25363656878471375,
            "admission_type_id": 1.1230024099349976,
            "discharge_disposition_id": 8.458229064941406,
            "admission_source_id": 1.3235197067260742,
            "time_in_hospital": 5.149425983428955,
            "payer_code": -2.732708215713501,
            "medical_specialty": 0.00833851471543312,
            "num_lab_procedures": -4.347116947174072,
            "num_procedures": 0.8465328216552734,
            "num_medications": 4.779179573059082,
            "number_outpatient": -0.1912589818239212,
            "number_emergency": 14.315563201904297,
            "number_inpatient": -27.72570037841797,
            "diag_1": 7.987807750701904,
            "diag_2": 1.3711110353469849,
            "diag_3": -1.213391661643982,
            "number_diagnoses": 2.754054069519043,
            "metformin": 1.9338492155075073,
            "repaglinide": -0.027244197204709053,
            "nateglinide": -0.00502515584230423,
            "chlorpropamide": 0.025317389518022537,
            "glimepiride": 0.6182648539543152,
            "acetohexamide": 0.0,
            "glipizide": 2.8051962852478027,
            "glyburide": 0.41201403737068176,
            "tolbutamide": 0.0,
            "pioglitazone": 0.6258090138435364,
            "rosiglitazone": 0.06639831513166428,
            "acarbose": 0.03403928130865097,
            "miglitol": 0.0,
            "troglitazone": 0.0,
            "tolazamide": 0.0,
            "insulin": -1.9592387676239014,
            "glyburide-metformin": 0.06428046524524689,
            "glipizide-metformin": 0.0,
            "glimepiride-pioglitazone": 0.0,
            "metformin-rosiglitazone": 0.0,
            "metformin-pioglitazone": 0.0,
            "change": -0.09744099527597427,
            "diabetesMed": 4.443620681762695
        }
    }
}