{
    "LogisticRegression": {
        "SHAP": {
            "number_inpatient": 36.061003761191515,
            "number_emergency": 18.24063439339599,
            "num_procedures": -7.023663355276655,
            "metformin": -6.300732887392015,
            "number_diagnoses": 4.58832687275033,
            "payer_code": -4.264875498574059,
            "discharge_disposition_id": -4.0965305730905754,
            "diabetesMed": 3.6278154401229084,
            "time_in_hospital": 2.7712280490221213,
            "rosiglitazone": -2.3009417740359117,
            "change": 1.9221133114359783,
            "diag_2": -1.5691252529397408,
            "num_medications": -1.2544949283284499,
            "num_lab_procedures": -1.038342617426173,
            "insulin": 0.9882138523616034,
            "glimepiride": 0.8008596479245057,
            "gender": -0.5840839498411368,
            "age": -0.5697587472071608,
            "diag_1": 0.4093401173984479,
            "glyburide": 0.28257686865287485,
            "pioglitazone": 0.2585979274754383,
            "diag_3": -0.2584615345730301,
            "admission_source_id": -0.14664060290124512,
            "glyburide-metformin": 0.11289768445427767,
            "acarbose": 0.10826832687416403,
            "number_outpatient": 0.07792854260821558,
            "admission_type_id": -0.06758373163954275,
            "race": -0.05499218247849201,
            "glipizide": 0.048863044565135065,
            "glipizide-metformin": -0.04516601007762659,
            "chlorpropamide": -0.030073333274196323,
            "medical_specialty": 0.016620806186269294,
            "tolazamide": 0.015070986172708453,
            "tolbutamide": -0.013230939364456846,
            "troglitazone": -0.011823762485564519,
            "repaglinide": 0.00782321551450868,
            "miglitol": -0.007804402698657038,
            "metformin-rosiglitazone": -0.007677949893090091,
            "acetohexamide": -0.004342789888957803,
            "nateglinide": 0.003974272687607632,
            "glimepiride-pioglitazone": -0.0038970500363286554,
            "metformin-pioglitazone": -0.0035990057823355594
        },
        "Lime": {
            "race": 0.0,
            "gender": 0.0,
            "age": 0.0,
            "admission_type_id": 0.0,
            "discharge_disposition_id": -8.980740057220707,
            "admission_source_id": 0.0,
            "time_in_hospital": 11.127877855131892,
            "payer_code": 0.0,
            "medical_specialty": 0.0,
            "num_lab_procedures": 0.0,
            "num_procedures": -8.113765362772051,
            "num_medications": 0.0,
            "number_outpatient": 0.0,
            "number_emergency": 9.696839129989753,
            "number_inpatient": 62.08077759488562,
            "diag_1": 0.0,
            "diag_2": 0.0,
            "diag_3": 0.0,
            "number_diagnoses": 0.0,
            "metformin": 0.0,
            "repaglinide": 0.0,
            "nateglinide": 0.0,
            "chlorpropamide": 0.0,
            "glimepiride": 0.0,
            "acetohexamide": 0.0,
            "glipizide": 0.0,
            "glyburide": 0.0,
            "tolbutamide": 0.0,
            "pioglitazone": 0.0,
            "rosiglitazone": 0.0,
            "acarbose": 0.0,
            "miglitol": 0.0,
            "troglitazone": 0.0,
            "tolazamide": 0.0,
            "insulin": 0.0,
            "glyburide-metformin": 0.0,
            "glipizide-metformin": 0.0,
            "glimepiride-pioglitazone": 0.0,
            "metformin-rosiglitazone": 0.0,
            "metformin-pioglitazone": 0.0,
            "change": 0.0,
            "diabetesMed": 0.0
        },
        "Inherent": {
            "number_inpatient": 34.7958543065548,
            "number_emergency": 18.3545041630691,
            "number_diagnoses": 5.774182079076205,
            "time_in_hospital": 3.3866830811525688,
            "diabetesMed": 2.913912600746435,
            "change": 1.988571159596067,
            "insulin": 1.135648413662087,
            "glimepiride": 0.5312233612759496,
            "diag_1": 0.3408668670054416,
            "pioglitazone": 0.31527760501835067,
            "glyburide": 0.287191764714725,
            "number_outpatient": 0.0974899953865275,
            "glyburide-metformin": 0.0511138344647549,
            "glipizide": 0.03926948814413264,
            "tolazamide": 0.02087647167339549,
            "nateglinide": 0.011381226628464315,
            "medical_specialty": 0.009675485643037185,
            "tolbutamide": -0.0,
            "glimepiride-pioglitazone": -0.0,
            "troglitazone": -0.0,
            "acarbose": -0.0,
            "miglitol": -0.0,
            "metformin-pioglitazone": -0.0,
            "acetohexamide": -0.0,
            "repaglinide": 0.0,
            "chlorpropamide": -0.0,
            "metformin-rosiglitazone": -0.0,
            "glipizide-metformin": -0.0,
            "race": -0.05130135886591948,
            "admission_type_id": -0.05534962995947689,
            "age": -0.23165220996844074,
            "admission_source_id": -0.278630986689886,
            "diag_3": -0.2868631076953933,
            "gender": -0.6312952233465967,
            "num_medications": -1.0082203613558451,
            "num_lab_procedures": -1.0472524037778108,
            "diag_2": -1.5266665888856448,
            "rosiglitazone": -2.355969307603417,
            "discharge_disposition_id": -4.420844255183941,
            "payer_code": -4.459500304307314,
            "metformin": -6.530493866719644,
            "num_procedures": -7.06223849182861
        }
    },
    "DecisionTree": {
        "SHAP": {
            "number_inpatient": 75.56819183924425,
            "discharge_disposition_id": -14.422351309279053,
            "diag_1": 3.751387287393705,
            "number_diagnoses": 2.688435048091533,
            "num_medications": -1.2747556664133608,
            "payer_code": -1.137066339080522,
            "num_lab_procedures": 0.7890225683042308,
            "medical_specialty": -0.19101976508465796,
            "admission_source_id": 0.17777017710869952,
            "race": 0.0,
            "time_in_hospital": 0.0,
            "age": 0.0,
            "admission_type_id": 0.0,
            "gender": 0.0,
            "number_emergency": 0.0,
            "number_outpatient": 0.0,
            "diag_2": 0.0,
            "num_procedures": 0.0,
            "diag_3": 0.0,
            "metformin": 0.0,
            "repaglinide": 0.0,
            "nateglinide": 0.0,
            "chlorpropamide": 0.0,
            "glimepiride": 0.0,
            "acetohexamide": 0.0,
            "glipizide": 0.0,
            "glyburide": 0.0,
            "tolbutamide": 0.0,
            "pioglitazone": 0.0,
            "rosiglitazone": 0.0,
            "acarbose": 0.0,
            "miglitol": 0.0,
            "troglitazone": 0.0,
            "tolazamide": 0.0,
            "insulin": 0.0,
            "glyburide-metformin": 0.0,
            "glipizide-metformin": 0.0,
            "glimepiride-pioglitazone": 0.0,
            "metformin-rosiglitazone": 0.0,
            "metformin-pioglitazone": 0.0,
            "change": 0.0,
            "diabetesMed": 0.0
        },
        "Lime": {
            "race": 0.0,
            "gender": 0.0,
            "age": 0.0,
            "admission_type_id": 0.0,
            "discharge_disposition_id": -18.596744127894933,
            "admission_source_id": 0.0,
            "time_in_hospital": 0.0,
            "payer_code": 0.0,
            "medical_specialty": 0.0,
            "num_lab_procedures": 0.0,
            "num_procedures": 0.0,
            "num_medications": 0.0,
            "number_outpatient": 0.0,
            "number_emergency": 0.0,
            "number_inpatient": 53.158613530140286,
            "diag_1": 0.0,
            "diag_2": -4.028933013889321,
            "diag_3": 0.0,
            "number_diagnoses": 6.0207142849903335,
            "metformin": 0.0,
            "repaglinide": -2.5080823560261747,
            "nateglinide": 0.0,
            "chlorpropamide": 2.484386255621189,
            "glimepiride": -4.308606946601377,
            "acetohexamide": 0.0,
            "glipizide": 0.0,
            "glyburide": 3.8587006053657844,
            "tolbutamide": 0.0,
            "pioglitazone": 0.0,
            "rosiglitazone": 0.0,
            "acarbose": -5.0352188794706025,
            "miglitol": 0.0,
            "troglitazone": 0.0,
            "tolazamide": 0.0,
            "insulin": 0.0,
            "glyburide-metformin": 0.0,
            "glipizide-metformin": 0.0,
            "glimepiride-pioglitazone": 0.0,
            "metformin-rosiglitazone": 0.0,
            "metformin-pioglitazone": 0.0,
            "change": 0.0,
            "diabetesMed": 0.0
        },
        "Inherent": {
            "number_inpatient": 93.6099415561071,
            "discharge_disposition_id": -4.424396301835058,
            "diag_1": -1.9656621420578377,
            "age": 0.0,
            "gender": 0.0,
            "admission_source_id": 0.0,
            "time_in_hospital": 0.0,
            "payer_code": 0.0,
            "admission_type_id": 0.0,
            "race": 0.0,
            "num_lab_procedures": 0.0,
            "medical_specialty": 0.0,
            "num_procedures": 0.0,
            "num_medications": 0.0,
            "number_emergency": 0.0,
            "number_outpatient": 0.0,
            "diag_2": 0.0,
            "diag_3": 0.0,
            "number_diagnoses": 0.0,
            "metformin": 0.0,
            "repaglinide": 0.0,
            "nateglinide": 0.0,
            "chlorpropamide": 0.0,
            "glimepiride": 0.0,
            "acetohexamide": 0.0,
            "glipizide": 0.0,
            "glyburide": 0.0,
            "tolbutamide": 0.0,
            "pioglitazone": 0.0,
            "rosiglitazone": 0.0,
            "acarbose": 0.0,
            "miglitol": 0.0,
            "troglitazone": 0.0,
            "tolazamide": 0.0,
            "insulin": 0.0,
            "glyburide-metformin": 0.0,
            "glipizide-metformin": 0.0,
            "glimepiride-pioglitazone": 0.0,
            "metformin-rosiglitazone": 0.0,
            "metformin-pioglitazone": 0.0,
            "change": 0.0,
            "diabetesMed": 0.0
        }
    },
    "XGBOOST": {
        "SHAP": {
            "number_inpatient": 26.826066815372478,
            "number_emergency": 12.658294448031619,
            "diag_3": 11.67352389400966,
            "discharge_disposition_id": -6.191853958820304,
            "metformin": -4.92020536801885,
            "diag_1": -4.850978839786272,
            "diag_2": -3.9986158971207617,
            "payer_code": -3.807527617385509,
            "time_in_hospital": 3.230540535291946,
            "num_procedures": -3.170725430728366,
            "race": -2.6345973175492774,
            "medical_specialty": -2.5960871381171478,
            "diabetesMed": 2.3007909901658667,
            "gender": -1.8073410853545155,
            "number_diagnoses": 1.775526459543744,
            "rosiglitazone": -1.7049207315471833,
            "num_lab_procedures": -1.5644388798589042,
            "admission_source_id": 0.8744482479787652,
            "insulin": -0.7437927663252114,
            "glimepiride": 0.6264431423042673,
            "pioglitazone": 0.41353880713554436,
            "change": 0.3644657838852379,
            "age": -0.2855079187774318,
            "glipizide": -0.26066374447983215,
            "acarbose": 0.20422870129318968,
            "glyburide-metformin": 0.19931119985294588,
            "admission_type_id": 0.15107023625603166,
            "glyburide": 0.07721085441864549,
            "num_medications": 0.06584012243622833,
            "number_outpatient": -0.011531388651354274,
            "repaglinide": -0.00991167950290497,
            "acetohexamide": 0.0,
            "nateglinide": 0.0,
            "chlorpropamide": 0.0,
            "tolazamide": 0.0,
            "troglitazone": 0.0,
            "miglitol": 0.0,
            "tolbutamide": 0.0,
            "glimepiride-pioglitazone": 0.0,
            "glipizide-metformin": 0.0,
            "metformin-pioglitazone": 0.0,
            "metformin-rosiglitazone": 0.0
        },
        "Lime": {
            "race": 0.0,
            "gender": 0.0,
            "age": 0.0,
            "admission_type_id": 0.0,
            "discharge_disposition_id": -4.428208122684336,
            "admission_source_id": 0.0,
            "time_in_hospital": 0.0,
            "payer_code": -1.747464440896883,
            "medical_specialty": 0.0,
            "num_lab_procedures": 0.0,
            "num_procedures": 0.0,
            "num_medications": 2.0908652884735472,
            "number_outpatient": 0.0,
            "number_emergency": 6.117476942853667,
            "number_inpatient": 17.119949635733153,
            "diag_1": -1.8681946725742935,
            "diag_2": -2.49490649237854,
            "diag_3": 6.635956103156119,
            "number_diagnoses": 2.3809033554537393,
            "metformin": -3.1923469656325456,
            "repaglinide": 9.346092625630789,
            "nateglinide": 11.293549162664469,
            "chlorpropamide": 4.782768280331575,
            "glimepiride": 2.281047546030334,
            "acetohexamide": 0.0,
            "glipizide": -2.4530304536307237,
            "glyburide": 10.215085162738205,
            "tolbutamide": 0.0,
            "pioglitazone": 0.0,
            "rosiglitazone": -2.635855784989074,
            "acarbose": 5.311360328924002,
            "miglitol": 0.0,
            "troglitazone": 0.0,
            "tolazamide": 0.0,
            "insulin": 0.0,
            "glyburide-metformin": 0.0,
            "glipizide-metformin": 0.0,
            "glimepiride-pioglitazone": 0.0,
            "metformin-rosiglitazone": 0.0,
            "metformin-pioglitazone": 0.0,
            "change": 0.0,
            "diabetesMed": 3.6049386352240065
        },
        "Inherent": {
            "race": -2.280597686767578,
            "gender": -2.013643980026245,
            "age": -0.7623100876808167,
            "admission_type_id": 0.051241956651210785,
            "discharge_disposition_id": -6.864460468292236,
            "admission_source_id": 0.6461040377616882,
            "time_in_hospital": 1.4528307914733887,
            "payer_code": -3.9007909297943115,
            "medical_specialty": -2.6328821182250977,
            "num_lab_procedures": -0.3129027485847473,
            "num_procedures": -3.170976161956787,
            "num_medications": -1.8707085847854614,
            "number_outpatient": 0.0037179081700742245,
            "number_emergency": 13.525266647338867,
            "number_inpatient": 24.678926467895508,
            "diag_1": -6.39436674118042,
            "diag_2": -4.506752967834473,
            "diag_3": 10.942302703857422,
            "number_diagnoses": 1.9704198837280273,
            "metformin": -5.918742656707764,
            "repaglinide": -0.12938863039016724,
            "nateglinide": -0.0033471006900072098,
            "chlorpropamide": 0.01406257227063179,
            "glimepiride": 0.34586936235427856,
            "acetohexamide": 0.0,
            "glipizide": -0.297282338142395,
            "glyburide": 0.1481911540031433,
            "tolbutamide": 0.0,
            "pioglitazone": 0.4742009937763214,
            "rosiglitazone": -1.6512434482574463,
            "acarbose": 0.015820447355508804,
            "miglitol": 0.0,
            "troglitazone": 0.0,
            "tolazamide": 0.0,
            "insulin": -0.955718457698822,
            "glyburide-metformin": 0.02597864717245102,
            "glipizide-metformin": 0.0,
            "glimepiride-pioglitazone": 0.0,
            "metformin-rosiglitazone": 0.0,
            "metformin-pioglitazone": 0.0,
            "change": 0.3780112862586975,
            "diabetesMed": 1.6609423160552979
        }
    }
}