{
    "LogisticRegression": {
        "SHAP": {
            "discharge_disposition_id": 31.001726593861008,
            "number_inpatient": 18.06271201119627,
            "age": 6.598173769872065,
            "number_diagnoses": 6.224332146106494,
            "time_in_hospital": -4.931229259816545,
            "diabetesMed": 4.921342548239852,
            "glyburide": -4.185834051153107,
            "payer_code": 3.0918763306584736,
            "metformin": 2.561377748503717,
            "num_procedures": 2.348265888076436,
            "diag_1": -2.2664677886068327,
            "change": -2.1104570796005535,
            "num_medications": -2.079482392221092,
            "number_emergency": -1.8024869988328913,
            "insulin": 1.3405695407212905,
            "diag_3": 1.2811588155374858,
            "glimepiride": 1.0864126705314776,
            "gender": 1.0839678661006185,
            "admission_type_id": 0.7399984221317716,
            "num_lab_procedures": 0.3837099565533073,
            "pioglitazone": 0.3508031222581713,
            "rosiglitazone": 0.3417438906907332,
            "diag_2": 0.2337982044357166,
            "admission_source_id": -0.1989265028137683,
            "glyburide-metformin": 0.15315227228973086,
            "acarbose": 0.14687227960375843,
            "number_outpatient": 0.10571459843810034,
            "medical_specialty": 0.06946357200079917,
            "glipizide": 0.06628556061462493,
            "glipizide-metformin": -0.06127031840454459,
            "chlorpropamide": -0.04079622490516922,
            "race": 0.022091974295306193,
            "tolazamide": 0.02044466889781244,
            "tolbutamide": -0.01794853843096191,
            "troglitazone": -0.016039621188259634,
            "repaglinide": 0.010612646649493641,
            "miglitol": -0.010587125971104406,
            "metformin-rosiglitazone": -0.010415585388995896,
            "acetohexamide": -0.005891246953254538,
            "nateglinide": 0.005391331945808233,
            "glimepiride-pioglitazone": -0.005286574929995366,
            "metformin-pioglitazone": -0.004882260572596595
        },
        "Lime": {
            "race": 0.0,
            "gender": 0.0,
            "age": 0.0,
            "admission_type_id": 0.0,
            "discharge_disposition_id": 21.010377849267684,
            "admission_source_id": 0.0,
            "time_in_hospital": 0.0,
            "payer_code": 0.0,
            "medical_specialty": 0.0,
            "num_lab_procedures": 0.0,
            "num_procedures": 0.0,
            "num_medications": 0.0,
            "number_outpatient": 0.0,
            "number_emergency": -19.147031911951608,
            "number_inpatient": 59.842590238780716,
            "diag_1": 0.0,
            "diag_2": 0.0,
            "diag_3": 0.0,
            "number_diagnoses": 0.0,
            "metformin": 0.0,
            "repaglinide": 0.0,
            "nateglinide": 0.0,
            "chlorpropamide": 0.0,
            "glimepiride": 0.0,
            "acetohexamide": 0.0,
            "glipizide": 0.0,
            "glyburide": 0.0,
            "tolbutamide": 0.0,
            "pioglitazone": 0.0,
            "rosiglitazone": 0.0,
            "acarbose": 0.0,
            "miglitol": 0.0,
            "troglitazone": 0.0,
            "tolazamide": 0.0,
            "insulin": 0.0,
            "glyburide-metformin": 0.0,
            "glipizide-metformin": 0.0,
            "glimepiride-pioglitazone": 0.0,
            "metformin-rosiglitazone": 0.0,
            "metformin-pioglitazone": 0.0,
            "change": 0.0,
            "diabetesMed": 0.0
        },
        "Inherent": {
            "discharge_disposition_id": 31.656508023882697,
            "number_inpatient": 16.769493855731483,
            "number_diagnoses": 8.08338875342188,
            "age": 7.3061618986750005,
            "diabetesMed": 4.079242397062827,
            "payer_code": 2.946863920190385,
            "num_procedures": 2.4076087875921712,
            "metformin": 2.3574134095680908,
            "insulin": 1.5898160967425152,
            "diag_3": 1.287610229045396,
            "gender": 1.0585724820442088,
            "admission_type_id": 0.7834595808950986,
            "glimepiride": 0.7436698194283435,
            "pioglitazone": 0.4413631942515485,
            "num_lab_procedures": 0.3892795810142598,
            "diag_2": 0.30832560060246444,
            "rosiglitazone": 0.286797115665713,
            "number_outpatient": 0.13647812304607568,
            "glyburide-metformin": 0.07155524176382914,
            "medical_specialty": 0.06211226494919261,
            "glipizide": 0.05497411312455538,
            "tolazamide": 0.029225374957842307,
            "race": 0.028276679334005895,
            "nateglinide": 0.015932798458512188,
            "glimepiride-pioglitazone": -0.0,
            "troglitazone": -0.0,
            "metformin-pioglitazone": -0.0,
            "metformin-rosiglitazone": -0.0,
            "acarbose": -0.0,
            "acetohexamide": -0.0,
            "repaglinide": 0.0,
            "chlorpropamide": -0.0,
            "miglitol": -0.0,
            "tolbutamide": -0.0,
            "glipizide-metformin": -0.0,
            "admission_source_id": -0.39006088712121156,
            "number_emergency": -1.786271190302937,
            "num_medications": -1.802404149991002,
            "change": -2.100089133151032,
            "diag_1": -2.4438667099544578,
            "time_in_hospital": -4.2552793411096115,
            "glyburide": -4.32789924692166
        }
    },
    "DecisionTree": {
        "SHAP": {
            "discharge_disposition_id": -71.73086171025909,
            "number_inpatient": -8.300065936193382,
            "payer_code": 8.002078626391922,
            "diag_1": -3.7637246204924284,
            "num_medications": -3.5554992827103713,
            "number_diagnoses": 2.5482214332556916,
            "medical_specialty": 1.008223198711056,
            "admission_source_id": 0.70371781888852,
            "number_emergency": -0.38760737309753285,
            "gender": 0.0,
            "num_lab_procedures": 0.0,
            "time_in_hospital": 0.0,
            "admission_type_id": 0.0,
            "age": 0.0,
            "race": 0.0,
            "number_outpatient": 0.0,
            "diag_2": 0.0,
            "num_procedures": 0.0,
            "diag_3": 0.0,
            "metformin": 0.0,
            "repaglinide": 0.0,
            "nateglinide": 0.0,
            "chlorpropamide": 0.0,
            "glimepiride": 0.0,
            "acetohexamide": 0.0,
            "glipizide": 0.0,
            "glyburide": 0.0,
            "tolbutamide": 0.0,
            "pioglitazone": 0.0,
            "rosiglitazone": 0.0,
            "acarbose": 0.0,
            "miglitol": 0.0,
            "troglitazone": 0.0,
            "tolazamide": 0.0,
            "insulin": 0.0,
            "glyburide-metformin": 0.0,
            "glipizide-metformin": 0.0,
            "glimepiride-pioglitazone": 0.0,
            "metformin-rosiglitazone": 0.0,
            "metformin-pioglitazone": 0.0,
            "change": 0.0,
            "diabetesMed": 0.0
        },
        "Lime": {
            "race": 0.0,
            "gender": 0.0,
            "age": 0.0,
            "admission_type_id": 0.0,
            "discharge_disposition_id": 3.443804849833179,
            "admission_source_id": 0.0,
            "time_in_hospital": 0.0,
            "payer_code": 4.562254297431846,
            "medical_specialty": 0.0,
            "num_lab_procedures": 0.0,
            "num_procedures": 0.0,
            "num_medications": 0.0,
            "number_outpatient": 0.0,
            "number_emergency": -5.548933901749635,
            "number_inpatient": 7.49396972639311,
            "diag_1": -16.37794191652234,
            "diag_2": 11.385065961719556,
            "diag_3": -9.61150065501586,
            "number_diagnoses": 4.7083086381183925,
            "metformin": 0.0,
            "repaglinide": 4.35343936817262,
            "nateglinide": 9.142574846911332,
            "chlorpropamide": 5.875887251185212,
            "glimepiride": 0.0,
            "acetohexamide": 0.0,
            "glipizide": 4.09218664618095,
            "glyburide": -2.5333553686001045,
            "tolbutamide": 0.0,
            "pioglitazone": 0.0,
            "rosiglitazone": -7.311178282036132,
            "acarbose": -3.5595982901297183,
            "miglitol": 0.0,
            "troglitazone": 0.0,
            "tolazamide": 0.0,
            "insulin": 0.0,
            "glyburide-metformin": 0.0,
            "glipizide-metformin": 0.0,
            "glimepiride-pioglitazone": 0.0,
            "metformin-rosiglitazone": 0.0,
            "metformin-pioglitazone": 0.0,
            "change": 0.0,
            "diabetesMed": 0.0
        },
        "Inherent": {
            "discharge_disposition_id": -53.630243217373994,
            "number_inpatient": -46.369756782626006,
            "gender": 0.0,
            "age": 0.0,
            "admission_type_id": 0.0,
            "admission_source_id": 0.0,
            "time_in_hospital": 0.0,
            "payer_code": 0.0,
            "medical_specialty": 0.0,
            "race": 0.0,
            "num_lab_procedures": 0.0,
            "num_procedures": 0.0,
            "number_outpatient": 0.0,
            "num_medications": 0.0,
            "number_emergency": 0.0,
            "diag_1": 0.0,
            "diag_2": 0.0,
            "diag_3": 0.0,
            "number_diagnoses": 0.0,
            "metformin": 0.0,
            "repaglinide": 0.0,
            "nateglinide": 0.0,
            "chlorpropamide": 0.0,
            "glimepiride": 0.0,
            "acetohexamide": 0.0,
            "glipizide": 0.0,
            "glyburide": 0.0,
            "tolbutamide": 0.0,
            "pioglitazone": 0.0,
            "rosiglitazone": 0.0,
            "acarbose": 0.0,
            "miglitol": 0.0,
            "troglitazone": 0.0,
            "tolazamide": 0.0,
            "insulin": 0.0,
            "glyburide-metformin": 0.0,
            "glipizide-metformin": 0.0,
            "glimepiride-pioglitazone": 0.0,
            "metformin-rosiglitazone": 0.0,
            "metformin-pioglitazone": 0.0,
            "change": 0.0,
            "diabetesMed": 0.0
        }
    },
    "XGBOOST": {
        "SHAP": {
            "discharge_disposition_id": 18.007564951951927,
            "number_inpatient": 17.069597913933503,
            "diag_3": -15.589743678129913,
            "medical_specialty": 5.5339543009976415,
            "diabetesMed": 5.420695481908376,
            "age": 5.377318754216474,
            "num_medications": -3.880573999140652,
            "diag_2": -3.3731115236198637,
            "glyburide": -3.3402124559904967,
            "metformin": 3.024900237331773,
            "diag_1": 2.669515223694734,
            "gender": 2.151308366047216,
            "admission_type_id": 1.8068775456299222,
            "num_procedures": -1.449253726287638,
            "number_diagnoses": 1.377452482547017,
            "number_emergency": -1.3049739129782567,
            "time_in_hospital": -1.2320849267388037,
            "payer_code": -1.1289684674014024,
            "admission_source_id": -0.894831651102445,
            "glimepiride": 0.8616163428155293,
            "change": 0.8110251894929891,
            "glyburide-metformin": 0.6273986031858758,
            "acarbose": 0.6263989750883565,
            "race": 0.5302476509395577,
            "insulin": -0.5294461746246302,
            "pioglitazone": 0.5150183550763454,
            "glipizide": -0.4460872978670251,
            "number_outpatient": -0.183754812388928,
            "rosiglitazone": 0.18048517000866268,
            "repaglinide": 0.029813892837326914,
            "num_lab_procedures": 0.02576793602670171,
            "acetohexamide": 0.0,
            "nateglinide": 0.0,
            "chlorpropamide": 0.0,
            "tolazamide": 0.0,
            "troglitazone": 0.0,
            "miglitol": 0.0,
            "tolbutamide": 0.0,
            "glimepiride-pioglitazone": 0.0,
            "glipizide-metformin": 0.0,
            "metformin-pioglitazone": 0.0,
            "metformin-rosiglitazone": 0.0
        },
        "Lime": {
            "race": 0.0,
            "gender": 0.0,
            "age": 3.8497215844879813,
            "admission_type_id": 0.0,
            "discharge_disposition_id": 0.0,
            "admission_source_id": -1.6904849669557738,
            "time_in_hospital": -3.57938016127336,
            "payer_code": 4.877989885622374,
            "medical_specialty": 0.0,
            "num_lab_procedures": 2.9264940214006376,
            "num_procedures": 0.0,
            "num_medications": -3.7141533306052468,
            "number_outpatient": 0.0,
            "number_emergency": -7.904795788934322,
            "number_inpatient": 10.22086118440586,
            "diag_1": 0.0,
            "diag_2": 1.9539392534819062,
            "diag_3": 6.018746822225907,
            "number_diagnoses": 3.8397319807424397,
            "metformin": 3.0478194119922843,
            "repaglinide": 0.0,
            "nateglinide": 8.775349913961387,
            "chlorpropamide": 0.0,
            "glimepiride": 4.632917250268653,
            "acetohexamide": 0.0,
            "glipizide": -2.730624267838432,
            "glyburide": 11.131611743225614,
            "tolbutamide": 0.0,
            "pioglitazone": 6.704611268329956,
            "rosiglitazone": 0.0,
            "acarbose": 4.9666897079799055,
            "miglitol": 0.0,
            "troglitazone": 0.0,
            "tolazamide": 0.0,
            "insulin": -2.4285091275280437,
            "glyburide-metformin": 0.0,
            "glipizide-metformin": 0.0,
            "glimepiride-pioglitazone": 0.0,
            "metformin-rosiglitazone": 0.0,
            "metformin-pioglitazone": 0.0,
            "change": 0.0,
            "diabetesMed": 5.0055683287399395
        },
        "Inherent": {
            "race": 0.6756564378738403,
            "gender": 1.8309781551361084,
            "age": 4.775022506713867,
            "admission_type_id": 1.8161367177963257,
            "discharge_disposition_id": 19.893051147460938,
            "admission_source_id": -1.6190688610076904,
            "time_in_hospital": -3.0462987422943115,
            "payer_code": -1.7494393587112427,
            "medical_specialty": 4.519914150238037,
            "num_lab_procedures": 0.06721002608537674,
            "num_procedures": -1.9603660106658936,
            "num_medications": -6.73496150970459,
            "number_outpatient": -0.22998985648155212,
            "number_emergency": -2.492581605911255,
            "number_inpatient": 11.510313987731934,
            "diag_1": 0.020782681182026863,
            "diag_2": -5.319066047668457,
            "diag_3": -15.961893081665039,
            "number_diagnoses": 2.24969482421875,
            "metformin": 2.6617398262023926,
            "repaglinide": 0.006691983435302973,
            "nateglinide": 0.01408076100051403,
            "chlorpropamide": 0.021347282454371452,
            "glimepiride": 0.46374350786209106,
            "acetohexamide": 0.0,
            "glipizide": -0.2953646779060364,
            "glyburide": -3.2899374961853027,
            "tolbutamide": 0.0,
            "pioglitazone": 0.4808424115180969,
            "rosiglitazone": 0.08881112188100815,
            "acarbose": 0.09784210473299026,
            "miglitol": 0.0,
            "troglitazone": 0.0,
            "tolazamide": 0.0,
            "insulin": -1.029500126838684,
            "glyburide-metformin": 0.10802978277206421,
            "glipizide-metformin": 0.0,
            "glimepiride-pioglitazone": 0.0,
            "metformin-rosiglitazone": 0.0,
            "metformin-pioglitazone": 0.0,
            "change": 0.6428523659706116,
            "diabetesMed": 4.326790809631348
        }
    }
}