{
    "LogisticRegression": {
        "SHAP": {
            "number_inpatient": 44.50375448771345,
            "number_emergency": 10.43570023520542,
            "number_diagnoses": 5.662564858330824,
            "discharge_disposition_id": -5.055627183412911,
            "insulin": 4.507029474070421,
            "diabetesMed": 4.477174532998396,
            "age": -4.056062515463069,
            "diag_2": -3.903833011357344,
            "time_in_hospital": -2.904927273237004,
            "payer_code": 2.812823905492137,
            "change": 2.372126396597183,
            "metformin": 2.3302046367593574,
            "num_procedures": -1.4651395486140502,
            "glimepiride": 0.9883602072304376,
            "gender": -0.7208320898687322,
            "admission_type_id": 0.6732110308420446,
            "number_outpatient": -0.6093564297209894,
            "num_lab_procedures": 0.34907881918376504,
            "glyburide": 0.3487349290029544,
            "pioglitazone": 0.3191419393539969,
            "rosiglitazone": 0.3109003344535668,
            "diag_1": -0.26175428998528005,
            "admission_source_id": -0.18097270482721756,
            "num_medications": 0.1697952444179848,
            "glyburide-metformin": 0.1393297553350884,
            "acarbose": 0.13361655349119153,
            "glipizide": 0.06030306181297268,
            "glipizide-metformin": -0.05574046238411945,
            "chlorpropamide": -0.03711422592463618,
            "medical_specialty": -0.026912427771373877,
            "race": 0.020098097974093617,
            "tolazamide": 0.018599467528958757,
            "tolbutamide": -0.016328621383282182,
            "troglitazone": -0.014591990457705808,
            "diag_3": -0.009981943293091544,
            "repaglinide": 0.009654818952567649,
            "miglitol": -0.009631601602783698,
            "metformin-rosiglitazone": -0.009475543145551003,
            "acetohexamide": -0.0053595417445894316,
            "nateglinide": 0.004904745778232078,
            "glimepiride-pioglitazone": -0.00480944344177553,
            "metformin-pioglitazone": -0.00444161983947034
        },
        "Lime": {
            "race": 0.0,
            "gender": 0.0,
            "age": 0.0,
            "admission_type_id": 0.0,
            "discharge_disposition_id": -12.999619902847664,
            "admission_source_id": 0.0,
            "time_in_hospital": 0.0,
            "payer_code": 0.0,
            "medical_specialty": 0.0,
            "num_lab_procedures": 0.0,
            "num_procedures": -5.78055898089763,
            "num_medications": 0.0,
            "number_outpatient": 0.0,
            "number_emergency": 17.35981438532785,
            "number_inpatient": 63.86000673092687,
            "diag_1": 0.0,
            "diag_2": 0.0,
            "diag_3": 0.0,
            "number_diagnoses": 0.0,
            "metformin": 0.0,
            "repaglinide": 0.0,
            "nateglinide": 0.0,
            "chlorpropamide": 0.0,
            "glimepiride": 0.0,
            "acetohexamide": 0.0,
            "glipizide": 0.0,
            "glyburide": 0.0,
            "tolbutamide": 0.0,
            "pioglitazone": 0.0,
            "rosiglitazone": 0.0,
            "acarbose": 0.0,
            "miglitol": 0.0,
            "troglitazone": 0.0,
            "tolazamide": 0.0,
            "insulin": 0.0,
            "glyburide-metformin": 0.0,
            "glipizide-metformin": 0.0,
            "glimepiride-pioglitazone": 0.0,
            "metformin-rosiglitazone": 0.0,
            "metformin-pioglitazone": 0.0,
            "change": 0.0,
            "diabetesMed": 0.0
        },
        "Inherent": {
            "number_inpatient": 43.76046589680236,
            "number_emergency": 10.73926937952747,
            "number_diagnoses": 7.261810436588187,
            "insulin": 4.788773169257516,
            "diabetesMed": 3.6646369382919874,
            "payer_code": 2.6473509840516822,
            "change": 2.5008956425155375,
            "metformin": 2.1178109606206443,
            "admission_type_id": 0.703830427403434,
            "glimepiride": 0.6680848120553761,
            "num_medications": 0.48822216876973434,
            "pioglitazone": 0.39650398466670367,
            "glyburide": 0.3611822636949522,
            "num_lab_procedures": 0.34971403830644043,
            "rosiglitazone": 0.257647671200154,
            "glyburide-metformin": 0.06428252027507625,
            "glipizide": 0.04938666203095584,
            "tolazamide": 0.026254970453106184,
            "race": 0.025402698220200838,
            "nateglinide": 0.014313422954092263,
            "troglitazone": -0.0,
            "miglitol": -0.0,
            "glimepiride-pioglitazone": -0.0,
            "acetohexamide": -0.0,
            "acarbose": -0.0,
            "tolbutamide": -0.0,
            "metformin-pioglitazone": -0.0,
            "glipizide-metformin": -0.0,
            "metformin-rosiglitazone": -0.0,
            "chlorpropamide": -0.0,
            "repaglinide": 0.0,
            "medical_specialty": -0.03631075694101265,
            "diag_3": -0.04490728632977546,
            "admission_source_id": -0.35041593413437894,
            "diag_1": -0.35529646068426585,
            "number_outpatient": -0.5986095679622302,
            "gender": -0.7939386355824828,
            "num_procedures": -1.518635136220095,
            "time_in_hospital": -2.2063836130960506,
            "age": -3.7187903347377467,
            "diag_2": -3.9310670911118497,
            "discharge_disposition_id": -5.559806135514486
        }
    },
    "DecisionTree": {
        "SHAP": {
            "number_inpatient": 76.52102518089728,
            "discharge_disposition_id": -15.29592043729572,
            "payer_code": 2.6945779325477326,
            "diag_1": -2.0576678487968403,
            "number_diagnoses": 1.8728830596646624,
            "num_medications": -1.2083476117621221,
            "medical_specialty": -0.18106864163925307,
            "admission_source_id": 0.16850928739639068,
            "gender": 0.0,
            "race": 0.0,
            "num_lab_procedures": 0.0,
            "time_in_hospital": 0.0,
            "admission_type_id": 0.0,
            "age": 0.0,
            "number_emergency": 0.0,
            "number_outpatient": 0.0,
            "diag_2": 0.0,
            "num_procedures": 0.0,
            "diag_3": 0.0,
            "metformin": 0.0,
            "repaglinide": 0.0,
            "nateglinide": 0.0,
            "chlorpropamide": 0.0,
            "glimepiride": 0.0,
            "acetohexamide": 0.0,
            "glipizide": 0.0,
            "glyburide": 0.0,
            "tolbutamide": 0.0,
            "pioglitazone": 0.0,
            "rosiglitazone": 0.0,
            "acarbose": 0.0,
            "miglitol": 0.0,
            "troglitazone": 0.0,
            "tolazamide": 0.0,
            "insulin": 0.0,
            "glyburide-metformin": 0.0,
            "glipizide-metformin": 0.0,
            "glimepiride-pioglitazone": 0.0,
            "metformin-rosiglitazone": 0.0,
            "metformin-pioglitazone": 0.0,
            "change": 0.0,
            "diabetesMed": 0.0
        },
        "Lime": {
            "race": 2.625344877423786,
            "gender": 0.0,
            "age": 0.0,
            "admission_type_id": 0.0,
            "discharge_disposition_id": -12.894070115527356,
            "admission_source_id": 0.0,
            "time_in_hospital": 0.0,
            "payer_code": 3.2079663529540836,
            "medical_specialty": 0.0,
            "num_lab_procedures": 0.0,
            "num_procedures": 0.0,
            "num_medications": 2.782937582554359,
            "number_outpatient": 0.0,
            "number_emergency": 2.3772111394615547,
            "number_inpatient": 41.16643525556136,
            "diag_1": 0.0,
            "diag_2": -3.2216716853580434,
            "diag_3": 0.0,
            "number_diagnoses": 4.112892432456908,
            "metformin": 0.0,
            "repaglinide": 0.0,
            "nateglinide": -5.178577433628596,
            "chlorpropamide": -3.280470288235792,
            "glimepiride": 0.0,
            "acetohexamide": 0.0,
            "glipizide": 0.0,
            "glyburide": -9.275530263831245,
            "tolbutamide": 0.0,
            "pioglitazone": 0.0,
            "rosiglitazone": 0.0,
            "acarbose": -7.402714150907279,
            "miglitol": 0.0,
            "troglitazone": 0.0,
            "tolazamide": 0.0,
            "insulin": -2.4741784220996497,
            "glyburide-metformin": 0.0,
            "glipizide-metformin": 0.0,
            "glimepiride-pioglitazone": 0.0,
            "metformin-rosiglitazone": 0.0,
            "metformin-pioglitazone": 0.0,
            "change": 0.0,
            "diabetesMed": 0.0
        },
        "Inherent": {
            "number_inpatient": 93.6099415561071,
            "discharge_disposition_id": -4.424396301835058,
            "diag_1": -1.9656621420578377,
            "age": 0.0,
            "gender": 0.0,
            "admission_source_id": 0.0,
            "time_in_hospital": 0.0,
            "payer_code": 0.0,
            "admission_type_id": 0.0,
            "race": 0.0,
            "num_lab_procedures": 0.0,
            "medical_specialty": 0.0,
            "num_procedures": 0.0,
            "num_medications": 0.0,
            "number_emergency": 0.0,
            "number_outpatient": 0.0,
            "diag_2": 0.0,
            "diag_3": 0.0,
            "number_diagnoses": 0.0,
            "metformin": 0.0,
            "repaglinide": 0.0,
            "nateglinide": 0.0,
            "chlorpropamide": 0.0,
            "glimepiride": 0.0,
            "acetohexamide": 0.0,
            "glipizide": 0.0,
            "glyburide": 0.0,
            "tolbutamide": 0.0,
            "pioglitazone": 0.0,
            "rosiglitazone": 0.0,
            "acarbose": 0.0,
            "miglitol": 0.0,
            "troglitazone": 0.0,
            "tolazamide": 0.0,
            "insulin": 0.0,
            "glyburide-metformin": 0.0,
            "glipizide-metformin": 0.0,
            "glimepiride-pioglitazone": 0.0,
            "metformin-rosiglitazone": 0.0,
            "metformin-pioglitazone": 0.0,
            "change": 0.0,
            "diabetesMed": 0.0
        }
    },
    "XGBOOST": {
        "SHAP": {
            "number_inpatient": 39.602846852134356,
            "discharge_disposition_id": -7.99751546449167,
            "number_emergency": 7.547089009892149,
            "insulin": 7.114524584796148,
            "payer_code": 5.665429403298291,
            "age": -3.5313347967837263,
            "diag_2": 3.2025462184987403,
            "medical_specialty": 3.1267027320820775,
            "diag_1": -3.086943206863018,
            "diag_3": -2.77066384229598,
            "diabetesMed": 2.6032661968552513,
            "num_lab_procedures": -2.591146796913881,
            "num_medications": 1.8750161296335264,
            "metformin": 1.4260670264876305,
            "num_procedures": -1.217152863768093,
            "number_diagnoses": 1.131995512735739,
            "gender": -0.9944712344486847,
            "glimepiride": 0.726499959663106,
            "glyburide": 0.5510890155943968,
            "admission_type_id": 0.5449743735279394,
            "number_outpatient": 0.4477651868135043,
            "race": 0.4059115286892324,
            "glipizide": -0.3655107829452882,
            "glyburide-metformin": 0.3347703490063772,
            "pioglitazone": 0.29129133447635913,
            "rosiglitazone": 0.2401710677432702,
            "time_in_hospital": 0.2354550067571877,
            "acarbose": 0.20269498816215398,
            "admission_source_id": -0.09203033809546383,
            "change": -0.061546221955582146,
            "repaglinide": 0.015577974591172704,
            "acetohexamide": 0.0,
            "nateglinide": 0.0,
            "chlorpropamide": 0.0,
            "tolazamide": 0.0,
            "troglitazone": 0.0,
            "miglitol": 0.0,
            "tolbutamide": 0.0,
            "glimepiride-pioglitazone": 0.0,
            "glipizide-metformin": 0.0,
            "metformin-pioglitazone": 0.0,
            "metformin-rosiglitazone": 0.0
        },
        "Lime": {
            "race": 0.0,
            "gender": 0.0,
            "age": -4.5628266069621715,
            "admission_type_id": 0.0,
            "discharge_disposition_id": -6.8229941149030635,
            "admission_source_id": 0.0,
            "time_in_hospital": 0.0,
            "payer_code": 4.139462742046749,
            "medical_specialty": 1.5645611652856808,
            "num_lab_procedures": 0.0,
            "num_procedures": 0.0,
            "num_medications": 2.5599872580751226,
            "number_outpatient": 0.0,
            "number_emergency": 6.218126349504861,
            "number_inpatient": 22.080803448620607,
            "diag_1": -1.5888564108142296,
            "diag_2": 3.0900719304493682,
            "diag_3": -3.9091863867088392,
            "number_diagnoses": 0.0,
            "metformin": 4.745378305526991,
            "repaglinide": 0.0,
            "nateglinide": 0.0,
            "chlorpropamide": 4.880458238950169,
            "glimepiride": 6.807949235737902,
            "acetohexamide": 0.0,
            "glipizide": 0.0,
            "glyburide": -2.3137072996569468,
            "tolbutamide": 0.0,
            "pioglitazone": 2.3681505410275654,
            "rosiglitazone": 1.4867529803511377,
            "acarbose": 11.209718721445418,
            "miglitol": 0.0,
            "troglitazone": 0.0,
            "tolazamide": 0.0,
            "insulin": 3.9895393261487033,
            "glyburide-metformin": 0.0,
            "glipizide-metformin": 0.0,
            "glimepiride-pioglitazone": 0.0,
            "metformin-rosiglitazone": 0.0,
            "metformin-pioglitazone": 0.0,
            "change": 0.0,
            "diabetesMed": 5.6614689377844725
        },
        "Inherent": {
            "race": 0.557128369808197,
            "gender": -1.1157567501068115,
            "age": -4.2781829833984375,
            "admission_type_id": 0.7850754857063293,
            "discharge_disposition_id": -7.377164840698242,
            "admission_source_id": -0.6649636626243591,
            "time_in_hospital": -0.36308449506759644,
            "payer_code": 4.70478630065918,
            "medical_specialty": 2.0361459255218506,
            "num_lab_procedures": -2.6310083866119385,
            "num_procedures": -1.2620975971221924,
            "num_medications": 0.0047899470664560795,
            "number_outpatient": 0.32410380244255066,
            "number_emergency": 8.256102561950684,
            "number_inpatient": 36.624942779541016,
            "diag_1": -4.50272274017334,
            "diag_2": 5.493152618408203,
            "diag_3": -4.930232524871826,
            "number_diagnoses": 1.6791071891784668,
            "metformin": 0.9886872172355652,
            "repaglinide": -7.175118662416935e-05,
            "nateglinide": -0.024043051525950432,
            "chlorpropamide": 0.015608941204845905,
            "glimepiride": 0.4041576385498047,
            "acetohexamide": 0.0,
            "glipizide": -0.4178985059261322,
            "glyburide": 0.4078208804130554,
            "tolbutamide": 0.0,
            "pioglitazone": 0.33492663502693176,
            "rosiglitazone": 0.13524924218654633,
            "acarbose": 0.027987437322735786,
            "miglitol": 0.0,
            "troglitazone": 0.0,
            "tolazamide": 0.0,
            "insulin": 7.649379730224609,
            "glyburide-metformin": 0.06231850013136864,
            "glipizide-metformin": 0.0,
            "glimepiride-pioglitazone": 0.0,
            "metformin-rosiglitazone": 0.0,
            "metformin-pioglitazone": 0.0,
            "change": -0.02003156952559948,
            "diabetesMed": 1.9212712049484253
        }
    }
}