{
    "LogisticRegression": {
        "SHAP": {
            "number_inpatient": -16.024471066095124,
            "number_diagnoses": -11.571461686562305,
            "metformin": -10.70597903839474,
            "time_in_hospital": -8.353719066926024,
            "pioglitazone": -7.18974475229389,
            "discharge_disposition_id": -6.96067762742506,
            "glyburide": 6.203277571973635,
            "diabetesMed": 6.1642537068726515,
            "age": 3.6482319724161125,
            "change": 3.265985908215628,
            "num_medications": -3.077740667492264,
            "num_procedures": 2.94133289105733,
            "number_emergency": -2.2577146490482205,
            "diag_2": 2.238987273813135,
            "insulin": 1.6791374873239246,
            "glimepiride": 1.360791951763706,
            "gender": 1.3577296990089383,
            "payer_code": -1.316339613181246,
            "diag_1": 0.9888482484166918,
            "admission_type_id": 0.9268889478821482,
            "rosiglitazone": 0.4280531225660915,
            "admission_source_id": 0.2068388148920712,
            "glyburide-metformin": 0.19183169082907986,
            "acarbose": 0.18396565268721463,
            "race": -0.1539968220050487,
            "number_outpatient": 0.13241338088235313,
            "medical_specialty": 0.0870069654776798,
            "glipizide": 0.08302633046280677,
            "glipizide-metformin": -0.07674446223654219,
            "chlorpropamide": -0.05109952784896929,
            "tolazamide": 0.02560807844684544,
            "num_lab_procedures": 0.02331689126855897,
            "tolbutamide": -0.022481536993512886,
            "troglitazone": -0.02009051257810226,
            "diag_3": -0.013743317463441445,
            "repaglinide": 0.013292926840109581,
            "miglitol": -0.013260960779055975,
            "metformin-rosiglitazone": -0.013046096713249447,
            "acetohexamide": -0.0073791126128153455,
            "nateglinide": 0.006752941419169353,
            "glimepiride-pioglitazone": -0.006621727463482334,
            "metformin-pioglitazone": -0.006115301371027424
        },
        "Lime": {
            "race": 0.0,
            "gender": 0.0,
            "age": 0.0,
            "admission_type_id": 0.0,
            "discharge_disposition_id": -23.483716270756627,
            "admission_source_id": 0.0,
            "time_in_hospital": -20.761953163675464,
            "payer_code": 0.0,
            "medical_specialty": 0.0,
            "num_lab_procedures": 0.0,
            "num_procedures": 0.0,
            "num_medications": 0.0,
            "number_outpatient": 0.0,
            "number_emergency": -27.533209964962058,
            "number_inpatient": 0.0,
            "diag_1": 0.0,
            "diag_2": 0.0,
            "diag_3": 0.0,
            "number_diagnoses": -28.221120600605857,
            "metformin": 0.0,
            "repaglinide": 0.0,
            "nateglinide": 0.0,
            "chlorpropamide": 0.0,
            "glimepiride": 0.0,
            "acetohexamide": 0.0,
            "glipizide": 0.0,
            "glyburide": 0.0,
            "tolbutamide": 0.0,
            "pioglitazone": 0.0,
            "rosiglitazone": 0.0,
            "acarbose": 0.0,
            "miglitol": 0.0,
            "troglitazone": 0.0,
            "tolazamide": 0.0,
            "insulin": 0.0,
            "glyburide-metformin": 0.0,
            "glipizide-metformin": 0.0,
            "glimepiride-pioglitazone": 0.0,
            "metformin-rosiglitazone": 0.0,
            "metformin-pioglitazone": 0.0,
            "change": 0.0,
            "diabetesMed": 0.0
        },
        "Inherent": {
            "glyburide": 6.318210285515276,
            "diabetesMed": 5.022128294742068,
            "age": 4.297836576076559,
            "change": 3.427302343988351,
            "num_procedures": 2.9641092727273053,
            "diag_2": 2.359774398055914,
            "insulin": 1.9572900126346688,
            "gender": 1.3032534712664883,
            "admission_type_id": 0.9645503125367317,
            "glimepiride": 0.9155634499155962,
            "diag_1": 0.8859265243582641,
            "rosiglitazone": 0.3530880906886709,
            "number_outpatient": 0.16802400461823538,
            "glyburide-metformin": 0.08809469242572712,
            "medical_specialty": 0.07646904324108293,
            "glipizide": 0.06768096183741655,
            "tolazamide": 0.03598059840864258,
            "nateglinide": 0.01961554381042203,
            "num_lab_procedures": 0.013958988335948844,
            "glimepiride-pioglitazone": -0.0,
            "acarbose": -0.0,
            "miglitol": -0.0,
            "metformin-pioglitazone": -0.0,
            "troglitazone": -0.0,
            "chlorpropamide": -0.0,
            "repaglinide": 0.0,
            "metformin-rosiglitazone": -0.0,
            "glipizide-metformin": -0.0,
            "acetohexamide": -0.0,
            "tolbutamide": -0.0,
            "admission_source_id": -0.016239340532830274,
            "diag_3": -0.061542291123104824,
            "race": -0.15003314558810335,
            "payer_code": -1.6518378383337962,
            "number_emergency": -2.199154208968378,
            "num_medications": -2.7003645918509576,
            "pioglitazone": -7.219203975456436,
            "time_in_hospital": -7.454015450843983,
            "discharge_disposition_id": -7.619324963597007,
            "number_diagnoses": -9.75473726994355,
            "metformin": -11.255306016484813,
            "number_inpatient": -18.67938404209368
        }
    },
    "DecisionTree": {
        "SHAP": {
            "discharge_disposition_id": -33.062562648670294,
            "number_inpatient": -32.44788816476845,
            "number_diagnoses": -21.86846585949738,
            "diag_1": 8.666279939822461,
            "payer_code": -1.807819876980274,
            "num_medications": -1.3511549541952077,
            "medical_specialty": 0.6074041686816428,
            "admission_source_id": 0.18842438738428138,
            "gender": 0.0,
            "race": 0.0,
            "num_lab_procedures": 0.0,
            "time_in_hospital": 0.0,
            "admission_type_id": 0.0,
            "age": 0.0,
            "number_emergency": 0.0,
            "number_outpatient": 0.0,
            "diag_2": 0.0,
            "num_procedures": 0.0,
            "diag_3": 0.0,
            "metformin": 0.0,
            "repaglinide": 0.0,
            "nateglinide": 0.0,
            "chlorpropamide": 0.0,
            "glimepiride": 0.0,
            "acetohexamide": 0.0,
            "glipizide": 0.0,
            "glyburide": 0.0,
            "tolbutamide": 0.0,
            "pioglitazone": 0.0,
            "rosiglitazone": 0.0,
            "acarbose": 0.0,
            "miglitol": 0.0,
            "troglitazone": 0.0,
            "tolazamide": 0.0,
            "insulin": 0.0,
            "glyburide-metformin": 0.0,
            "glipizide-metformin": 0.0,
            "glimepiride-pioglitazone": 0.0,
            "metformin-rosiglitazone": 0.0,
            "metformin-pioglitazone": 0.0,
            "change": 0.0,
            "diabetesMed": 0.0
        },
        "Lime": {
            "race": 0.0,
            "gender": 0.0,
            "age": 0.0,
            "admission_type_id": 0.0,
            "discharge_disposition_id": -16.233331231611782,
            "admission_source_id": 0.0,
            "time_in_hospital": 0.0,
            "payer_code": -2.901128310452258,
            "medical_specialty": 0.0,
            "num_lab_procedures": 0.0,
            "num_procedures": 0.0,
            "num_medications": 0.0,
            "number_outpatient": 0.0,
            "number_emergency": -3.113310601636909,
            "number_inpatient": -30.835194338414347,
            "diag_1": 10.766255912856199,
            "diag_2": 0.0,
            "diag_3": 0.0,
            "number_diagnoses": -7.77344399445999,
            "metformin": 0.0,
            "repaglinide": 0.0,
            "nateglinide": -8.084216201196583,
            "chlorpropamide": 0.0,
            "glimepiride": 4.31511463773115,
            "acetohexamide": 0.0,
            "glipizide": 0.0,
            "glyburide": -6.67731402080958,
            "tolbutamide": 0.0,
            "pioglitazone": 0.0,
            "rosiglitazone": 0.0,
            "acarbose": -2.776271992906415,
            "miglitol": -6.52441875792478,
            "troglitazone": 0.0,
            "tolazamide": 0.0,
            "insulin": 0.0,
            "glyburide-metformin": 0.0,
            "glipizide-metformin": 0.0,
            "glimepiride-pioglitazone": 0.0,
            "metformin-rosiglitazone": 0.0,
            "metformin-pioglitazone": 0.0,
            "change": 0.0,
            "diabetesMed": 0.0
        },
        "Inherent": {
            "number_inpatient": -39.273799514568424,
            "discharge_disposition_id": -27.369612223924538,
            "number_diagnoses": -24.11268218732319,
            "diag_1": 9.243906074183842,
            "gender": 0.0,
            "admission_source_id": 0.0,
            "time_in_hospital": 0.0,
            "age": 0.0,
            "admission_type_id": 0.0,
            "race": 0.0,
            "num_lab_procedures": 0.0,
            "medical_specialty": 0.0,
            "payer_code": 0.0,
            "num_procedures": 0.0,
            "number_emergency": 0.0,
            "number_outpatient": 0.0,
            "diag_2": 0.0,
            "num_medications": 0.0,
            "diag_3": 0.0,
            "metformin": 0.0,
            "repaglinide": 0.0,
            "nateglinide": 0.0,
            "chlorpropamide": 0.0,
            "glimepiride": 0.0,
            "acetohexamide": 0.0,
            "glipizide": 0.0,
            "glyburide": 0.0,
            "tolbutamide": 0.0,
            "pioglitazone": 0.0,
            "rosiglitazone": 0.0,
            "acarbose": 0.0,
            "miglitol": 0.0,
            "troglitazone": 0.0,
            "tolazamide": 0.0,
            "insulin": 0.0,
            "glyburide-metformin": 0.0,
            "glipizide-metformin": 0.0,
            "glimepiride-pioglitazone": 0.0,
            "metformin-rosiglitazone": 0.0,
            "metformin-pioglitazone": 0.0,
            "change": 0.0,
            "diabetesMed": 0.0
        }
    },
    "XGBOOST": {
        "SHAP": {
            "discharge_disposition_id": -15.300740240391686,
            "number_inpatient": -11.434899325497732,
            "pioglitazone": -9.900021083485806,
            "diag_1": 8.590714428048848,
            "glyburide": -8.43963592817972,
            "time_in_hospital": -7.20752997955862,
            "number_diagnoses": -6.4437845595271686,
            "race": -5.214175674529473,
            "payer_code": -5.048940124609692,
            "metformin": -4.610937460642113,
            "age": 3.12327753001729,
            "diabetesMed": 2.7522102066858984,
            "number_emergency": -2.3449100632739857,
            "num_lab_procedures": 2.263572544097772,
            "diag_2": -1.5061916423870012,
            "num_medications": 1.2873033721988616,
            "gender": 0.8425067681443804,
            "insulin": -0.8245781382424264,
            "glimepiride": 0.48145668964271066,
            "medical_specialty": -0.3946806280437721,
            "acarbose": 0.3743063112137694,
            "diag_3": 0.2973857607441975,
            "change": -0.28051336098392515,
            "glyburide-metformin": 0.2695050633670304,
            "num_procedures": 0.23894321832564333,
            "admission_type_id": 0.15949416206756914,
            "rosiglitazone": 0.1506721383759553,
            "glipizide": -0.14316946946064923,
            "admission_source_id": -0.05407939345794357,
            "repaglinide": 0.01632802589547572,
            "number_outpatient": 0.0035367089028820477,
            "acetohexamide": 0.0,
            "nateglinide": 0.0,
            "chlorpropamide": 0.0,
            "tolazamide": 0.0,
            "troglitazone": 0.0,
            "miglitol": 0.0,
            "tolbutamide": 0.0,
            "glimepiride-pioglitazone": 0.0,
            "glipizide-metformin": 0.0,
            "metformin-pioglitazone": 0.0,
            "metformin-rosiglitazone": 0.0
        },
        "Lime": {
            "race": 0.0,
            "gender": 2.21068154453899,
            "age": 4.077569193616923,
            "admission_type_id": 0.0,
            "discharge_disposition_id": -8.301778999044936,
            "admission_source_id": 0.0,
            "time_in_hospital": -2.0164957976439353,
            "payer_code": -5.068487185128418,
            "medical_specialty": 0.0,
            "num_lab_procedures": 1.7978717439509246,
            "num_procedures": 0.0,
            "num_medications": 0.0,
            "number_outpatient": 1.8947466279517118,
            "number_emergency": -7.993371248099137,
            "number_inpatient": -20.27088888361513,
            "diag_1": 4.699466964438784,
            "diag_2": 0.0,
            "diag_3": 0.0,
            "number_diagnoses": -6.124261360297221,
            "metformin": -2.4138465730492453,
            "repaglinide": 2.354819785943593,
            "nateglinide": -2.9593502608978395,
            "chlorpropamide": 0.0,
            "glimepiride": 4.663895582431547,
            "acetohexamide": 0.0,
            "glipizide": 0.0,
            "glyburide": -3.1092924447475228,
            "tolbutamide": 0.0,
            "pioglitazone": -2.974447085626965,
            "rosiglitazone": 0.0,
            "acarbose": 6.546899644969641,
            "miglitol": 0.0,
            "troglitazone": 0.0,
            "tolazamide": 1.7938632398402012,
            "insulin": 0.0,
            "glyburide-metformin": 0.0,
            "glipizide-metformin": 0.0,
            "glimepiride-pioglitazone": 0.0,
            "metformin-rosiglitazone": 0.0,
            "metformin-pioglitazone": 0.0,
            "change": -1.8670420412828341,
            "diabetesMed": 6.860923792884487
        },
        "Inherent": {
            "race": -4.326700210571289,
            "gender": 0.6917948722839355,
            "age": 2.288707733154297,
            "admission_type_id": 0.17224685847759247,
            "discharge_disposition_id": -15.232160568237305,
            "admission_source_id": -0.2890467643737793,
            "time_in_hospital": -7.143171787261963,
            "payer_code": -5.5394606590271,
            "medical_specialty": -0.6989878416061401,
            "num_lab_procedures": 2.365682363510132,
            "num_procedures": 0.2098238617181778,
            "num_medications": -0.7853729724884033,
            "number_outpatient": -0.01904178410768509,
            "number_emergency": -2.4762325286865234,
            "number_inpatient": -16.222856521606445,
            "diag_1": 6.744539737701416,
            "diag_2": -2.463413953781128,
            "diag_3": -1.30653977394104,
            "number_diagnoses": -5.286262035369873,
            "metformin": -5.279999732971191,
            "repaglinide": -0.007006741128861904,
            "nateglinide": -0.02534334547817707,
            "chlorpropamide": 0.017426040023565292,
            "glimepiride": 0.26280927658081055,
            "acetohexamide": 0.0,
            "glipizide": -0.1685049831867218,
            "glyburide": -7.111092567443848,
            "tolbutamide": 0.0,
            "pioglitazone": -9.356156349182129,
            "rosiglitazone": 0.08737169951200485,
            "acarbose": 0.06242745369672775,
            "miglitol": 0.0,
            "troglitazone": 0.0,
            "tolazamide": 0.0,
            "insulin": -0.9979602098464966,
            "glyburide-metformin": 0.046175312250852585,
            "glipizide-metformin": 0.0,
            "glimepiride-pioglitazone": 0.0,
            "metformin-rosiglitazone": 0.0,
            "metformin-pioglitazone": 0.0,
            "change": -0.24051600694656372,
            "diabetesMed": 2.0751595497131348
        }
    }
}