{
    "LogisticRegression": {
        "SHAP": {
            "number_inpatient": -17.217801002972134,
            "age": -15.920572018258433,
            "pioglitazone": -7.725159469948431,
            "discharge_disposition_id": -7.479033893881253,
            "diabetesMed": 6.623300901415012,
            "diag_2": -5.775129049030092,
            "num_medications": -4.831847892754377,
            "time_in_hospital": -4.2973994615506745,
            "metformin": 3.447184459166855,
            "payer_code": 3.3646446510494066,
            "diag_1": 3.2370562051757266,
            "number_diagnoses": 3.1743847541277126,
            "change": -2.840320936959657,
            "admission_source_id": 2.6720600368575558,
            "number_emergency": -2.425844908607018,
            "num_procedures": -2.1674518206765874,
            "insulin": 1.8041815542070856,
            "glimepiride": 1.4621290734198926,
            "gender": -1.0663617858558365,
            "glyburide": 0.5159004529745894,
            "rosiglitazone": 0.45992990674354733,
            "num_lab_procedures": -0.24295902933732005,
            "glyburide-metformin": 0.2061172481222891,
            "acarbose": 0.19766543221836314,
            "number_outpatient": 0.1422741026995204,
            "admission_type_id": -0.12338758629739123,
            "race": -0.10039920105975267,
            "medical_specialty": 0.09348630674224241,
            "glipizide": 0.08920923692390935,
            "glipizide-metformin": -0.0824595628410272,
            "chlorpropamide": -0.05490487007155754,
            "tolazamide": 0.027515092195409818,
            "tolbutamide": -0.024155719623985467,
            "troglitazone": -0.02158663747406712,
            "diag_3": -0.014766771660056353,
            "repaglinide": 0.014282840796182774,
            "miglitol": -0.01424849424734508,
            "metformin-rosiglitazone": -0.01401762942113726,
            "acetohexamide": -0.007928629408230239,
            "nateglinide": 0.007255827731249993,
            "glimepiride-pioglitazone": -0.007114842374010216,
            "metformin-pioglitazone": -0.006570703123071045
        },
        "Lime": {
            "race": -35.18936766935813,
            "gender": 0.0,
            "age": 0.0,
            "admission_type_id": 0.0,
            "discharge_disposition_id": -14.636516188770605,
            "admission_source_id": 0.0,
            "time_in_hospital": 0.0,
            "payer_code": 0.0,
            "medical_specialty": 0.0,
            "num_lab_procedures": 0.0,
            "num_procedures": 0.0,
            "num_medications": 0.0,
            "number_outpatient": 0.0,
            "number_emergency": -27.5483453512508,
            "number_inpatient": 0.0,
            "diag_1": 0.0,
            "diag_2": 0.0,
            "diag_3": 0.0,
            "number_diagnoses": 22.62577079062047,
            "metformin": 0.0,
            "repaglinide": 0.0,
            "nateglinide": 0.0,
            "chlorpropamide": 0.0,
            "glimepiride": 0.0,
            "acetohexamide": 0.0,
            "glipizide": 0.0,
            "glyburide": 0.0,
            "tolbutamide": 0.0,
            "pioglitazone": 0.0,
            "rosiglitazone": 0.0,
            "acarbose": 0.0,
            "miglitol": 0.0,
            "troglitazone": 0.0,
            "tolazamide": 0.0,
            "insulin": 0.0,
            "glyburide-metformin": 0.0,
            "glipizide-metformin": 0.0,
            "glimepiride-pioglitazone": 0.0,
            "metformin-rosiglitazone": 0.0,
            "metformin-pioglitazone": 0.0,
            "change": 0.0,
            "diabetesMed": 0.0
        },
        "Inherent": {
            "number_diagnoses": 5.331638298117402,
            "diabetesMed": 5.328413544648276,
            "diag_1": 3.1247977795839823,
            "metformin": 3.0793153039698185,
            "payer_code": 3.049006790990369,
            "admission_source_id": 2.4441604820606155,
            "insulin": 2.076659535967311,
            "glimepiride": 0.9714010477635003,
            "glyburide": 0.5251621097439169,
            "rosiglitazone": 0.37462192410521444,
            "number_outpatient": 0.17827130839552396,
            "glyburide-metformin": 0.09346733591499709,
            "medical_specialty": 0.08113267161626897,
            "glipizide": 0.07180863024683745,
            "tolazamide": 0.03817495226194891,
            "nateglinide": 0.020811839760151416,
            "miglitol": -0.0,
            "metformin-rosiglitazone": -0.0,
            "glimepiride-pioglitazone": -0.0,
            "troglitazone": -0.0,
            "acarbose": -0.0,
            "glipizide-metformin": -0.0,
            "metformin-pioglitazone": -0.0,
            "acetohexamide": -0.0,
            "chlorpropamide": -0.0,
            "repaglinide": 0.0,
            "tolbutamide": -0.0,
            "diag_3": -0.06529557955187222,
            "race": -0.09381024515629055,
            "admission_type_id": -0.10121295947304587,
            "num_lab_procedures": -0.2544680044185071,
            "gender": -1.154393586784341,
            "num_procedures": -2.208108515378718,
            "number_emergency": -2.3332743383130152,
            "change": -2.7431915764819084,
            "time_in_hospital": -3.2081007004722473,
            "num_medications": -4.397165537552553,
            "diag_2": -5.715805272367347,
            "pioglitazone": -7.659482591210145,
            "discharge_disposition_id": -8.084005814748338,
            "age": -15.37425543955974,
            "number_inpatient": -19.818586283385795
        }
    },
    "DecisionTree": {
        "SHAP": {
            "number_inpatient": -35.527788445075196,
            "discharge_disposition_id": -34.049363108375594,
            "diag_1": 15.311947880384661,
            "number_diagnoses": 9.659010743590526,
            "payer_code": -2.4921678903387434,
            "num_medications": -1.148314868219196,
            "admission_source_id": -0.9740707868119484,
            "medical_specialty": 0.8373362772041284,
            "gender": 0.0,
            "race": 0.0,
            "num_lab_procedures": 0.0,
            "time_in_hospital": 0.0,
            "admission_type_id": 0.0,
            "age": 0.0,
            "number_emergency": 0.0,
            "number_outpatient": 0.0,
            "diag_2": 0.0,
            "num_procedures": 0.0,
            "diag_3": 0.0,
            "metformin": 0.0,
            "repaglinide": 0.0,
            "nateglinide": 0.0,
            "chlorpropamide": 0.0,
            "glimepiride": 0.0,
            "acetohexamide": 0.0,
            "glipizide": 0.0,
            "glyburide": 0.0,
            "tolbutamide": 0.0,
            "pioglitazone": 0.0,
            "rosiglitazone": 0.0,
            "acarbose": 0.0,
            "miglitol": 0.0,
            "troglitazone": 0.0,
            "tolazamide": 0.0,
            "insulin": 0.0,
            "glyburide-metformin": 0.0,
            "glipizide-metformin": 0.0,
            "glimepiride-pioglitazone": 0.0,
            "metformin-rosiglitazone": 0.0,
            "metformin-pioglitazone": 0.0,
            "change": 0.0,
            "diabetesMed": 0.0
        },
        "Lime": {
            "race": 2.5712461782686193,
            "gender": 0.0,
            "age": 0.0,
            "admission_type_id": 0.0,
            "discharge_disposition_id": -17.126820894786707,
            "admission_source_id": -2.544672083120498,
            "time_in_hospital": 0.0,
            "payer_code": 0.0,
            "medical_specialty": 0.0,
            "num_lab_procedures": 0.0,
            "num_procedures": 0.0,
            "num_medications": 0.0,
            "number_outpatient": -2.900766215420505,
            "number_emergency": -2.8783306616710296,
            "number_inpatient": -34.93847996804502,
            "diag_1": -5.9341197137064565,
            "diag_2": 7.44133690758451,
            "diag_3": -3.131368455172949,
            "number_diagnoses": 0.0,
            "metformin": 0.0,
            "repaglinide": 0.0,
            "nateglinide": -5.530341907893551,
            "chlorpropamide": 0.0,
            "glimepiride": 0.0,
            "acetohexamide": 0.0,
            "glipizide": 0.0,
            "glyburide": 0.0,
            "tolbutamide": 6.95104774473654,
            "pioglitazone": 0.0,
            "rosiglitazone": 0.0,
            "acarbose": -5.978979612448699,
            "miglitol": 0.0,
            "troglitazone": 0.0,
            "tolazamide": 0.0,
            "insulin": 0.0,
            "glyburide-metformin": 0.0,
            "glipizide-metformin": 0.0,
            "glimepiride-pioglitazone": 0.0,
            "metformin-rosiglitazone": 0.0,
            "metformin-pioglitazone": 0.0,
            "change": 0.0,
            "diabetesMed": -2.0724896571448976
        },
        "Inherent": {
            "number_inpatient": -41.653027985739975,
            "discharge_disposition_id": -29.027678452630802,
            "number_diagnoses": 15.386633009188442,
            "diag_1": 13.932660552440781,
            "gender": 0.0,
            "admission_source_id": 0.0,
            "time_in_hospital": 0.0,
            "age": 0.0,
            "admission_type_id": 0.0,
            "race": 0.0,
            "num_lab_procedures": 0.0,
            "medical_specialty": 0.0,
            "payer_code": 0.0,
            "num_procedures": 0.0,
            "number_emergency": 0.0,
            "number_outpatient": 0.0,
            "diag_2": 0.0,
            "num_medications": 0.0,
            "diag_3": 0.0,
            "metformin": 0.0,
            "repaglinide": 0.0,
            "nateglinide": 0.0,
            "chlorpropamide": 0.0,
            "glimepiride": 0.0,
            "acetohexamide": 0.0,
            "glipizide": 0.0,
            "glyburide": 0.0,
            "tolbutamide": 0.0,
            "pioglitazone": 0.0,
            "rosiglitazone": 0.0,
            "acarbose": 0.0,
            "miglitol": 0.0,
            "troglitazone": 0.0,
            "tolazamide": 0.0,
            "insulin": 0.0,
            "glyburide-metformin": 0.0,
            "glipizide-metformin": 0.0,
            "glimepiride-pioglitazone": 0.0,
            "metformin-rosiglitazone": 0.0,
            "metformin-pioglitazone": 0.0,
            "change": 0.0,
            "diabetesMed": 0.0
        }
    },
    "XGBOOST": {
        "SHAP": {
            "number_inpatient": -20.577012582975684,
            "discharge_disposition_id": -17.064652239535054,
            "payer_code": -8.9488556969434,
            "num_medications": -7.704841803211587,
            "pioglitazone": -7.5542616493243715,
            "diag_1": 6.945294437609863,
            "age": -3.574606212327141,
            "diabetesMed": 3.3224790531008153,
            "diag_3": -3.2655887996152773,
            "number_emergency": -2.8245907209713637,
            "diag_2": -2.5457968616329283,
            "medical_specialty": 2.22388276355515,
            "metformin": 1.935649049959725,
            "num_procedures": -1.8344851621481084,
            "insulin": -1.3626511654822355,
            "race": -1.1780112571760224,
            "admission_source_id": -1.079317902800146,
            "time_in_hospital": -1.0606381862858485,
            "gender": -0.9647430461189935,
            "glimepiride": 0.7950463027367991,
            "number_diagnoses": 0.6707333478720932,
            "admission_type_id": -0.5539367884470775,
            "num_lab_procedures": 0.5214881518277694,
            "glipizide": -0.47213403351836153,
            "acarbose": 0.32559941182217694,
            "glyburide-metformin": 0.21082290158258854,
            "glyburide": 0.19332889438698847,
            "rosiglitazone": 0.11898391873160562,
            "number_outpatient": 0.08413641072344752,
            "change": -0.06724412100784366,
            "repaglinide": 0.019187126569536934,
            "acetohexamide": 0.0,
            "nateglinide": 0.0,
            "chlorpropamide": 0.0,
            "tolazamide": 0.0,
            "troglitazone": 0.0,
            "miglitol": 0.0,
            "tolbutamide": 0.0,
            "glimepiride-pioglitazone": 0.0,
            "glipizide-metformin": 0.0,
            "metformin-pioglitazone": 0.0,
            "metformin-rosiglitazone": 0.0
        },
        "Lime": {
            "race": 0.0,
            "gender": 0.0,
            "age": -3.63222479737852,
            "admission_type_id": 0.0,
            "discharge_disposition_id": -6.528484526864228,
            "admission_source_id": 2.2873415662439203,
            "time_in_hospital": 0.0,
            "payer_code": -4.191707501688431,
            "medical_specialty": 2.315814692042498,
            "num_lab_procedures": 0.0,
            "num_procedures": 3.612054599557757,
            "num_medications": -2.738678701121894,
            "number_outpatient": 0.0,
            "number_emergency": -5.779167400714067,
            "number_inpatient": -18.25302364928659,
            "diag_1": 3.805606829300529,
            "diag_2": -3.462828464313149,
            "diag_3": -3.474721390690606,
            "number_diagnoses": 2.4069863194352075,
            "metformin": 3.4670838546753133,
            "repaglinide": 0.0,
            "nateglinide": 1.763517191555675,
            "chlorpropamide": 0.0,
            "glimepiride": 5.244577382183877,
            "acetohexamide": 0.0,
            "glipizide": 0.0,
            "glyburide": 4.112407528549232,
            "tolbutamide": 0.0,
            "pioglitazone": -3.2082811131632756,
            "rosiglitazone": 2.624312127599284,
            "acarbose": 9.850961903799513,
            "miglitol": 0.0,
            "troglitazone": 0.0,
            "tolazamide": -3.6358435375147367,
            "insulin": 0.0,
            "glyburide-metformin": 0.0,
            "glipizide-metformin": 0.0,
            "glimepiride-pioglitazone": 0.0,
            "metformin-rosiglitazone": 0.0,
            "metformin-pioglitazone": 0.0,
            "change": 0.0,
            "diabetesMed": 3.6043749223217034
        },
        "Inherent": {
            "race": -0.6942456364631653,
            "gender": -0.9981495141983032,
            "age": -3.2198715209960938,
            "admission_type_id": 0.048158589750528336,
            "discharge_disposition_id": -16.333772659301758,
            "admission_source_id": -1.3632405996322632,
            "time_in_hospital": -1.6756418943405151,
            "payer_code": -9.398650169372559,
            "medical_specialty": 1.3089041709899902,
            "num_lab_procedures": -0.07530355453491211,
            "num_procedures": -1.7235569953918457,
            "num_medications": -8.849597930908203,
            "number_outpatient": 0.027067365124821663,
            "number_emergency": -2.791092872619629,
            "number_inpatient": -26.071224212646484,
            "diag_1": 4.1461358070373535,
            "diag_2": 0.023495221510529518,
            "diag_3": -6.096879959106445,
            "number_diagnoses": 1.7291522026062012,
            "metformin": 1.6440930366516113,
            "repaglinide": -0.004051761236041784,
            "nateglinide": -0.009691507555544376,
            "chlorpropamide": 0.01836545206606388,
            "glimepiride": 0.43496590852737427,
            "acetohexamide": 0.0,
            "glipizide": -0.4141528010368347,
            "glyburide": 0.24887022376060486,
            "tolbutamide": 0.0,
            "pioglitazone": -6.355518341064453,
            "rosiglitazone": 0.05215536057949066,
            "acarbose": 0.045659489929676056,
            "miglitol": 0.0,
            "troglitazone": 0.0,
            "tolazamide": 0.0,
            "insulin": -1.5677008628845215,
            "glyburide-metformin": 0.01994161121547222,
            "glipizide-metformin": 0.0,
            "glimepiride-pioglitazone": 0.0,
            "metformin-rosiglitazone": 0.0,
            "metformin-pioglitazone": 0.0,
            "change": -0.17962311208248138,
            "diabetesMed": 2.4310624599456787
        }
    }
}