{
    "LogisticRegression": {
        "SHAP": {
            "number_diagnoses": -15.592446545940245,
            "number_inpatient": -15.22296412768387,
            "age": -9.690584114082906,
            "payer_code": -6.884258960105155,
            "discharge_disposition_id": -6.612520649799171,
            "insulin": 5.894980857038813,
            "diabetesMed": 5.855932009650497,
            "num_medications": -4.721446825643188,
            "diag_1": -3.908972424535929,
            "time_in_hospital": -3.7995071399780525,
            "rosiglitazone": -3.7141246045477994,
            "change": 3.10262885540614,
            "metformin": 3.047797181204957,
            "num_procedures": 2.794214230439088,
            "number_emergency": -2.144788989992078,
            "diag_2": 2.12699831470342,
            "glimepiride": 1.2927282892207035,
            "gender": -0.9428141962155409,
            "num_lab_procedures": -0.4912641683808482,
            "glyburide": 0.45612875231467465,
            "pioglitazone": 0.4174225249676407,
            "admission_source_id": -0.23670371732437306,
            "glyburide-metformin": 0.18223671383592424,
            "acarbose": 0.17476411670827458,
            "number_outpatient": 0.12579037017092623,
            "admission_type_id": -0.10909202630942526,
            "race": -0.08876705195494522,
            "glipizide": 0.07887354565872265,
            "glipizide-metformin": -0.07290588193560635,
            "chlorpropamide": -0.04854364778581108,
            "medical_specialty": 0.026828903669111094,
            "tolazamide": 0.024327221657883858,
            "tolbutamide": -0.02135706256860815,
            "troglitazone": -0.019085631658091243,
            "diag_3": -0.013055908546273287,
            "repaglinide": 0.012628045419050776,
            "miglitol": -0.01259767822635435,
            "metformin-rosiglitazone": -0.012393561163606386,
            "acetohexamide": -0.007010026486097358,
            "nateglinide": 0.006415174925671734,
            "glimepiride-pioglitazone": -0.006290523988225116,
            "metformin-pioglitazone": -0.0058094281562961776
        },
        "Lime": {
            "race": -23.201388258745713,
            "gender": 0.0,
            "age": 0.0,
            "admission_type_id": 0.0,
            "discharge_disposition_id": -19.49533199011603,
            "admission_source_id": 0.0,
            "time_in_hospital": 0.0,
            "payer_code": 0.0,
            "medical_specialty": 0.0,
            "num_lab_procedures": 0.0,
            "num_procedures": 0.0,
            "num_medications": 0.0,
            "number_outpatient": 0.0,
            "number_emergency": -22.999775393547843,
            "number_inpatient": -11.169759469836215,
            "diag_1": 0.0,
            "diag_2": 0.0,
            "diag_3": 0.0,
            "number_diagnoses": -23.133744887754208,
            "metformin": 0.0,
            "repaglinide": 0.0,
            "nateglinide": 0.0,
            "chlorpropamide": 0.0,
            "glimepiride": 0.0,
            "acetohexamide": 0.0,
            "glipizide": 0.0,
            "glyburide": 0.0,
            "tolbutamide": 0.0,
            "pioglitazone": 0.0,
            "rosiglitazone": 0.0,
            "acarbose": 0.0,
            "miglitol": 0.0,
            "troglitazone": 0.0,
            "tolazamide": 0.0,
            "insulin": 0.0,
            "glyburide-metformin": 0.0,
            "glipizide-metformin": 0.0,
            "glimepiride-pioglitazone": 0.0,
            "metformin-rosiglitazone": 0.0,
            "metformin-pioglitazone": 0.0,
            "change": 0.0,
            "diabetesMed": 0.0
        },
        "Inherent": {
            "insulin": 6.273267240723541,
            "diabetesMed": 4.800654790190648,
            "change": 3.276159916568667,
            "num_procedures": 2.833393442709269,
            "metformin": 2.7743210320748246,
            "diag_2": 2.255709452834318,
            "glimepiride": 0.8751875307849978,
            "pioglitazone": 0.5194180993566753,
            "glyburide": 0.4731468337890013,
            "number_outpatient": 0.16061422474651754,
            "glyburide-metformin": 0.08420975776877464,
            "glipizide": 0.06469626313403279,
            "tolazamide": 0.03439387087845141,
            "nateglinide": 0.018750507519747342,
            "medical_specialty": 0.015940308740821155,
            "glimepiride-pioglitazone": -0.0,
            "repaglinide": 0.0,
            "tolbutamide": -0.0,
            "metformin-rosiglitazone": -0.0,
            "troglitazone": -0.0,
            "acarbose": -0.0,
            "miglitol": -0.0,
            "metformin-pioglitazone": -0.0,
            "glipizide-metformin": -0.0,
            "acetohexamide": -0.0,
            "chlorpropamide": -0.0,
            "diag_3": -0.05882830492179097,
            "race": -0.08451870317588732,
            "admission_type_id": -0.09118820726887156,
            "admission_source_id": -0.45904299964443074,
            "num_lab_procedures": -0.5123058249490409,
            "gender": -1.0400553665223111,
            "number_emergency": -2.102172538822843,
            "time_in_hospital": -2.8903507331191336,
            "rosiglitazone": -3.8814463203842275,
            "diag_1": -4.117037278851901,
            "num_medications": -4.421764469352788,
            "discharge_disposition_id": -7.283316302932033,
            "payer_code": -7.3470019286939126,
            "age": -9.361545173338838,
            "number_diagnoses": -14.03393061766105,
            "number_inpatient": -17.85563195854066
        }
    },
    "DecisionTree": {
        "SHAP": {
            "discharge_disposition_id": -31.492586208656288,
            "number_inpatient": -29.953692404464245,
            "number_diagnoses": -20.645078442454672,
            "diag_1": -15.048949825313501,
            "payer_code": -1.415959085738326,
            "num_medications": -1.0582802844433663,
            "medical_specialty": -0.23787199773373535,
            "admission_source_id": 0.14758175119587005,
            "gender": 0.0,
            "race": 0.0,
            "num_lab_procedures": 0.0,
            "time_in_hospital": 0.0,
            "admission_type_id": 0.0,
            "age": 0.0,
            "number_emergency": 0.0,
            "number_outpatient": 0.0,
            "diag_2": 0.0,
            "num_procedures": 0.0,
            "diag_3": 0.0,
            "metformin": 0.0,
            "repaglinide": 0.0,
            "nateglinide": 0.0,
            "chlorpropamide": 0.0,
            "glimepiride": 0.0,
            "acetohexamide": 0.0,
            "glipizide": 0.0,
            "glyburide": 0.0,
            "tolbutamide": 0.0,
            "pioglitazone": 0.0,
            "rosiglitazone": 0.0,
            "acarbose": 0.0,
            "miglitol": 0.0,
            "troglitazone": 0.0,
            "tolazamide": 0.0,
            "insulin": 0.0,
            "glyburide-metformin": 0.0,
            "glipizide-metformin": 0.0,
            "glimepiride-pioglitazone": 0.0,
            "metformin-rosiglitazone": 0.0,
            "metformin-pioglitazone": 0.0,
            "change": 0.0,
            "diabetesMed": 0.0
        },
        "Lime": {
            "race": 0.0,
            "gender": 0.0,
            "age": 0.0,
            "admission_type_id": 0.0,
            "discharge_disposition_id": -18.130640918994644,
            "admission_source_id": 0.0,
            "time_in_hospital": 0.0,
            "payer_code": -4.525038379363645,
            "medical_specialty": 0.0,
            "num_lab_procedures": 0.0,
            "num_procedures": 0.0,
            "num_medications": 0.0,
            "number_outpatient": 0.0,
            "number_emergency": 0.0,
            "number_inpatient": -36.7661708268696,
            "diag_1": -12.649943806917777,
            "diag_2": 0.0,
            "diag_3": 0.0,
            "number_diagnoses": -8.514116489186188,
            "metformin": 0.0,
            "repaglinide": 0.0,
            "nateglinide": -2.990491785690851,
            "chlorpropamide": 0.0,
            "glimepiride": 0.0,
            "acetohexamide": 0.0,
            "glipizide": 0.0,
            "glyburide": -6.692221758049131,
            "tolbutamide": 0.0,
            "pioglitazone": -5.183466874621924,
            "rosiglitazone": 4.547909160306256,
            "acarbose": 0.0,
            "miglitol": 0.0,
            "troglitazone": 0.0,
            "tolazamide": 0.0,
            "insulin": 0.0,
            "glyburide-metformin": 0.0,
            "glipizide-metformin": 0.0,
            "glimepiride-pioglitazone": 0.0,
            "metformin-rosiglitazone": 0.0,
            "metformin-pioglitazone": 0.0,
            "change": 0.0,
            "diabetesMed": 0.0
        },
        "Inherent": {
            "number_inpatient": -31.60851789225841,
            "diag_1": -26.957267844138,
            "discharge_disposition_id": -22.027735752003924,
            "number_diagnoses": -19.40647851159967,
            "gender": 0.0,
            "admission_source_id": 0.0,
            "time_in_hospital": 0.0,
            "age": 0.0,
            "admission_type_id": 0.0,
            "race": 0.0,
            "num_lab_procedures": 0.0,
            "medical_specialty": 0.0,
            "payer_code": 0.0,
            "num_procedures": 0.0,
            "number_emergency": 0.0,
            "number_outpatient": 0.0,
            "diag_2": 0.0,
            "num_medications": 0.0,
            "diag_3": 0.0,
            "metformin": 0.0,
            "repaglinide": 0.0,
            "nateglinide": 0.0,
            "chlorpropamide": 0.0,
            "glimepiride": 0.0,
            "acetohexamide": 0.0,
            "glipizide": 0.0,
            "glyburide": 0.0,
            "tolbutamide": 0.0,
            "pioglitazone": 0.0,
            "rosiglitazone": 0.0,
            "acarbose": 0.0,
            "miglitol": 0.0,
            "troglitazone": 0.0,
            "tolazamide": 0.0,
            "insulin": 0.0,
            "glyburide-metformin": 0.0,
            "glipizide-metformin": 0.0,
            "glimepiride-pioglitazone": 0.0,
            "metformin-rosiglitazone": 0.0,
            "metformin-pioglitazone": 0.0,
            "change": 0.0,
            "diabetesMed": 0.0
        }
    },
    "XGBOOST": {
        "SHAP": {
            "number_inpatient": -19.653468009147595,
            "discharge_disposition_id": -16.958308015082505,
            "num_medications": -12.839041265289778,
            "number_diagnoses": -9.064438058465681,
            "diabetesMed": 4.075771702240445,
            "diag_2": 3.790473684699224,
            "diag_1": 3.1850180648461337,
            "num_lab_procedures": 3.151217051662356,
            "insulin": 3.117733037669669,
            "num_procedures": 2.9524636607724317,
            "age": -2.8909387906771276,
            "medical_specialty": -2.795604083818216,
            "time_in_hospital": -2.2209678456438593,
            "number_emergency": -2.177151034391278,
            "diag_3": -2.1513729542379623,
            "metformin": 1.8016074331679142,
            "rosiglitazone": 1.0059614199331084,
            "gender": 0.9911616077504907,
            "admission_source_id": 0.8850768430036977,
            "payer_code": -0.8403614844169724,
            "glimepiride": 0.6817850703564247,
            "glyburide": 0.6395062906098439,
            "pioglitazone": 0.463240337155885,
            "admission_type_id": 0.348044557906759,
            "acarbose": 0.2862377634500233,
            "race": -0.23148867098445,
            "change": -0.22796762709319518,
            "glipizide": -0.2274497241222172,
            "glyburide-metformin": 0.1544780538304565,
            "number_outpatient": -0.15252861219579933,
            "repaglinide": 0.03913724537850173,
            "acetohexamide": 0.0,
            "nateglinide": 0.0,
            "chlorpropamide": 0.0,
            "tolazamide": 0.0,
            "troglitazone": 0.0,
            "miglitol": 0.0,
            "tolbutamide": 0.0,
            "glimepiride-pioglitazone": 0.0,
            "glipizide-metformin": 0.0,
            "metformin-pioglitazone": 0.0,
            "metformin-rosiglitazone": 0.0
        },
        "Lime": {
            "race": 0.0,
            "gender": 0.0,
            "age": -4.415736898400759,
            "admission_type_id": 0.0,
            "discharge_disposition_id": -5.712745146188632,
            "admission_source_id": 0.0,
            "time_in_hospital": -1.7235823197080484,
            "payer_code": -4.792884829437642,
            "medical_specialty": -2.05374679867377,
            "num_lab_procedures": 0.0,
            "num_procedures": 1.8333326433953765,
            "num_medications": -2.9042529035827154,
            "number_outpatient": 0.0,
            "number_emergency": -8.659817763832814,
            "number_inpatient": -18.37137837976527,
            "diag_1": 1.4273578395363797,
            "diag_2": 2.2357909051648415,
            "diag_3": 0.0,
            "number_diagnoses": -3.2303428204301565,
            "metformin": 4.033962786839252,
            "repaglinide": 0.0,
            "nateglinide": 2.6429497953884704,
            "chlorpropamide": 3.3538349127521108,
            "glimepiride": 3.194730355662392,
            "acetohexamide": 0.0,
            "glipizide": 0.0,
            "glyburide": 5.366941360052708,
            "tolbutamide": 0.0,
            "pioglitazone": 7.1171898969694825,
            "rosiglitazone": 0.0,
            "acarbose": 9.704192516998713,
            "miglitol": 0.0,
            "troglitazone": 0.0,
            "tolazamide": 0.0,
            "insulin": 2.875759632696051,
            "glyburide-metformin": 0.0,
            "glipizide-metformin": 0.0,
            "glimepiride-pioglitazone": 0.0,
            "metformin-rosiglitazone": 0.0,
            "metformin-pioglitazone": 0.0,
            "change": 0.0,
            "diabetesMed": 4.349469494524422
        },
        "Inherent": {
            "race": 0.07590032368898392,
            "gender": 1.0111627578735352,
            "age": -3.6659984588623047,
            "admission_type_id": 0.1987977921962738,
            "discharge_disposition_id": -16.287336349487305,
            "admission_source_id": 0.5455729961395264,
            "time_in_hospital": -2.315953254699707,
            "payer_code": -0.6838134527206421,
            "medical_specialty": -2.9368319511413574,
            "num_lab_procedures": 2.9624271392822266,
            "num_procedures": 2.835256338119507,
            "num_medications": -12.927010536193848,
            "number_outpatient": -0.2148410975933075,
            "number_emergency": -2.2536492347717285,
            "number_inpatient": -25.287734985351562,
            "diag_1": 1.868668794631958,
            "diag_2": 2.8748180866241455,
            "diag_3": -3.8295373916625977,
            "number_diagnoses": -6.739399433135986,
            "metformin": 1.5988211631774902,
            "repaglinide": 0.0273851677775383,
            "nateglinide": -0.00853574089705944,
            "chlorpropamide": 0.01322096772491932,
            "glimepiride": 0.41120922565460205,
            "acetohexamide": 0.0,
            "glipizide": -0.3070133924484253,
            "glyburide": 0.3244819939136505,
            "tolbutamide": 0.0,
            "pioglitazone": 0.4739035367965698,
            "rosiglitazone": 1.00159752368927,
            "acarbose": 0.04067293927073479,
            "miglitol": 0.0,
            "troglitazone": 0.0,
            "tolazamide": 0.0,
            "insulin": 3.0382299423217773,
            "glyburide-metformin": 0.011111115105450153,
            "glipizide-metformin": 0.0,
            "glimepiride-pioglitazone": 0.0,
            "metformin-rosiglitazone": 0.0,
            "metformin-pioglitazone": 0.0,
            "change": -0.2499009668827057,
            "diabetesMed": 2.979207754135132
        }
    }
}