{
    "LogisticRegression": {
        "SHAP": {
            "number_inpatient": 26.22928960184574,
            "time_in_hospital": 18.078783143223486,
            "number_diagnoses": 9.038499331501702,
            "diabetesMed": 7.146397442845546,
            "num_procedures": -5.212936079983374,
            "payer_code": 4.489786452868451,
            "age": 4.229500743863606,
            "metformin": 3.719436965145864,
            "insulin": -3.3007062248592165,
            "change": -3.0646444398159005,
            "number_emergency": -2.617433830902259,
            "discharge_disposition_id": -1.8240615095718227,
            "num_lab_procedures": 1.6657154830908183,
            "glimepiride": 1.5776054307249905,
            "num_medications": 1.3679212149143796,
            "diag_1": 1.2654162148807488,
            "gender": -1.1505811457184851,
            "diag_2": -0.6764542766185633,
            "glyburide": 0.5566453544504982,
            "pioglitazone": 0.5094094774493324,
            "rosiglitazone": 0.49625435388841704,
            "admission_source_id": -0.28886586070521914,
            "diag_3": 0.23781880037297737,
            "glyburide-metformin": 0.2223960222904556,
            "acarbose": 0.21327669697785898,
            "number_outpatient": 0.1535106586351494,
            "admission_type_id": -0.13313251871225973,
            "medical_specialty": 0.10086968920604282,
            "glipizide": 0.09625482401003804,
            "glipizide-metformin": -0.08897207265630674,
            "chlorpropamide": -0.05924115919228715,
            "race": 0.03208027627905149,
            "tolazamide": 0.029688185306955786,
            "tolbutamide": -0.026063495456482063,
            "troglitazone": -0.023291511761355934,
            "repaglinide": 0.015410874194256229,
            "miglitol": -0.015373815015994852,
            "metformin-rosiglitazone": -0.015124716895856288,
            "acetohexamide": -0.008554818476711726,
            "nateglinide": 0.007828880118258674,
            "glimepiride-pioglitazone": -0.007676759987910715,
            "metformin-pioglitazone": -0.007089645585387826
        },
        "Lime": {
            "race": 0.0,
            "gender": 0.0,
            "age": 0.0,
            "admission_type_id": 0.0,
            "discharge_disposition_id": -8.363962418501222,
            "admission_source_id": 0.0,
            "time_in_hospital": 6.326053022932514,
            "payer_code": 0.0,
            "medical_specialty": 0.0,
            "num_lab_procedures": 0.0,
            "num_procedures": -6.097156791741989,
            "num_medications": 0.0,
            "number_outpatient": 0.0,
            "number_emergency": -18.05699046989817,
            "number_inpatient": 61.155837296926094,
            "diag_1": 0.0,
            "diag_2": 0.0,
            "diag_3": 0.0,
            "number_diagnoses": 0.0,
            "metformin": 0.0,
            "repaglinide": 0.0,
            "nateglinide": 0.0,
            "chlorpropamide": 0.0,
            "glimepiride": 0.0,
            "acetohexamide": 0.0,
            "glipizide": 0.0,
            "glyburide": 0.0,
            "tolbutamide": 0.0,
            "pioglitazone": 0.0,
            "rosiglitazone": 0.0,
            "acarbose": 0.0,
            "miglitol": 0.0,
            "troglitazone": 0.0,
            "tolazamide": 0.0,
            "insulin": 0.0,
            "glyburide-metformin": 0.0,
            "glipizide-metformin": 0.0,
            "glimepiride-pioglitazone": 0.0,
            "metformin-rosiglitazone": 0.0,
            "metformin-pioglitazone": 0.0,
            "change": 0.0,
            "diabetesMed": 0.0
        },
        "Inherent": {
            "number_inpatient": 23.800719894677393,
            "time_in_hospital": 19.497373432499458,
            "number_diagnoses": 11.472646293031938,
            "diabetesMed": 5.789614553083345,
            "age": 4.954635908779527,
            "payer_code": 4.18244482126756,
            "metformin": 3.3458455407054446,
            "num_medications": 1.8811398777247628,
            "num_lab_procedures": 1.6740778731975725,
            "diag_1": 1.1417323893632256,
            "glimepiride": 1.0554806971881177,
            "pioglitazone": 0.6264209193535601,
            "glyburide": 0.5706175333097262,
            "rosiglitazone": 0.4070473369849528,
            "number_outpatient": 0.19370158731778092,
            "diag_3": 0.18579353825941805,
            "glyburide-metformin": 0.10155740422867589,
            "medical_specialty": 0.08815511265860074,
            "glipizide": 0.07802402858382379,
            "tolazamide": 0.041479186502148754,
            "race": 0.040132715403945675,
            "nateglinide": 0.02261320923050931,
            "troglitazone": -0.0,
            "miglitol": -0.0,
            "glimepiride-pioglitazone": -0.0,
            "acetohexamide": -0.0,
            "metformin-pioglitazone": -0.0,
            "metformin-rosiglitazone": -0.0,
            "glipizide-metformin": -0.0,
            "acarbose": -0.0,
            "repaglinide": 0.0,
            "chlorpropamide": -0.0,
            "tolbutamide": -0.0,
            "admission_type_id": -0.10997345048683935,
            "admission_source_id": -0.55360823624789,
            "diag_2": -0.5903227407515358,
            "gender": -1.2543121614022308,
            "discharge_disposition_id": -2.4644961934080043,
            "number_emergency": -2.5352309748932313,
            "change": -2.980628613003734,
            "insulin": -3.052783059339988,
            "num_procedures": -5.307390717115072
        }
    },
    "DecisionTree": {
        "SHAP": {
            "discharge_disposition_id": 47.76776138058669,
            "payer_code": 29.897875683426207,
            "number_inpatient": 9.279237959508842,
            "num_medications": 6.154515614626628,
            "diag_1": 2.650550734292413,
            "number_diagnoses": 1.8097900519876542,
            "admission_source_id": 1.5110776697049677,
            "medical_specialty": 0.7793767667048028,
            "number_emergency": -0.14981413916179542,
            "gender": 0.0,
            "num_lab_procedures": 0.0,
            "time_in_hospital": 0.0,
            "admission_type_id": 0.0,
            "age": 0.0,
            "race": 0.0,
            "number_outpatient": 0.0,
            "diag_2": 0.0,
            "num_procedures": 0.0,
            "diag_3": 0.0,
            "metformin": 0.0,
            "repaglinide": 0.0,
            "nateglinide": 0.0,
            "chlorpropamide": 0.0,
            "glimepiride": 0.0,
            "acetohexamide": 0.0,
            "glipizide": 0.0,
            "glyburide": 0.0,
            "tolbutamide": 0.0,
            "pioglitazone": 0.0,
            "rosiglitazone": 0.0,
            "acarbose": 0.0,
            "miglitol": 0.0,
            "troglitazone": 0.0,
            "tolazamide": 0.0,
            "insulin": 0.0,
            "glyburide-metformin": 0.0,
            "glipizide-metformin": 0.0,
            "glimepiride-pioglitazone": 0.0,
            "metformin-rosiglitazone": 0.0,
            "metformin-pioglitazone": 0.0,
            "change": 0.0,
            "diabetesMed": 0.0
        },
        "Lime": {
            "race": 0.0,
            "gender": 0.0,
            "age": 0.0,
            "admission_type_id": 0.0,
            "discharge_disposition_id": 31.30744854076478,
            "admission_source_id": 0.0,
            "time_in_hospital": 0.0,
            "payer_code": 5.848406623504577,
            "medical_specialty": 0.0,
            "num_lab_procedures": 0.0,
            "num_procedures": 3.3613725373347605,
            "num_medications": 0.0,
            "number_outpatient": 0.0,
            "number_emergency": -5.629378756035764,
            "number_inpatient": 8.811417180774045,
            "diag_1": 0.0,
            "diag_2": 9.445226119822541,
            "diag_3": 5.781820356726354,
            "number_diagnoses": 0.0,
            "metformin": 0.0,
            "repaglinide": 0.0,
            "nateglinide": 8.448840957765768,
            "chlorpropamide": 0.0,
            "glimepiride": 0.0,
            "acetohexamide": 0.0,
            "glipizide": 0.0,
            "glyburide": 10.16539360775429,
            "tolbutamide": 0.0,
            "pioglitazone": 0.0,
            "rosiglitazone": 3.624185506034188,
            "acarbose": 7.576509813482923,
            "miglitol": 0.0,
            "troglitazone": 0.0,
            "tolazamide": 0.0,
            "insulin": 0.0,
            "glyburide-metformin": 0.0,
            "glipizide-metformin": 0.0,
            "glimepiride-pioglitazone": 0.0,
            "metformin-rosiglitazone": 0.0,
            "metformin-pioglitazone": 0.0,
            "change": 0.0,
            "diabetesMed": 0.0
        },
        "Inherent": {
            "discharge_disposition_id": 47.01241800020962,
            "payer_code": 32.571767198701664,
            "number_inpatient": -20.415814801088715,
            "gender": 0.0,
            "admission_type_id": 0.0,
            "race": 0.0,
            "admission_source_id": 0.0,
            "time_in_hospital": 0.0,
            "medical_specialty": 0.0,
            "age": 0.0,
            "num_lab_procedures": 0.0,
            "num_procedures": 0.0,
            "number_outpatient": 0.0,
            "num_medications": 0.0,
            "number_emergency": 0.0,
            "diag_1": 0.0,
            "diag_2": 0.0,
            "diag_3": 0.0,
            "number_diagnoses": 0.0,
            "metformin": 0.0,
            "repaglinide": 0.0,
            "nateglinide": 0.0,
            "chlorpropamide": 0.0,
            "glimepiride": 0.0,
            "acetohexamide": 0.0,
            "glipizide": 0.0,
            "glyburide": 0.0,
            "tolbutamide": 0.0,
            "pioglitazone": 0.0,
            "rosiglitazone": 0.0,
            "acarbose": 0.0,
            "miglitol": 0.0,
            "troglitazone": 0.0,
            "tolazamide": 0.0,
            "insulin": 0.0,
            "glyburide-metformin": 0.0,
            "glipizide-metformin": 0.0,
            "glimepiride-pioglitazone": 0.0,
            "metformin-rosiglitazone": 0.0,
            "metformin-pioglitazone": 0.0,
            "change": 0.0,
            "diabetesMed": 0.0
        }
    },
    "XGBOOST": {
        "SHAP": {
            "discharge_disposition_id": 19.982170696145737,
            "payer_code": 13.728179418018014,
            "num_lab_procedures": -13.480716126171991,
            "number_inpatient": 10.418177341680787,
            "diag_1": 7.835003589489724,
            "num_medications": 5.579011111914242,
            "time_in_hospital": -3.909626811697515,
            "diag_2": -3.0362886561445177,
            "diabetesMed": 2.966188720942535,
            "medical_specialty": 2.617897666520461,
            "age": 2.052334127616881,
            "metformin": 1.902824635597631,
            "number_emergency": -1.8005870001035658,
            "gender": -1.7344830269691531,
            "insulin": -1.2670182732201114,
            "glimepiride": 1.128326869487819,
            "glipizide": -1.0657228974825295,
            "diag_3": -1.0331885936192295,
            "change": 1.0017146528502334,
            "number_diagnoses": 0.7388549190259377,
            "pioglitazone": 0.6153625462361869,
            "glyburide-metformin": 0.4213434053608831,
            "admission_source_id": 0.4068361265228552,
            "acarbose": 0.3682544188075798,
            "rosiglitazone": 0.2324030961133881,
            "num_procedures": 0.2291422119369938,
            "race": 0.16927990431479115,
            "admission_type_id": 0.16381373328343182,
            "glyburide": 0.07652962224237544,
            "repaglinide": 0.019902214558861566,
            "number_outpatient": -0.018817585924047,
            "acetohexamide": 0.0,
            "nateglinide": 0.0,
            "chlorpropamide": 0.0,
            "tolazamide": 0.0,
            "troglitazone": 0.0,
            "miglitol": 0.0,
            "tolbutamide": 0.0,
            "glimepiride-pioglitazone": 0.0,
            "glipizide-metformin": 0.0,
            "metformin-pioglitazone": 0.0,
            "metformin-rosiglitazone": 0.0
        },
        "Lime": {
            "race": 0.0,
            "gender": -2.2708882970330926,
            "age": 2.0003926411742845,
            "admission_type_id": 0.0,
            "discharge_disposition_id": 17.168644868090908,
            "admission_source_id": 0.0,
            "time_in_hospital": 3.96112595188858,
            "payer_code": 4.698723337873307,
            "medical_specialty": 0.0,
            "num_lab_procedures": 0.0,
            "num_procedures": -1.9738612383860161,
            "num_medications": 0.0,
            "number_outpatient": 0.0,
            "number_emergency": -4.916817868790373,
            "number_inpatient": 7.541083756940201,
            "diag_1": 3.1487332658114013,
            "diag_2": -3.5069863925912013,
            "diag_3": 10.806289539132143,
            "number_diagnoses": 3.836898044170068,
            "metformin": 3.752893925466404,
            "repaglinide": 1.9726305042934693,
            "nateglinide": 3.88001866683862,
            "chlorpropamide": 8.661929901913515,
            "glimepiride": 0.0,
            "acetohexamide": 0.0,
            "glipizide": 0.0,
            "glyburide": -2.8908818961159577,
            "tolbutamide": 0.0,
            "pioglitazone": 0.0,
            "rosiglitazone": 0.0,
            "acarbose": 5.1174087129588814,
            "miglitol": 0.0,
            "troglitazone": 0.0,
            "tolazamide": 0.0,
            "insulin": -2.2272970800696434,
            "glyburide-metformin": 0.0,
            "glipizide-metformin": 0.0,
            "glimepiride-pioglitazone": 0.0,
            "metformin-rosiglitazone": 0.0,
            "metformin-pioglitazone": 0.0,
            "change": 0.0,
            "diabetesMed": 5.66649411046193
        },
        "Inherent": {
            "race": 0.30817267298698425,
            "gender": -2.1890950202941895,
            "age": 2.1555027961730957,
            "admission_type_id": 0.12574659287929535,
            "discharge_disposition_id": 24.355249404907227,
            "admission_source_id": 0.02660577930510044,
            "time_in_hospital": -5.696629524230957,
            "payer_code": 13.611352920532227,
            "medical_specialty": 1.9731048345565796,
            "num_lab_procedures": -10.815298080444336,
            "num_procedures": -0.5812054872512817,
            "num_medications": 1.021094560623169,
            "number_outpatient": -0.05293462797999382,
            "number_emergency": -2.1643269062042236,
            "number_inpatient": 7.704036712646484,
            "diag_1": 7.527817249298096,
            "diag_2": -4.29628849029541,
            "diag_3": -3.3586905002593994,
            "number_diagnoses": 1.1568553447723389,
            "metformin": 1.7956616878509521,
            "repaglinide": 0.012756328098475933,
            "nateglinide": 0.009790909476578236,
            "chlorpropamide": 0.02119518257677555,
            "glimepiride": 0.6760714054107666,
            "acetohexamide": 0.0,
            "glipizide": -1.2998864650726318,
            "glyburide": 0.30645081400871277,
            "tolbutamide": 0.0,
            "pioglitazone": 0.8666679263114929,
            "rosiglitazone": 0.16184121370315552,
            "acarbose": 0.06296174228191376,
            "miglitol": 0.0,
            "troglitazone": 0.0,
            "tolazamide": 0.0,
            "insulin": -1.5886856317520142,
            "glyburide-metformin": 0.0882178395986557,
            "glipizide-metformin": 0.0,
            "glimepiride-pioglitazone": 0.0,
            "metformin-rosiglitazone": 0.0,
            "metformin-pioglitazone": 0.0,
            "change": 1.419777750968933,
            "diabetesMed": 2.570019245147705
        }
    }
}