{
    "LogisticRegression": {
        "SHAP": {
            "discharge_disposition_id": 32.2444885704319,
            "diabetesMed": -17.651086693147203,
            "number_inpatient": -13.306272231659669,
            "number_diagnoses": -9.608617887263483,
            "age": 6.86267385992925,
            "payer_code": 3.2158199545198225,
            "metformin": 2.6640553482121643,
            "num_procedures": 2.4424005017646224,
            "change": -2.195058684087698,
            "number_emergency": -1.8747430487864603,
            "insulin": 1.394308768667628,
            "glimepiride": 1.1299635467613427,
            "gender": -0.8241064127519638,
            "admission_type_id": 0.7696626377348448,
            "diag_3": -0.42099028174960895,
            "glyburide": 0.3986985254697413,
            "diag_2": -0.3711068967167491,
            "pioglitazone": 0.3648657190714447,
            "rosiglitazone": 0.35544333132640227,
            "diag_1": 0.3218174756896944,
            "time_in_hospital": 0.29445635908288803,
            "admission_source_id": -0.20690084234226824,
            "num_medications": 0.19412197618051433,
            "glyburide-metformin": 0.15929166649575546,
            "acarbose": 0.1527599286013463,
            "number_outpatient": 0.10995236509634017,
            "num_lab_procedures": -0.08420103105187168,
            "medical_specialty": 0.07224814871713219,
            "glipizide": 0.0689427408228993,
            "glipizide-metformin": -0.06372645328383993,
            "chlorpropamide": -0.042431617596807844,
            "race": 0.022977572249293206,
            "tolazamide": 0.02126423154548814,
            "tolbutamide": -0.018668039037790622,
            "troglitazone": -0.01668259929049595,
            "repaglinide": 0.011038074365167544,
            "miglitol": -0.011011530642831953,
            "metformin-rosiglitazone": -0.010833113536855076,
            "acetohexamide": -0.006127408564638584,
            "nateglinide": 0.005607453532618471,
            "glimepiride-pioglitazone": -0.005498497136631178,
            "metformin-pioglitazone": -0.005077975084850109
        },
        "Lime": {
            "race": -12.979883680341977,
            "gender": 0.0,
            "age": 0.0,
            "admission_type_id": 0.0,
            "discharge_disposition_id": 29.682871866566103,
            "admission_source_id": 0.0,
            "time_in_hospital": 0.0,
            "payer_code": 0.0,
            "medical_specialty": 0.0,
            "num_lab_procedures": 6.317954213814966,
            "num_procedures": 0.0,
            "num_medications": 0.0,
            "number_outpatient": 0.0,
            "number_emergency": -32.250176195801906,
            "number_inpatient": 0.0,
            "diag_1": 0.0,
            "diag_2": 0.0,
            "diag_3": 0.0,
            "number_diagnoses": -18.76911404347504,
            "metformin": 0.0,
            "repaglinide": 0.0,
            "nateglinide": 0.0,
            "chlorpropamide": 0.0,
            "glimepiride": 0.0,
            "acetohexamide": 0.0,
            "glipizide": 0.0,
            "glyburide": 0.0,
            "tolbutamide": 0.0,
            "pioglitazone": 0.0,
            "rosiglitazone": 0.0,
            "acarbose": 0.0,
            "miglitol": 0.0,
            "troglitazone": 0.0,
            "tolazamide": 0.0,
            "insulin": 0.0,
            "glyburide-metformin": 0.0,
            "glipizide-metformin": 0.0,
            "glimepiride-pioglitazone": 0.0,
            "metformin-rosiglitazone": 0.0,
            "metformin-pioglitazone": 0.0,
            "change": 0.0,
            "diabetesMed": 0.0
        },
        "Inherent": {
            "discharge_disposition_id": 31.36777891018368,
            "age": 7.23952467994088,
            "payer_code": 2.9199864955791086,
            "num_procedures": 2.385649740471402,
            "metformin": 2.3359121787989467,
            "insulin": 1.575315881108795,
            "time_in_hospital": 1.1321172729272957,
            "admission_type_id": 0.7763138909712389,
            "glimepiride": 0.7368870394803386,
            "num_medications": 0.5385013729717593,
            "pioglitazone": 0.43733765852917905,
            "glyburide": 0.3983783558679667,
            "rosiglitazone": 0.2841813288279758,
            "diag_1": 0.2206237606464404,
            "number_outpatient": 0.13523334874953388,
            "glyburide-metformin": 0.07090260877223695,
            "medical_specialty": 0.0615457583972037,
            "glipizide": 0.05447271142393611,
            "tolazamide": 0.02895881944885398,
            "race": 0.02801877658123546,
            "nateglinide": 0.01578748038444664,
            "glipizide-metformin": -0.0,
            "troglitazone": -0.0,
            "miglitol": -0.0,
            "chlorpropamide": -0.0,
            "repaglinide": 0.0,
            "metformin-pioglitazone": -0.0,
            "acetohexamide": -0.0,
            "tolbutamide": -0.0,
            "glimepiride-pioglitazone": -0.0,
            "metformin-rosiglitazone": -0.0,
            "acarbose": -0.0,
            "num_lab_procedures": -0.09089996940304362,
            "diag_2": -0.3002941932548347,
            "admission_source_id": -0.3865032637048136,
            "diag_3": -0.4534629620287306,
            "gender": -0.8757018272927634,
            "number_emergency": -1.7699791691737223,
            "change": -2.0809348766661984,
            "number_diagnoses": -7.851055509500606,
            "number_inpatient": -15.034016492645726,
            "diabetesMed": -18.413723666267114
        }
    },
    "DecisionTree": {
        "SHAP": {
            "number_inpatient": -44.808692532857705,
            "discharge_disposition_id": -34.71090261841047,
            "number_diagnoses": -8.675614288366658,
            "payer_code": 8.515996029691872,
            "num_medications": -1.2008447076673792,
            "medical_specialty": 1.0729743055696472,
            "diag_1": -0.7653380259365241,
            "admission_source_id": 0.2496374914997319,
            "gender": 0.0,
            "race": 0.0,
            "num_lab_procedures": 0.0,
            "time_in_hospital": 0.0,
            "admission_type_id": 0.0,
            "age": 0.0,
            "number_emergency": 0.0,
            "number_outpatient": 0.0,
            "diag_2": 0.0,
            "num_procedures": 0.0,
            "diag_3": 0.0,
            "metformin": 0.0,
            "repaglinide": 0.0,
            "nateglinide": 0.0,
            "chlorpropamide": 0.0,
            "glimepiride": 0.0,
            "acetohexamide": 0.0,
            "glipizide": 0.0,
            "glyburide": 0.0,
            "tolbutamide": 0.0,
            "pioglitazone": 0.0,
            "rosiglitazone": 0.0,
            "acarbose": 0.0,
            "miglitol": 0.0,
            "troglitazone": 0.0,
            "tolazamide": 0.0,
            "insulin": 0.0,
            "glyburide-metformin": 0.0,
            "glipizide-metformin": 0.0,
            "glimepiride-pioglitazone": 0.0,
            "metformin-rosiglitazone": 0.0,
            "metformin-pioglitazone": 0.0,
            "change": 0.0,
            "diabetesMed": 0.0
        },
        "Lime": {
            "race": 0.0,
            "gender": 3.5570590942168425,
            "age": 0.0,
            "admission_type_id": 0.0,
            "discharge_disposition_id": 0.0,
            "admission_source_id": 0.0,
            "time_in_hospital": 0.0,
            "payer_code": 5.05438340979906,
            "medical_specialty": 0.0,
            "num_lab_procedures": 0.0,
            "num_procedures": 0.0,
            "num_medications": 0.0,
            "number_outpatient": 0.0,
            "number_emergency": -10.058575829849113,
            "number_inpatient": -50.1426419715083,
            "diag_1": 0.0,
            "diag_2": 0.0,
            "diag_3": 4.433984865426606,
            "number_diagnoses": -9.438734167885821,
            "metformin": -3.5188899243410803,
            "repaglinide": 0.0,
            "nateglinide": 0.0,
            "chlorpropamide": 0.0,
            "glimepiride": -3.1304271699645185,
            "acetohexamide": 0.0,
            "glipizide": 0.0,
            "glyburide": 0.0,
            "tolbutamide": 0.0,
            "pioglitazone": 0.0,
            "rosiglitazone": 0.0,
            "acarbose": -10.665303567008664,
            "miglitol": 0.0,
            "troglitazone": 0.0,
            "tolazamide": 0.0,
            "insulin": 0.0,
            "glyburide-metformin": 0.0,
            "glipizide-metformin": 0.0,
            "glimepiride-pioglitazone": 0.0,
            "metformin-rosiglitazone": 0.0,
            "metformin-pioglitazone": 0.0,
            "change": 0.0,
            "diabetesMed": 0.0
        },
        "Inherent": {
            "discharge_disposition_id": -53.630243217373994,
            "number_inpatient": -46.369756782626006,
            "gender": 0.0,
            "age": 0.0,
            "admission_type_id": 0.0,
            "admission_source_id": 0.0,
            "time_in_hospital": 0.0,
            "payer_code": 0.0,
            "medical_specialty": 0.0,
            "race": 0.0,
            "num_lab_procedures": 0.0,
            "num_procedures": 0.0,
            "number_outpatient": 0.0,
            "num_medications": 0.0,
            "number_emergency": 0.0,
            "diag_1": 0.0,
            "diag_2": 0.0,
            "diag_3": 0.0,
            "number_diagnoses": 0.0,
            "metformin": 0.0,
            "repaglinide": 0.0,
            "nateglinide": 0.0,
            "chlorpropamide": 0.0,
            "glimepiride": 0.0,
            "acetohexamide": 0.0,
            "glipizide": 0.0,
            "glyburide": 0.0,
            "tolbutamide": 0.0,
            "pioglitazone": 0.0,
            "rosiglitazone": 0.0,
            "acarbose": 0.0,
            "miglitol": 0.0,
            "troglitazone": 0.0,
            "tolazamide": 0.0,
            "insulin": 0.0,
            "glyburide-metformin": 0.0,
            "glipizide-metformin": 0.0,
            "glimepiride-pioglitazone": 0.0,
            "metformin-rosiglitazone": 0.0,
            "metformin-pioglitazone": 0.0,
            "change": 0.0,
            "diabetesMed": 0.0
        }
    },
    "XGBOOST": {
        "SHAP": {
            "number_inpatient": -17.782270606843756,
            "discharge_disposition_id": 16.751210615678684,
            "diabetesMed": -13.205214319682417,
            "age": 7.034414621826541,
            "diag_1": -6.6753695853430415,
            "diag_2": -6.089345878276471,
            "payer_code": 5.272109468101141,
            "number_diagnoses": -4.279778669692473,
            "time_in_hospital": 2.7678403909863674,
            "medical_specialty": 2.7188886081794603,
            "diag_3": -2.483720701554635,
            "num_lab_procedures": 2.2939047430923605,
            "num_medications": 1.7402841046488142,
            "insulin": -1.4085109342769253,
            "metformin": 1.2583830473950421,
            "change": -1.1383750491422029,
            "admission_type_id": 1.0478098595844834,
            "num_procedures": -1.010013254243622,
            "number_emergency": -0.7457862720425843,
            "gender": -0.7077578483012814,
            "glimepiride": 0.6586585979639183,
            "glipizide": -0.6364728635536775,
            "admission_source_id": 0.4434125179618162,
            "acarbose": 0.41475700754502587,
            "number_outpatient": -0.39308039668112915,
            "pioglitazone": 0.3293603448171234,
            "glyburide-metformin": 0.25409970643229124,
            "race": 0.22492564462710238,
            "rosiglitazone": 0.13946036409179077,
            "glyburide": 0.07425159941171638,
            "repaglinide": 0.02053237802209362,
            "acetohexamide": 0.0,
            "nateglinide": 0.0,
            "chlorpropamide": 0.0,
            "tolazamide": 0.0,
            "troglitazone": 0.0,
            "miglitol": 0.0,
            "tolbutamide": 0.0,
            "glimepiride-pioglitazone": 0.0,
            "glipizide-metformin": 0.0,
            "metformin-pioglitazone": 0.0,
            "metformin-rosiglitazone": 0.0
        },
        "Lime": {
            "race": 3.8592506259412165,
            "gender": -2.613351346004799,
            "age": 0.0,
            "admission_type_id": 0.0,
            "discharge_disposition_id": -8.070142842155722,
            "admission_source_id": 0.0,
            "time_in_hospital": 0.0,
            "payer_code": 4.553745960787157,
            "medical_specialty": 0.0,
            "num_lab_procedures": 0.0,
            "num_procedures": 3.2581247076789355,
            "num_medications": 2.503473442302544,
            "number_outpatient": 0.0,
            "number_emergency": -4.1663995447946505,
            "number_inpatient": -21.80113245301371,
            "diag_1": 8.206536362712749,
            "diag_2": 0.0,
            "diag_3": -2.2703124062163638,
            "number_diagnoses": -3.2397417636277708,
            "metformin": 0.0,
            "repaglinide": -2.286355435279684,
            "nateglinide": 0.0,
            "chlorpropamide": 0.0,
            "glimepiride": 4.322740254859707,
            "acetohexamide": 0.0,
            "glipizide": -3.2976616554630316,
            "glyburide": 12.802497741156824,
            "tolbutamide": -4.654789781291651,
            "pioglitazone": 0.0,
            "rosiglitazone": 0.0,
            "acarbose": 2.411923831726969,
            "miglitol": 0.0,
            "troglitazone": 0.0,
            "tolazamide": 0.0,
            "insulin": 0.0,
            "glyburide-metformin": 0.0,
            "glipizide-metformin": 0.0,
            "glimepiride-pioglitazone": 0.0,
            "metformin-rosiglitazone": 0.0,
            "metformin-pioglitazone": 0.0,
            "change": 0.0,
            "diabetesMed": -5.681819844986523
        },
        "Inherent": {
            "race": 0.20149767398834229,
            "gender": -0.7298329472541809,
            "age": 6.021283149719238,
            "admission_type_id": 1.1249173879623413,
            "discharge_disposition_id": 16.899507522583008,
            "admission_source_id": -0.1280888319015503,
            "time_in_hospital": 2.151670217514038,
            "payer_code": 3.5005979537963867,
            "medical_specialty": 2.10371732711792,
            "num_lab_procedures": 2.23293399810791,
            "num_procedures": -1.0074851512908936,
            "num_medications": -0.2683996558189392,
            "number_outpatient": -0.5621006488800049,
            "number_emergency": -1.1904714107513428,
            "number_inpatient": -22.563732147216797,
            "diag_1": -8.098154067993164,
            "diag_2": -5.703884124755859,
            "diag_3": -3.855221748352051,
            "number_diagnoses": -3.126403331756592,
            "metformin": 1.0649431943893433,
            "repaglinide": -0.012346894480288029,
            "nateglinide": 0.007291007786989212,
            "chlorpropamide": 0.01788685843348503,
            "glimepiride": 0.39370840787887573,
            "acetohexamide": 0.0,
            "glipizide": -0.5436064600944519,
            "glyburide": 0.11796553432941437,
            "tolbutamide": 0.0,
            "pioglitazone": 0.3925049602985382,
            "rosiglitazone": 0.0780012458562851,
            "acarbose": 0.06485461443662643,
            "miglitol": 0.0,
            "troglitazone": 0.0,
            "tolazamide": 0.0,
            "insulin": -1.5064747333526611,
            "glyburide-metformin": 0.024851296097040176,
            "glipizide-metformin": 0.0,
            "glimepiride-pioglitazone": 0.0,
            "metformin-rosiglitazone": 0.0,
            "metformin-pioglitazone": 0.0,
            "change": -1.1935240030288696,
            "diabetesMed": -13.112129211425781
        }
    }
}