{
    "LogisticRegression": {
        "SHAP": {
            "diabetesMed": -25.89149087128308,
            "number_inpatient": -19.518301167858343,
            "number_diagnoses": 9.496159078741004,
            "discharge_disposition_id": 7.92642601174063,
            "age": -6.802043922461933,
            "metformin": 3.9077687355989967,
            "num_procedures": 3.582634394969405,
            "change": -3.2198211288063114,
            "number_emergency": -2.7499662415969555,
            "insulin": 2.045241371440517,
            "diag_1": 2.044016620199386,
            "diag_2": -1.6949327846648468,
            "glimepiride": 1.6574866672210264,
            "payer_code": -1.6033423445479478,
            "gender": -1.208840228008016,
            "admission_type_id": 1.1289793940344794,
            "num_medications": 0.8609664790409847,
            "num_lab_procedures": 0.6866814773152703,
            "glyburide": 0.584830804587321,
            "pioglitazone": 0.5352031633412173,
            "rosiglitazone": 0.5213819368905438,
            "time_in_hospital": 0.4319232161578884,
            "diag_3": -0.41851788044604327,
            "admission_source_id": -0.3034924344258867,
            "glyburide-metformin": 0.23365693006014895,
            "acarbose": 0.2240758524184893,
            "number_outpatient": 0.1612835915804051,
            "medical_specialty": 0.10597717384182191,
            "glipizide": 0.1011286373291876,
            "glipizide-metformin": -0.09347712762061097,
            "chlorpropamide": -0.0622408047028656,
            "race": 0.03370464450598351,
            "tolazamide": 0.0311914312425084,
            "tolbutamide": -0.027383207092816768,
            "troglitazone": -0.024470865434412223,
            "repaglinide": 0.01619119585273094,
            "miglitol": -0.01615226020211127,
            "metformin-rosiglitazone": -0.01589054912726428,
            "acetohexamide": -0.008987987293584283,
            "nateglinide": 0.00822529142113961,
            "glimepiride-pioglitazone": -0.008065468766528314,
            "metformin-pioglitazone": -0.007448626129350068
        },
        "Lime": {
            "race": -36.55828576460127,
            "gender": 0.0,
            "age": 0.0,
            "admission_type_id": 0.0,
            "discharge_disposition_id": 30.994298956507212,
            "admission_source_id": 0.0,
            "time_in_hospital": 0.0,
            "payer_code": 0.0,
            "medical_specialty": 0.0,
            "num_lab_procedures": 0.0,
            "num_procedures": 0.0,
            "num_medications": 0.0,
            "number_outpatient": 0.0,
            "number_emergency": -20.87639257896086,
            "number_inpatient": -11.571022699930653,
            "diag_1": 0.0,
            "diag_2": 0.0,
            "diag_3": 0.0,
            "number_diagnoses": 0.0,
            "metformin": 0.0,
            "repaglinide": 0.0,
            "nateglinide": 0.0,
            "chlorpropamide": 0.0,
            "glimepiride": 0.0,
            "acetohexamide": 0.0,
            "glipizide": 0.0,
            "glyburide": 0.0,
            "tolbutamide": 0.0,
            "pioglitazone": 0.0,
            "rosiglitazone": 0.0,
            "acarbose": 0.0,
            "miglitol": 0.0,
            "troglitazone": 0.0,
            "tolazamide": 0.0,
            "insulin": 0.0,
            "glyburide-metformin": 0.0,
            "glipizide-metformin": 0.0,
            "glimepiride-pioglitazone": 0.0,
            "metformin-rosiglitazone": 0.0,
            "metformin-pioglitazone": 0.0,
            "change": 0.0,
            "diabetesMed": 0.0
        },
        "Inherent": {
            "number_diagnoses": 11.216975623649803,
            "discharge_disposition_id": 6.858019177751917,
            "num_procedures": 3.340936568252288,
            "metformin": 3.2712825717798752,
            "insulin": 2.206120347199408,
            "diag_1": 1.7890555886025779,
            "time_in_hospital": 1.5854515155797655,
            "num_medications": 1.2966759758598267,
            "admission_type_id": 1.08717362100085,
            "glimepiride": 1.0319590571516855,
            "num_lab_procedures": 0.6355418795337767,
            "pioglitazone": 0.6124609791902021,
            "glyburide": 0.5579011849646117,
            "rosiglitazone": 0.39797618962635556,
            "number_outpatient": 0.1893849010690296,
            "glyburide-metformin": 0.09929417316091188,
            "medical_specialty": 0.08619055486720686,
            "glipizide": 0.07628524442658599,
            "tolazamide": 0.04055481290014276,
            "race": 0.039238348232730653,
            "nateglinide": 0.022109268448829843,
            "glimepiride-pioglitazone": -0.0,
            "troglitazone": -0.0,
            "miglitol": -0.0,
            "glipizide-metformin": -0.0,
            "repaglinide": 0.0,
            "metformin-rosiglitazone": -0.0,
            "metformin-pioglitazone": -0.0,
            "tolbutamide": -0.0,
            "acarbose": -0.0,
            "acetohexamide": -0.0,
            "chlorpropamide": -0.0,
            "diag_3": -0.4476627791844194,
            "admission_source_id": -0.5412709441601066,
            "gender": -1.2263595145822348,
            "diag_2": -1.5038718084071927,
            "payer_code": -1.861836029356096,
            "number_emergency": -2.4787327456413664,
            "change": -2.9142045907509906,
            "age": -5.74423980059387,
            "number_inpatient": -21.054094662724115,
            "diabetesMed": -25.787139541351227
        }
    },
    "DecisionTree": {
        "SHAP": {
            "number_inpatient": -48.96518996355152,
            "discharge_disposition_id": 28.598323046218415,
            "diag_1": 9.061846235964358,
            "number_diagnoses": 5.431024151937785,
            "payer_code": -4.437314539256254,
            "num_medications": -1.668554329357087,
            "medical_specialty": 1.4908804705687617,
            "admission_source_id": 0.34686726314581556,
            "gender": 0.0,
            "race": 0.0,
            "num_lab_procedures": 0.0,
            "time_in_hospital": 0.0,
            "admission_type_id": 0.0,
            "age": 0.0,
            "number_emergency": 0.0,
            "number_outpatient": 0.0,
            "diag_2": 0.0,
            "num_procedures": 0.0,
            "diag_3": 0.0,
            "metformin": 0.0,
            "repaglinide": 0.0,
            "nateglinide": 0.0,
            "chlorpropamide": 0.0,
            "glimepiride": 0.0,
            "acetohexamide": 0.0,
            "glipizide": 0.0,
            "glyburide": 0.0,
            "tolbutamide": 0.0,
            "pioglitazone": 0.0,
            "rosiglitazone": 0.0,
            "acarbose": 0.0,
            "miglitol": 0.0,
            "troglitazone": 0.0,
            "tolazamide": 0.0,
            "insulin": 0.0,
            "glyburide-metformin": 0.0,
            "glipizide-metformin": 0.0,
            "glimepiride-pioglitazone": 0.0,
            "metformin-rosiglitazone": 0.0,
            "metformin-pioglitazone": 0.0,
            "change": 0.0,
            "diabetesMed": 0.0
        },
        "Lime": {
            "race": 0.0,
            "gender": 0.0,
            "age": 2.240440843245456,
            "admission_type_id": 0.0,
            "discharge_disposition_id": 0.0,
            "admission_source_id": 0.0,
            "time_in_hospital": 0.0,
            "payer_code": 2.933235001014372,
            "medical_specialty": 2.038691198805707,
            "num_lab_procedures": 0.0,
            "num_procedures": 0.0,
            "num_medications": 0.0,
            "number_outpatient": 0.0,
            "number_emergency": 0.0,
            "number_inpatient": -28.182173605178022,
            "diag_1": 7.521256692615376,
            "diag_2": -2.9140609095860417,
            "diag_3": 0.0,
            "number_diagnoses": 4.792478960715737,
            "metformin": 2.0558634046441484,
            "repaglinide": 0.0,
            "nateglinide": 7.813277020468487,
            "chlorpropamide": 0.0,
            "glimepiride": 0.0,
            "acetohexamide": 0.0,
            "glipizide": 0.0,
            "glyburide": -4.595857087145772,
            "tolbutamide": 0.0,
            "pioglitazone": -4.574372252521083,
            "rosiglitazone": -2.3980757322845103,
            "acarbose": -18.099572434730682,
            "miglitol": 0.0,
            "troglitazone": 0.0,
            "tolazamide": 7.271454885597817,
            "insulin": -2.5691899714467934,
            "glyburide-metformin": 0.0,
            "glipizide-metformin": 0.0,
            "glimepiride-pioglitazone": 0.0,
            "metformin-rosiglitazone": 0.0,
            "metformin-pioglitazone": 0.0,
            "change": 0.0,
            "diabetesMed": 0.0
        },
        "Inherent": {
            "number_inpatient": -64.94048756620666,
            "discharge_disposition_id": 35.05951243379335,
            "gender": 0.0,
            "age": 0.0,
            "admission_type_id": 0.0,
            "admission_source_id": 0.0,
            "time_in_hospital": 0.0,
            "payer_code": 0.0,
            "medical_specialty": 0.0,
            "race": 0.0,
            "num_lab_procedures": 0.0,
            "num_procedures": 0.0,
            "number_outpatient": 0.0,
            "num_medications": 0.0,
            "number_emergency": 0.0,
            "diag_1": 0.0,
            "diag_2": 0.0,
            "diag_3": 0.0,
            "number_diagnoses": 0.0,
            "metformin": 0.0,
            "repaglinide": 0.0,
            "nateglinide": 0.0,
            "chlorpropamide": 0.0,
            "glimepiride": 0.0,
            "acetohexamide": 0.0,
            "glipizide": 0.0,
            "glyburide": 0.0,
            "tolbutamide": 0.0,
            "pioglitazone": 0.0,
            "rosiglitazone": 0.0,
            "acarbose": 0.0,
            "miglitol": 0.0,
            "troglitazone": 0.0,
            "tolazamide": 0.0,
            "insulin": 0.0,
            "glyburide-metformin": 0.0,
            "glipizide-metformin": 0.0,
            "glimepiride-pioglitazone": 0.0,
            "metformin-rosiglitazone": 0.0,
            "metformin-pioglitazone": 0.0,
            "change": 0.0,
            "diabetesMed": 0.0
        }
    },
    "XGBOOST": {
        "SHAP": {
            "number_inpatient": -21.877157689126115,
            "diabetesMed": -11.90165909546366,
            "num_medications": 7.346971626296339,
            "discharge_disposition_id": 7.1168847795818895,
            "payer_code": -6.590950919289264,
            "age": -6.547673165220756,
            "diag_2": -5.9584111196667475,
            "diag_1": 4.9814638691604225,
            "medical_specialty": 4.050369070262364,
            "number_diagnoses": 3.3303778330851177,
            "number_emergency": -3.003092960111695,
            "time_in_hospital": 2.9271134141714983,
            "gender": -2.2195486787353684,
            "insulin": -1.9574853446140301,
            "metformin": 1.8335270908434342,
            "diag_3": -1.7580219714687002,
            "admission_type_id": 1.1761537592066384,
            "glimepiride": 1.1119623884306447,
            "glipizide": -0.5891851374859942,
            "glyburide-metformin": 0.5228079540192183,
            "acarbose": 0.4984102736630849,
            "pioglitazone": 0.4950294057713088,
            "admission_source_id": 0.4893063401122527,
            "race": 0.4605559611553017,
            "glyburide": 0.40764862840568916,
            "num_lab_procedures": 0.3118503859841771,
            "rosiglitazone": 0.2278259685755266,
            "num_procedures": -0.13534299127947375,
            "change": 0.12131851559676356,
            "repaglinide": 0.02628381283786032,
            "number_outpatient": 0.025609850378673537,
            "acetohexamide": 0.0,
            "nateglinide": 0.0,
            "chlorpropamide": 0.0,
            "tolazamide": 0.0,
            "troglitazone": 0.0,
            "miglitol": 0.0,
            "tolbutamide": 0.0,
            "glimepiride-pioglitazone": 0.0,
            "glipizide-metformin": 0.0,
            "metformin-pioglitazone": 0.0,
            "metformin-rosiglitazone": 0.0
        },
        "Lime": {
            "race": 1.468569532053604,
            "gender": 0.0,
            "age": -4.120944680979307,
            "admission_type_id": 0.0,
            "discharge_disposition_id": -4.90324961823545,
            "admission_source_id": 1.6558886653796452,
            "time_in_hospital": 0.0,
            "payer_code": 0.0,
            "medical_specialty": 1.7635284323131568,
            "num_lab_procedures": 2.264062755599804,
            "num_procedures": 0.0,
            "num_medications": 0.0,
            "number_outpatient": -1.415450904202747,
            "number_emergency": -6.894062589902808,
            "number_inpatient": -18.47482705805471,
            "diag_1": -7.934766308492122,
            "diag_2": -3.208095594381919,
            "diag_3": 0.0,
            "number_diagnoses": 3.6426490593610277,
            "metformin": 5.237733301436167,
            "repaglinide": 0.0,
            "nateglinide": 4.975514452017581,
            "chlorpropamide": 3.1675502829783477,
            "glimepiride": 6.457351839732659,
            "acetohexamide": 0.0,
            "glipizide": 0.0,
            "glyburide": 6.5533303845339175,
            "tolbutamide": 0.0,
            "pioglitazone": 3.8313216418926155,
            "rosiglitazone": 0.0,
            "acarbose": 0.0,
            "miglitol": 0.0,
            "troglitazone": 0.0,
            "tolazamide": -5.376265382839742,
            "insulin": -1.4502385992445554,
            "glyburide-metformin": 0.0,
            "glipizide-metformin": 0.0,
            "glimepiride-pioglitazone": 0.0,
            "metformin-rosiglitazone": 0.0,
            "metformin-pioglitazone": 0.0,
            "change": 0.0,
            "diabetesMed": -5.204598916368101
        },
        "Inherent": {
            "race": 0.6998969912528992,
            "gender": -2.268453598022461,
            "age": -6.597725868225098,
            "admission_type_id": 1.1471117734909058,
            "discharge_disposition_id": 7.810927391052246,
            "admission_source_id": -0.15152090787887573,
            "time_in_hospital": 1.5980839729309082,
            "payer_code": -7.574106216430664,
            "medical_specialty": 2.7637176513671875,
            "num_lab_procedures": 0.31136947870254517,
            "num_procedures": 0.05795179679989815,
            "num_medications": 4.25930118560791,
            "number_outpatient": -0.01959826424717903,
            "number_emergency": -2.801189661026001,
            "number_inpatient": -27.884241104125977,
            "diag_1": 2.663145065307617,
            "diag_2": -5.5910749435424805,
            "diag_3": -3.848187208175659,
            "number_diagnoses": 4.568045616149902,
            "metformin": 1.453861951828003,
            "repaglinide": -0.010345063172280788,
            "nateglinide": 0.0020801674108952284,
            "chlorpropamide": 0.026098988950252533,
            "glimepiride": 0.5349783301353455,
            "acetohexamide": 0.0,
            "glipizide": -0.5582138299942017,
            "glyburide": 0.5371149778366089,
            "tolbutamide": 0.0,
            "pioglitazone": 0.5294918417930603,
            "rosiglitazone": 0.12430840730667114,
            "acarbose": 0.07097508758306503,
            "miglitol": 0.0,
            "troglitazone": 0.0,
            "tolazamide": 0.0,
            "insulin": -2.246206521987915,
            "glyburide-metformin": 0.09006345272064209,
            "glipizide-metformin": 0.0,
            "glimepiride-pioglitazone": 0.0,
            "metformin-rosiglitazone": 0.0,
            "metformin-pioglitazone": 0.0,
            "change": -0.027057338505983353,
            "diabetesMed": -11.173550605773926
        }
    }
}