{
    "LogisticRegression": {
        "SHAP": {
            "number_inpatient": 21.245095832369536,
            "metformin": -10.053220669978428,
            "number_diagnoses": 7.320967795675602,
            "insulin": -6.923743990429072,
            "discharge_disposition_id": 6.110797964270417,
            "diabetesMed": 5.788410621642239,
            "num_medications": 5.550283338163111,
            "age": -5.243966964769603,
            "glyburide": -4.92331636024649,
            "rosiglitazone": -3.6712991673464437,
            "payer_code": 3.6366194016689066,
            "change": 3.0668542244086736,
            "diag_2": 2.9040008007788605,
            "num_procedures": 2.7619957513104447,
            "number_emergency": -2.1200586602426137,
            "diag_1": -1.7155574664910598,
            "time_in_hospital": -1.7113551854357871,
            "glimepiride": 1.2778225819375797,
            "gender": -0.93194314732743,
            "admission_type_id": 0.8703752451042112,
            "diag_3": 0.4821104794754949,
            "pioglitazone": 0.41260946562452017,
            "admission_source_id": -0.23397442273657437,
            "glyburide-metformin": 0.18013544697627026,
            "acarbose": 0.17274901207339607,
            "num_lab_procedures": -0.13425705237029628,
            "number_outpatient": 0.12433995367394225,
            "medical_specialty": 0.08170203029871269,
            "glipizide": 0.07796410011337937,
            "glipizide-metformin": -0.07206524609247397,
            "chlorpropamide": -0.04798391886954628,
            "race": 0.025984254786274495,
            "tolazamide": 0.024046718439947257,
            "tolbutamide": -0.021110806548894266,
            "troglitazone": -0.018865566203361755,
            "repaglinide": 0.012482438681622732,
            "miglitol": -0.01245242163558057,
            "metformin-rosiglitazone": -0.012250658129426195,
            "acetohexamide": -0.006929197897661577,
            "nateglinide": 0.006341205228861168,
            "glimepiride-pioglitazone": -0.006217991569767346,
            "metformin-pioglitazone": -0.005742442977506373
        },
        "Lime": {
            "race": -23.87284494358302,
            "gender": 0.0,
            "age": 0.0,
            "admission_type_id": 0.0,
            "discharge_disposition_id": 13.467763228781472,
            "admission_source_id": 0.0,
            "time_in_hospital": 0.0,
            "payer_code": 0.0,
            "medical_specialty": 0.0,
            "num_lab_procedures": 0.0,
            "num_procedures": 0.0,
            "num_medications": 0.0,
            "number_outpatient": 0.0,
            "number_emergency": -11.166373666026285,
            "number_inpatient": 51.49301816160923,
            "diag_1": 0.0,
            "diag_2": 0.0,
            "diag_3": 0.0,
            "number_diagnoses": 0.0,
            "metformin": 0.0,
            "repaglinide": 0.0,
            "nateglinide": 0.0,
            "chlorpropamide": 0.0,
            "glimepiride": 0.0,
            "acetohexamide": 0.0,
            "glipizide": 0.0,
            "glyburide": 0.0,
            "tolbutamide": 0.0,
            "pioglitazone": 0.0,
            "rosiglitazone": 0.0,
            "acarbose": 0.0,
            "miglitol": 0.0,
            "troglitazone": 0.0,
            "tolazamide": 0.0,
            "insulin": 0.0,
            "glyburide-metformin": 0.0,
            "glipizide-metformin": 0.0,
            "glimepiride-pioglitazone": 0.0,
            "metformin-rosiglitazone": 0.0,
            "metformin-pioglitazone": 0.0,
            "change": 0.0,
            "diabetesMed": 0.0
        },
        "Inherent": {
            "number_inpatient": 19.758434441601533,
            "number_diagnoses": 9.524145935739014,
            "num_medications": 6.168284633339693,
            "discharge_disposition_id": 5.823029100758018,
            "diabetesMed": 4.80631342646159,
            "payer_code": 3.4721034562114896,
            "change": 3.2800215975566824,
            "diag_2": 3.0895471416676776,
            "num_procedures": 2.836733225219256,
            "admission_type_id": 0.923100893797679,
            "glimepiride": 0.8762191333729814,
            "pioglitazone": 0.5200303487737359,
            "diag_3": 0.4544304700194805,
            "number_outpatient": 0.1608035442284426,
            "glyburide-metformin": 0.08430901764279253,
            "medical_specialty": 0.0731829550477792,
            "glipizide": 0.06477252202728058,
            "tolazamide": 0.03443441168252018,
            "race": 0.033316623605559245,
            "nateglinide": 0.018772609151001186,
            "metformin-pioglitazone": -0.0,
            "acetohexamide": -0.0,
            "repaglinide": 0.0,
            "glimepiride-pioglitazone": -0.0,
            "troglitazone": -0.0,
            "chlorpropamide": -0.0,
            "metformin-rosiglitazone": -0.0,
            "glipizide-metformin": -0.0,
            "acarbose": -0.0,
            "tolbutamide": -0.0,
            "miglitol": -0.0,
            "num_lab_procedures": -0.1485697368486727,
            "admission_source_id": -0.459584083617604,
            "time_in_hospital": -0.7737886762899522,
            "gender": -1.0412813024160597,
            "diag_1": -1.8940729884401653,
            "number_emergency": -2.1046504153409105,
            "rosiglitazone": -3.8860214656283967,
            "age": -4.8773377054852745,
            "glyburide": -5.099290072546333,
            "insulin": -6.9417839591611425,
            "metformin": -10.771634106321295
        }
    },
    "DecisionTree": {
        "SHAP": {
            "discharge_disposition_id": -49.12000811457016,
            "payer_code": 13.332483129972491,
            "num_medications": 13.26512470713669,
            "number_inpatient": 8.506248547488578,
            "diag_1": -6.270845033074002,
            "number_diagnoses": 4.2456617657148055,
            "admission_source_id": 3.2568986717928636,
            "medical_specialty": 1.6798283815567816,
            "number_emergency": -0.3229016486936169,
            "gender": 0.0,
            "num_lab_procedures": 0.0,
            "time_in_hospital": 0.0,
            "admission_type_id": 0.0,
            "age": 0.0,
            "race": 0.0,
            "number_outpatient": 0.0,
            "diag_2": 0.0,
            "num_procedures": 0.0,
            "diag_3": 0.0,
            "metformin": 0.0,
            "repaglinide": 0.0,
            "nateglinide": 0.0,
            "chlorpropamide": 0.0,
            "glimepiride": 0.0,
            "acetohexamide": 0.0,
            "glipizide": 0.0,
            "glyburide": 0.0,
            "tolbutamide": 0.0,
            "pioglitazone": 0.0,
            "rosiglitazone": 0.0,
            "acarbose": 0.0,
            "miglitol": 0.0,
            "troglitazone": 0.0,
            "tolazamide": 0.0,
            "insulin": 0.0,
            "glyburide-metformin": 0.0,
            "glipizide-metformin": 0.0,
            "glimepiride-pioglitazone": 0.0,
            "metformin-rosiglitazone": 0.0,
            "metformin-pioglitazone": 0.0,
            "change": 0.0,
            "diabetesMed": 0.0
        },
        "Lime": {
            "race": 0.0,
            "gender": 0.0,
            "age": 0.0,
            "admission_type_id": 0.0,
            "discharge_disposition_id": 0.0,
            "admission_source_id": -3.8393699533655385,
            "time_in_hospital": 0.0,
            "payer_code": 4.333650124344447,
            "medical_specialty": 0.0,
            "num_lab_procedures": 0.0,
            "num_procedures": 0.0,
            "num_medications": 0.0,
            "number_outpatient": 0.0,
            "number_emergency": 0.0,
            "number_inpatient": 9.209372233702085,
            "diag_1": 7.88019467383505,
            "diag_2": 0.0,
            "diag_3": -7.08375412006072,
            "number_diagnoses": 0.0,
            "metformin": 0.0,
            "repaglinide": 0.0,
            "nateglinide": 10.040364834447578,
            "chlorpropamide": 0.0,
            "glimepiride": 0.0,
            "acetohexamide": 0.0,
            "glipizide": -3.3349420569943176,
            "glyburide": 3.1321763899473645,
            "tolbutamide": 0.0,
            "pioglitazone": -5.552111250197095,
            "rosiglitazone": 4.185939435402535,
            "acarbose": 9.988376602322685,
            "miglitol": -14.71569259168097,
            "troglitazone": 0.0,
            "tolazamide": -16.704055733699622,
            "insulin": 0.0,
            "glyburide-metformin": 0.0,
            "glipizide-metformin": 0.0,
            "glimepiride-pioglitazone": 0.0,
            "metformin-rosiglitazone": 0.0,
            "metformin-pioglitazone": 0.0,
            "change": 0.0,
            "diabetesMed": 0.0
        },
        "Inherent": {
            "number_inpatient": -64.94048756620666,
            "discharge_disposition_id": 35.05951243379335,
            "gender": 0.0,
            "age": 0.0,
            "admission_type_id": 0.0,
            "admission_source_id": 0.0,
            "time_in_hospital": 0.0,
            "payer_code": 0.0,
            "medical_specialty": 0.0,
            "race": 0.0,
            "num_lab_procedures": 0.0,
            "num_procedures": 0.0,
            "number_outpatient": 0.0,
            "num_medications": 0.0,
            "number_emergency": 0.0,
            "diag_1": 0.0,
            "diag_2": 0.0,
            "diag_3": 0.0,
            "number_diagnoses": 0.0,
            "metformin": 0.0,
            "repaglinide": 0.0,
            "nateglinide": 0.0,
            "chlorpropamide": 0.0,
            "glimepiride": 0.0,
            "acetohexamide": 0.0,
            "glipizide": 0.0,
            "glyburide": 0.0,
            "tolbutamide": 0.0,
            "pioglitazone": 0.0,
            "rosiglitazone": 0.0,
            "acarbose": 0.0,
            "miglitol": 0.0,
            "troglitazone": 0.0,
            "tolazamide": 0.0,
            "insulin": 0.0,
            "glyburide-metformin": 0.0,
            "glipizide-metformin": 0.0,
            "glimepiride-pioglitazone": 0.0,
            "metformin-rosiglitazone": 0.0,
            "metformin-pioglitazone": 0.0,
            "change": 0.0,
            "diabetesMed": 0.0
        }
    },
    "XGBOOST": {
        "SHAP": {
            "number_inpatient": 17.86086461189175,
            "diag_1": -15.738918918582968,
            "metformin": -8.47391933607549,
            "age": -7.066816101560744,
            "diag_2": -6.864219131687655,
            "payer_code": 6.778703288292144,
            "diag_3": 4.228925021737965,
            "rosiglitazone": -3.7540551371427036,
            "discharge_disposition_id": -3.40586804321644,
            "glyburide": -3.3873562948336238,
            "number_emergency": -2.9705828622915096,
            "diabetesMed": 2.9676420398839873,
            "num_medications": -2.7162512223746993,
            "number_diagnoses": 2.6589946658744887,
            "time_in_hospital": 2.137030588568622,
            "insulin": 1.2621289976860064,
            "admission_type_id": 1.190947196149729,
            "glimepiride": 1.0783712843148145,
            "admission_source_id": 1.0296832866744299,
            "num_procedures": 0.5131128276488726,
            "pioglitazone": 0.5073974064224049,
            "number_outpatient": -0.49932931757107213,
            "acarbose": 0.45998998263489904,
            "race": 0.45951198241766167,
            "change": -0.4037396725136223,
            "num_lab_procedures": -0.3924564461437713,
            "medical_specialty": -0.3343133309980448,
            "glipizide": -0.3312354139844823,
            "glyburide-metformin": 0.2966770531038061,
            "gender": -0.1931404340574554,
            "repaglinide": 0.03781810366415221,
            "acetohexamide": 0.0,
            "nateglinide": 0.0,
            "chlorpropamide": 0.0,
            "tolazamide": 0.0,
            "troglitazone": 0.0,
            "miglitol": 0.0,
            "tolbutamide": 0.0,
            "glimepiride-pioglitazone": 0.0,
            "glipizide-metformin": 0.0,
            "metformin-pioglitazone": 0.0,
            "metformin-rosiglitazone": 0.0
        },
        "Lime": {
            "race": 3.948633347529156,
            "gender": 0.0,
            "age": -4.452219969049906,
            "admission_type_id": 0.0,
            "discharge_disposition_id": -3.559250739626613,
            "admission_source_id": 0.0,
            "time_in_hospital": 0.0,
            "payer_code": 4.4128458300626825,
            "medical_specialty": 0.0,
            "num_lab_procedures": 0.0,
            "num_procedures": 0.0,
            "num_medications": 0.0,
            "number_outpatient": 0.0,
            "number_emergency": -9.219124853875236,
            "number_inpatient": 8.880101922274493,
            "diag_1": -8.131615960176989,
            "diag_2": 0.0,
            "diag_3": 3.25708185265837,
            "number_diagnoses": 3.290916458165322,
            "metformin": -4.475116577895215,
            "repaglinide": 0.0,
            "nateglinide": -6.248327675591756,
            "chlorpropamide": -2.17190346214552,
            "glimepiride": 3.1254957300389603,
            "acetohexamide": 0.0,
            "glipizide": -3.06595446457781,
            "glyburide": -10.396200295804793,
            "tolbutamide": 0.0,
            "pioglitazone": 5.600041797678027,
            "rosiglitazone": 0.0,
            "acarbose": 4.932067299335772,
            "miglitol": 0.0,
            "troglitazone": 0.0,
            "tolazamide": 0.0,
            "insulin": 4.771963076230451,
            "glyburide-metformin": 0.0,
            "glipizide-metformin": 0.0,
            "glimepiride-pioglitazone": 0.0,
            "metformin-rosiglitazone": 0.0,
            "metformin-pioglitazone": 0.0,
            "change": 0.0,
            "diabetesMed": 6.061138687282928
        },
        "Inherent": {
            "race": 0.6733147501945496,
            "gender": -0.3562796711921692,
            "age": -8.22347354888916,
            "admission_type_id": 1.3890806436538696,
            "discharge_disposition_id": -2.164417028427124,
            "admission_source_id": 0.5608140230178833,
            "time_in_hospital": 1.840248703956604,
            "payer_code": 5.333578109741211,
            "medical_specialty": -0.6801402568817139,
            "num_lab_procedures": -1.375063419342041,
            "num_procedures": 1.0427725315093994,
            "num_medications": -4.534759521484375,
            "number_outpatient": -0.7775513529777527,
            "number_emergency": -2.8457350730895996,
            "number_inpatient": 12.385052680969238,
            "diag_1": -20.293991088867188,
            "diag_2": -5.638707637786865,
            "diag_3": 2.767399787902832,
            "number_diagnoses": 3.7511203289031982,
            "metformin": -10.11857795715332,
            "repaglinide": 0.02608640119433403,
            "nateglinide": 0.032485924661159515,
            "chlorpropamide": 0.01788044534623623,
            "glimepiride": 0.6327461004257202,
            "acetohexamide": 0.0,
            "glipizide": -0.45857274532318115,
            "glyburide": -3.322892904281616,
            "tolbutamide": 0.0,
            "pioglitazone": 0.6399850249290466,
            "rosiglitazone": -3.9851670265197754,
            "acarbose": 0.07519475370645523,
            "miglitol": 0.0,
            "troglitazone": 0.0,
            "tolazamide": 0.0,
            "insulin": 1.4173188209533691,
            "glyburide-metformin": 0.030589072033762932,
            "glipizide-metformin": 0.0,
            "glimepiride-pioglitazone": 0.0,
            "metformin-rosiglitazone": 0.0,
            "metformin-pioglitazone": 0.0,
            "change": -0.3657211661338806,
            "diabetesMed": 2.243271589279175
        }
    }
}