{
    "LogisticRegression": {
        "SHAP": {
            "number_inpatient": -25.171855077504173,
            "age": 12.982316071611658,
            "number_diagnoses": 12.24675949342483,
            "diabetesMed": 9.683046655977854,
            "metformin": 5.039669561554005,
            "insulin": -4.472308268410855,
            "change": -4.152455182076254,
            "number_emergency": -3.546504949698079,
            "payer_code": -3.2322161858277685,
            "num_medications": 2.596594408741838,
            "discharge_disposition_id": -2.4715211883771926,
            "diag_2": -2.1858768370657082,
            "glimepiride": 2.137584302105583,
            "gender": -1.558985629414473,
            "admission_type_id": 1.4559927858333501,
            "num_lab_procedures": 0.8202773227304064,
            "glyburide": 0.7542293835579498,
            "num_procedures": 0.725807975543329,
            "pioglitazone": 0.6902268977605466,
            "rosiglitazone": 0.6724022978520959,
            "diag_3": -0.6704925796923046,
            "time_in_hospital": 0.5570315012681428,
            "admission_source_id": -0.39140023052147654,
            "glyburide-metformin": 0.3013365933206347,
            "acarbose": 0.28898031826328885,
            "diag_1": 0.2632317226085069,
            "number_outpatient": 0.20800002821591848,
            "medical_specialty": 0.13667388562805521,
            "glipizide": 0.1304209511444436,
            "glipizide-metformin": -0.12055315108069754,
            "chlorpropamide": -0.0802691024394969,
            "race": 0.04346732943851314,
            "tolazamide": 0.04022615391288729,
            "tolbutamide": -0.035314862424233234,
            "troglitazone": -0.03155894936955311,
            "repaglinide": 0.020881040415934412,
            "miglitol": -0.02083082689856331,
            "metformin-rosiglitazone": -0.02049331016534092,
            "acetohexamide": -0.011591393720531331,
            "nateglinide": 0.010607779941633255,
            "glimepiride-pioglitazone": -0.010401664016616047,
            "metformin-pioglitazone": -0.009606150445268689
        },
        "Lime": {
            "race": -18.795602833337856,
            "gender": 0.0,
            "age": 0.0,
            "admission_type_id": 0.0,
            "discharge_disposition_id": -21.22294580899107,
            "admission_source_id": 0.0,
            "time_in_hospital": 10.71342555722812,
            "payer_code": 0.0,
            "medical_specialty": 0.0,
            "num_lab_procedures": 0.0,
            "num_procedures": 0.0,
            "num_medications": 14.758391288841727,
            "number_outpatient": 0.0,
            "number_emergency": -34.509634511601234,
            "number_inpatient": 0.0,
            "diag_1": 0.0,
            "diag_2": 0.0,
            "diag_3": 0.0,
            "number_diagnoses": 0.0,
            "metformin": 0.0,
            "repaglinide": 0.0,
            "nateglinide": 0.0,
            "chlorpropamide": 0.0,
            "glimepiride": 0.0,
            "acetohexamide": 0.0,
            "glipizide": 0.0,
            "glyburide": 0.0,
            "tolbutamide": 0.0,
            "pioglitazone": 0.0,
            "rosiglitazone": 0.0,
            "acarbose": 0.0,
            "miglitol": 0.0,
            "troglitazone": 0.0,
            "tolazamide": 0.0,
            "insulin": 0.0,
            "glyburide-metformin": 0.0,
            "glipizide-metformin": 0.0,
            "glimepiride-pioglitazone": 0.0,
            "metformin-rosiglitazone": 0.0,
            "metformin-pioglitazone": 0.0,
            "change": 0.0,
            "diabetesMed": 0.0
        },
        "Inherent": {
            "number_diagnoses": 14.379789990486158,
            "age": 12.997157126083216,
            "diabetesMed": 7.256690328696523,
            "metformin": 4.193675546780405,
            "num_medications": 3.05333777837202,
            "time_in_hospital": 2.0324961557433436,
            "admission_type_id": 1.3937204535086445,
            "glimepiride": 1.3229372175271676,
            "pioglitazone": 0.7851546222097396,
            "num_lab_procedures": 0.7536225214634641,
            "glyburide": 0.7152107791265853,
            "num_procedures": 0.6378890976333443,
            "rosiglitazone": 0.5101922496804703,
            "number_outpatient": 0.24278514959057435,
            "glyburide-metformin": 0.1272918302793182,
            "medical_specialty": 0.1104934270821416,
            "glipizide": 0.09779514826745057,
            "diag_1": 0.07266266864640263,
            "tolazamide": 0.05198992243309866,
            "race": 0.05030225847781928,
            "nateglinide": 0.028343347423091504,
            "glipizide-metformin": -0.0,
            "troglitazone": -0.0,
            "miglitol": -0.0,
            "glimepiride-pioglitazone": -0.0,
            "repaglinide": 0.0,
            "metformin-pioglitazone": -0.0,
            "metformin-rosiglitazone": -0.0,
            "tolbutamide": -0.0,
            "acarbose": -0.0,
            "acetohexamide": -0.0,
            "chlorpropamide": -0.0,
            "admission_source_id": -0.6938913630661814,
            "diag_3": -0.6962628212572747,
            "gender": -1.572152143697807,
            "diag_2": -1.9279136821794718,
            "discharge_disposition_id": -3.088994185681813,
            "number_emergency": -3.17765300743929,
            "payer_code": -3.4766803732426665,
            "change": -3.7359134414053896,
            "insulin": -3.8263516680092478,
            "number_inpatient": -26.990649694509877
        }
    },
    "DecisionTree": {
        "SHAP": {
            "discharge_disposition_id": 56.24494272541526,
            "number_inpatient": -22.974451531648267,
            "payer_code": -13.9051976691594,
            "diag_1": -2.7124395305372953,
            "number_diagnoses": 1.988084397992088,
            "num_medications": 1.225031950193032,
            "medical_specialty": 0.7249603931777147,
            "admission_source_id": 0.22489180187693866,
            "gender": 0.0,
            "race": 0.0,
            "num_lab_procedures": 0.0,
            "time_in_hospital": 0.0,
            "admission_type_id": 0.0,
            "age": 0.0,
            "number_emergency": 0.0,
            "number_outpatient": 0.0,
            "diag_2": 0.0,
            "num_procedures": 0.0,
            "diag_3": 0.0,
            "metformin": 0.0,
            "repaglinide": 0.0,
            "nateglinide": 0.0,
            "chlorpropamide": 0.0,
            "glimepiride": 0.0,
            "acetohexamide": 0.0,
            "glipizide": 0.0,
            "glyburide": 0.0,
            "tolbutamide": 0.0,
            "pioglitazone": 0.0,
            "rosiglitazone": 0.0,
            "acarbose": 0.0,
            "miglitol": 0.0,
            "troglitazone": 0.0,
            "tolazamide": 0.0,
            "insulin": 0.0,
            "glyburide-metformin": 0.0,
            "glipizide-metformin": 0.0,
            "glimepiride-pioglitazone": 0.0,
            "metformin-rosiglitazone": 0.0,
            "metformin-pioglitazone": 0.0,
            "change": 0.0,
            "diabetesMed": 0.0
        },
        "Lime": {
            "race": 0.0,
            "gender": 0.0,
            "age": 0.0,
            "admission_type_id": 0.0,
            "discharge_disposition_id": 34.167015677387354,
            "admission_source_id": 0.0,
            "time_in_hospital": 0.0,
            "payer_code": -3.0669988834684183,
            "medical_specialty": 0.0,
            "num_lab_procedures": 0.0,
            "num_procedures": 0.0,
            "num_medications": 0.0,
            "number_outpatient": 0.0,
            "number_emergency": 0.0,
            "number_inpatient": -42.96018695907388,
            "diag_1": 3.0393017272172598,
            "diag_2": 0.0,
            "diag_3": 5.428959397222654,
            "number_diagnoses": 3.5860039568309716,
            "metformin": -4.109344950013131,
            "repaglinide": 0.0,
            "nateglinide": 0.0,
            "chlorpropamide": 0.0,
            "glimepiride": 0.0,
            "acetohexamide": 0.0,
            "glipizide": 0.0,
            "glyburide": 0.0,
            "tolbutamide": 0.0,
            "pioglitazone": 0.0,
            "rosiglitazone": 0.0,
            "acarbose": 0.0,
            "miglitol": 0.0,
            "troglitazone": 0.0,
            "tolazamide": 0.0,
            "insulin": 0.0,
            "glyburide-metformin": 0.0,
            "glipizide-metformin": 0.0,
            "glimepiride-pioglitazone": 0.0,
            "metformin-rosiglitazone": 0.0,
            "metformin-pioglitazone": 0.0,
            "change": 0.0,
            "diabetesMed": -3.6421884487863334
        },
        "Inherent": {
            "discharge_disposition_id": 55.085362477113875,
            "number_inpatient": -23.921606384478753,
            "payer_code": -20.993031138407375,
            "gender": 0.0,
            "admission_type_id": 0.0,
            "race": 0.0,
            "admission_source_id": 0.0,
            "time_in_hospital": 0.0,
            "medical_specialty": 0.0,
            "age": 0.0,
            "num_lab_procedures": 0.0,
            "num_procedures": 0.0,
            "number_outpatient": 0.0,
            "num_medications": 0.0,
            "number_emergency": 0.0,
            "diag_1": 0.0,
            "diag_2": 0.0,
            "diag_3": 0.0,
            "number_diagnoses": 0.0,
            "metformin": 0.0,
            "repaglinide": 0.0,
            "nateglinide": 0.0,
            "chlorpropamide": 0.0,
            "glimepiride": 0.0,
            "acetohexamide": 0.0,
            "glipizide": 0.0,
            "glyburide": 0.0,
            "tolbutamide": 0.0,
            "pioglitazone": 0.0,
            "rosiglitazone": 0.0,
            "acarbose": 0.0,
            "miglitol": 0.0,
            "troglitazone": 0.0,
            "tolazamide": 0.0,
            "insulin": 0.0,
            "glyburide-metformin": 0.0,
            "glipizide-metformin": 0.0,
            "glimepiride-pioglitazone": 0.0,
            "metformin-rosiglitazone": 0.0,
            "metformin-pioglitazone": 0.0,
            "change": 0.0,
            "diabetesMed": 0.0
        }
    },
    "XGBOOST": {
        "SHAP": {
            "diag_3": 22.11945589855557,
            "discharge_disposition_id": 20.80052424669179,
            "number_inpatient": -11.827012067386026,
            "num_medications": 6.00857065111274,
            "payer_code": -5.061515800373185,
            "age": 4.611617694725185,
            "diag_1": -3.9785184669205456,
            "diag_2": -3.81264841894742,
            "time_in_hospital": 3.6565529793218428,
            "diabetesMed": 3.141585423356599,
            "number_emergency": -2.236762146848231,
            "gender": -1.5891823282661028,
            "num_lab_procedures": 1.5378909828481429,
            "insulin": -1.40796980892914,
            "medical_specialty": 1.26930739230616,
            "num_procedures": 1.1917150898600237,
            "metformin": 1.00677810630214,
            "glimepiride": 0.7165104670020379,
            "glipizide": -0.5737615742915738,
            "admission_type_id": 0.5217556210308717,
            "number_diagnoses": 0.4573863046224196,
            "acarbose": 0.43611922424520383,
            "admission_source_id": 0.3846983733423333,
            "glyburide-metformin": 0.37500458748536863,
            "pioglitazone": 0.36373338972456765,
            "race": 0.2845915010998709,
            "number_outpatient": -0.26352141442741916,
            "glyburide": 0.19013662796762987,
            "change": -0.1357627966975809,
            "rosiglitazone": -0.020241150750263424,
            "repaglinide": 0.019169464562005915,
            "acetohexamide": 0.0,
            "nateglinide": 0.0,
            "chlorpropamide": 0.0,
            "tolazamide": 0.0,
            "troglitazone": 0.0,
            "miglitol": 0.0,
            "tolbutamide": 0.0,
            "glimepiride-pioglitazone": 0.0,
            "glipizide-metformin": 0.0,
            "metformin-pioglitazone": 0.0,
            "metformin-rosiglitazone": 0.0
        },
        "Lime": {
            "race": 0.0,
            "gender": 0.0,
            "age": 0.0,
            "admission_type_id": 0.0,
            "discharge_disposition_id": 14.507193437467722,
            "admission_source_id": 0.0,
            "time_in_hospital": 3.9258303501972986,
            "payer_code": -2.4817357765229584,
            "medical_specialty": 2.3368167383682166,
            "num_lab_procedures": 1.6606656576877445,
            "num_procedures": 0.0,
            "num_medications": 4.158450455010858,
            "number_outpatient": 1.8641853119108154,
            "number_emergency": -5.512525846244965,
            "number_inpatient": -21.125028498967758,
            "diag_1": -5.372367834725123,
            "diag_2": 4.182645785027044,
            "diag_3": 3.1896902936985736,
            "number_diagnoses": 3.347048070880619,
            "metformin": 4.469365286535139,
            "repaglinide": 0.0,
            "nateglinide": 0.0,
            "chlorpropamide": 0.0,
            "glimepiride": 7.392761188563279,
            "acetohexamide": 0.0,
            "glipizide": -1.8178611975541232,
            "glyburide": -1.9291574630803752,
            "tolbutamide": 0.0,
            "pioglitazone": 5.545999431313421,
            "rosiglitazone": 0.0,
            "acarbose": 0.0,
            "miglitol": 0.0,
            "troglitazone": 0.0,
            "tolazamide": 0.0,
            "insulin": 0.0,
            "glyburide-metformin": 0.0,
            "glipizide-metformin": 0.0,
            "glimepiride-pioglitazone": 0.0,
            "metformin-rosiglitazone": 0.0,
            "metformin-pioglitazone": 0.0,
            "change": 0.0,
            "diabetesMed": 5.180671376243973
        },
        "Inherent": {
            "race": 0.3934076130390167,
            "gender": -1.752444863319397,
            "age": 3.959306240081787,
            "admission_type_id": 0.6049308180809021,
            "discharge_disposition_id": 20.826780319213867,
            "admission_source_id": -0.05725378915667534,
            "time_in_hospital": 2.886723518371582,
            "payer_code": -5.744502544403076,
            "medical_specialty": 0.9077775478363037,
            "num_lab_procedures": 1.6781171560287476,
            "num_procedures": 1.0589033365249634,
            "num_medications": 4.174160003662109,
            "number_outpatient": -0.4071718156337738,
            "number_emergency": -2.2203562259674072,
            "number_inpatient": -15.8749361038208,
            "diag_1": -5.401614665985107,
            "diag_2": -4.021537780761719,
            "diag_3": 20.08172035217285,
            "number_diagnoses": 1.1240845918655396,
            "metformin": 0.879796028137207,
            "repaglinide": -0.012180285528302193,
            "nateglinide": 0.0069881584495306015,
            "chlorpropamide": 0.01839693821966648,
            "glimepiride": 0.36009395122528076,
            "acetohexamide": 0.0,
            "glipizide": -0.5323858857154846,
            "glyburide": 0.2833372950553894,
            "tolbutamide": 0.0,
            "pioglitazone": 0.4258629083633423,
            "rosiglitazone": -0.07696720212697983,
            "acarbose": 0.06989575177431107,
            "miglitol": 0.0,
            "troglitazone": 0.0,
            "tolazamide": 0.0,
            "insulin": -1.4847238063812256,
            "glyburide-metformin": 0.06534738838672638,
            "glipizide-metformin": 0.0,
            "glimepiride-pioglitazone": 0.0,
            "metformin-rosiglitazone": 0.0,
            "metformin-pioglitazone": 0.0,
            "change": -0.272961288690567,
            "diabetesMed": 2.3353374004364014
        }
    }
}