{
    "LogisticRegression": {
        "SHAP": {
            "metformin": -20.590259207517995,
            "number_inpatient": 18.92124275773559,
            "age": -8.53108413194375,
            "number_diagnoses": 6.520178114352743,
            "payer_code": -6.0605420357885995,
            "discharge_disposition_id": -5.8213178198072715,
            "time_in_hospital": -5.16561332878485,
            "diabetesMed": 5.15525669630893,
            "num_procedures": -3.7604994472661226,
            "num_medications": 2.9649826522195974,
            "change": 2.7313923994736475,
            "insulin": -2.381058149136278,
            "diag_1": -2.251543584719331,
            "number_emergency": -1.888160208247746,
            "num_lab_procedures": 1.4449869293580317,
            "glimepiride": 1.1380504689143016,
            "gender": 1.1354894615692916,
            "admission_type_id": 0.7751709586477116,
            "diag_2": -0.554605885772797,
            "glyburide": 0.4015519307386232,
            "pioglitazone": 0.36747698974019427,
            "rosiglitazone": 0.35798716785853074,
            "admission_source_id": -0.2083815901152377,
            "glyburide-metformin": 0.16043168495941157,
            "acarbose": 0.1538532007287803,
            "number_outpatient": 0.11073927208959347,
            "medical_specialty": 0.07276521420658576,
            "glipizide": 0.06943615017193927,
            "glipizide-metformin": -0.06418253071064511,
            "diag_3": 0.06327360409460259,
            "chlorpropamide": -0.04273529216163163,
            "race": 0.023142018118875996,
            "tolazamide": 0.021416415379775296,
            "tolbutamide": -0.018801642443740933,
            "troglitazone": -0.016801993302946988,
            "repaglinide": 0.01111707164642102,
            "miglitol": -0.011090337955995932,
            "metformin-rosiglitazone": -0.010910643954626344,
            "acetohexamide": -0.006171261197056355,
            "nateglinide": 0.005647584951304137,
            "glimepiride-pioglitazone": -0.0055378487762744654,
            "metformin-pioglitazone": -0.005114317132629922
        },
        "Lime": {
            "race": -31.086737072216568,
            "gender": 0.0,
            "age": 0.0,
            "admission_type_id": 0.0,
            "discharge_disposition_id": -10.188725186806842,
            "admission_source_id": 0.0,
            "time_in_hospital": 0.0,
            "payer_code": 0.0,
            "medical_specialty": 0.0,
            "num_lab_procedures": 0.0,
            "num_procedures": 0.0,
            "num_medications": 0.0,
            "number_outpatient": 0.0,
            "number_emergency": -9.579391581281241,
            "number_inpatient": 49.14514615969535,
            "diag_1": 0.0,
            "diag_2": 0.0,
            "diag_3": 0.0,
            "number_diagnoses": 0.0,
            "metformin": 0.0,
            "repaglinide": 0.0,
            "nateglinide": 0.0,
            "chlorpropamide": 0.0,
            "glimepiride": 0.0,
            "acetohexamide": 0.0,
            "glipizide": 0.0,
            "glyburide": 0.0,
            "tolbutamide": 0.0,
            "pioglitazone": 0.0,
            "rosiglitazone": 0.0,
            "acarbose": 0.0,
            "miglitol": 0.0,
            "troglitazone": 0.0,
            "tolazamide": 0.0,
            "insulin": 0.0,
            "glyburide-metformin": 0.0,
            "glipizide-metformin": 0.0,
            "glimepiride-pioglitazone": 0.0,
            "metformin-rosiglitazone": 0.0,
            "metformin-pioglitazone": 0.0,
            "change": 0.0,
            "diabetesMed": 0.0
        },
        "Inherent": {
            "number_inpatient": 17.340094487306782,
            "number_diagnoses": 8.358435023014255,
            "diabetesMed": 4.21804314490515,
            "num_medications": 3.3919131141448675,
            "change": 2.8785622965292834,
            "num_lab_procedures": 1.4683467438154094,
            "gender": 1.0945915850665824,
            "admission_type_id": 0.810117662261083,
            "glimepiride": 0.7689740100198961,
            "pioglitazone": 0.45638106655948046,
            "glyburide": 0.41572532206966223,
            "rosiglitazone": 0.29655570568284095,
            "number_outpatient": 0.141121942583878,
            "glyburide-metformin": 0.07398998824420723,
            "medical_specialty": 0.06422570366794489,
            "glipizide": 0.05684466830880991,
            "tolazamide": 0.030219800761771397,
            "race": 0.02923882471690434,
            "diag_3": 0.02471159117041912,
            "nateglinide": 0.01647492960101425,
            "troglitazone": -0.0,
            "glipizide-metformin": -0.0,
            "metformin-pioglitazone": -0.0,
            "miglitol": -0.0,
            "acarbose": -0.0,
            "chlorpropamide": -0.0,
            "metformin-rosiglitazone": -0.0,
            "glimepiride-pioglitazone": -0.0,
            "repaglinide": 0.0,
            "tolbutamide": -0.0,
            "acetohexamide": -0.0,
            "admission_source_id": -0.4033331415171375,
            "diag_2": -0.4981632843187725,
            "number_emergency": -1.8470510491418637,
            "insulin": -2.224115360058623,
            "diag_1": -2.401692323306311,
            "num_procedures": -3.866717348176147,
            "time_in_hospital": -4.400069941258619,
            "discharge_disposition_id": -6.399406694797641,
            "payer_code": -6.455363377565747,
            "age": -8.225419899970277,
            "metformin": -21.344099969458615
        }
    },
    "DecisionTree": {
        "SHAP": {
            "number_inpatient": 51.605859996717605,
            "num_medications": 20.435336406077116,
            "discharge_disposition_id": -9.656976412021312,
            "admission_source_id": 6.18936267073433,
            "diag_1": -5.048643531780267,
            "number_diagnoses": 3.870949768837521,
            "payer_code": -2.179202218030958,
            "medical_specialty": 0.7321838466801686,
            "number_emergency": -0.28148514912071604,
            "gender": 0.0,
            "num_lab_procedures": 0.0,
            "time_in_hospital": 0.0,
            "admission_type_id": 0.0,
            "age": 0.0,
            "race": 0.0,
            "number_outpatient": 0.0,
            "diag_2": 0.0,
            "num_procedures": 0.0,
            "diag_3": 0.0,
            "metformin": 0.0,
            "repaglinide": 0.0,
            "nateglinide": 0.0,
            "chlorpropamide": 0.0,
            "glimepiride": 0.0,
            "acetohexamide": 0.0,
            "glipizide": 0.0,
            "glyburide": 0.0,
            "tolbutamide": 0.0,
            "pioglitazone": 0.0,
            "rosiglitazone": 0.0,
            "acarbose": 0.0,
            "miglitol": 0.0,
            "troglitazone": 0.0,
            "tolazamide": 0.0,
            "insulin": 0.0,
            "glyburide-metformin": 0.0,
            "glipizide-metformin": 0.0,
            "glimepiride-pioglitazone": 0.0,
            "metformin-rosiglitazone": 0.0,
            "metformin-pioglitazone": 0.0,
            "change": 0.0,
            "diabetesMed": 0.0
        },
        "Lime": {
            "race": 0.0,
            "gender": 0.0,
            "age": 0.0,
            "admission_type_id": 0.0,
            "discharge_disposition_id": -28.443914294849147,
            "admission_source_id": 0.0,
            "time_in_hospital": 0.0,
            "payer_code": 0.0,
            "medical_specialty": 0.0,
            "num_lab_procedures": 0.0,
            "num_procedures": 0.0,
            "num_medications": 0.0,
            "number_outpatient": 0.0,
            "number_emergency": -4.9212856955106785,
            "number_inpatient": 11.460337833300827,
            "diag_1": 0.0,
            "diag_2": 0.0,
            "diag_3": 13.242159622305774,
            "number_diagnoses": 9.220489370726458,
            "metformin": 0.0,
            "repaglinide": 5.04006984297291,
            "nateglinide": -8.00536980274402,
            "chlorpropamide": 7.3232614962227025,
            "glimepiride": -6.711085654064057,
            "acetohexamide": 0.0,
            "glipizide": 0.0,
            "glyburide": 0.0,
            "tolbutamide": 0.0,
            "pioglitazone": -5.632026387303422,
            "rosiglitazone": 0.0,
            "acarbose": 0.0,
            "miglitol": 0.0,
            "troglitazone": 0.0,
            "tolazamide": 0.0,
            "insulin": 0.0,
            "glyburide-metformin": 0.0,
            "glipizide-metformin": 0.0,
            "glimepiride-pioglitazone": 0.0,
            "metformin-rosiglitazone": 0.0,
            "metformin-pioglitazone": 0.0,
            "change": 0.0,
            "diabetesMed": 0.0
        },
        "Inherent": {
            "number_inpatient": 31.766238429594544,
            "discharge_disposition_id": -27.76853283541017,
            "num_medications": 25.130061487408867,
            "admission_source_id": 15.335167247586416,
            "gender": 0.0,
            "race": 0.0,
            "time_in_hospital": 0.0,
            "payer_code": 0.0,
            "admission_type_id": 0.0,
            "age": 0.0,
            "num_lab_procedures": 0.0,
            "medical_specialty": 0.0,
            "number_outpatient": 0.0,
            "num_procedures": 0.0,
            "number_emergency": 0.0,
            "diag_1": 0.0,
            "diag_2": 0.0,
            "diag_3": 0.0,
            "number_diagnoses": 0.0,
            "metformin": 0.0,
            "repaglinide": 0.0,
            "nateglinide": 0.0,
            "chlorpropamide": 0.0,
            "glimepiride": 0.0,
            "acetohexamide": 0.0,
            "glipizide": 0.0,
            "glyburide": 0.0,
            "tolbutamide": 0.0,
            "pioglitazone": 0.0,
            "rosiglitazone": 0.0,
            "acarbose": 0.0,
            "miglitol": 0.0,
            "troglitazone": 0.0,
            "tolazamide": 0.0,
            "insulin": 0.0,
            "glyburide-metformin": 0.0,
            "glipizide-metformin": 0.0,
            "glimepiride-pioglitazone": 0.0,
            "metformin-rosiglitazone": 0.0,
            "metformin-pioglitazone": 0.0,
            "change": 0.0,
            "diabetesMed": 0.0
        }
    },
    "XGBOOST": {
        "SHAP": {
            "metformin": -20.711276476283594,
            "number_inpatient": 17.699819545282836,
            "num_medications": 8.332734904530831,
            "discharge_disposition_id": -8.246267288731843,
            "diag_1": -8.127159205865969,
            "payer_code": -5.800714843207847,
            "time_in_hospital": -3.6001660548743124,
            "age": -3.562451532118708,
            "num_lab_procedures": -3.1069800939959955,
            "diabetesMed": 2.851919840356594,
            "number_diagnoses": 2.7137287361061597,
            "diag_3": 2.4808414883930334,
            "number_emergency": -2.2711610541844856,
            "num_procedures": -2.032367410849347,
            "admission_source_id": 1.6657336007411576,
            "insulin": -1.47933122294501,
            "admission_type_id": 0.765141252172755,
            "number_outpatient": -0.6471339343914158,
            "pioglitazone": 0.633278806605406,
            "diag_2": -0.5437651496077229,
            "glimepiride": 0.5365079452505178,
            "race": 0.481299009009287,
            "glyburide-metformin": 0.3994207100742291,
            "acarbose": 0.3282990799115104,
            "glipizide": -0.2950027584765285,
            "glyburide": 0.22759575169148624,
            "medical_specialty": -0.21248786459833066,
            "change": -0.0861915432102229,
            "gender": 0.061235940151464545,
            "rosiglitazone": 0.05716924448240952,
            "repaglinide": 0.04281771189899701,
            "acetohexamide": 0.0,
            "nateglinide": 0.0,
            "chlorpropamide": 0.0,
            "tolazamide": 0.0,
            "troglitazone": 0.0,
            "miglitol": 0.0,
            "tolbutamide": 0.0,
            "glimepiride-pioglitazone": 0.0,
            "glipizide-metformin": 0.0,
            "metformin-pioglitazone": 0.0,
            "metformin-rosiglitazone": 0.0
        },
        "Lime": {
            "race": 0.0,
            "gender": 0.0,
            "age": 0.0,
            "admission_type_id": -2.886389523471321,
            "discharge_disposition_id": -5.12888910469892,
            "admission_source_id": 0.0,
            "time_in_hospital": -3.385874215861117,
            "payer_code": 0.0,
            "medical_specialty": 0.0,
            "num_lab_procedures": 0.0,
            "num_procedures": 0.0,
            "num_medications": -2.3758189247062624,
            "number_outpatient": 0.0,
            "number_emergency": -8.603138953282732,
            "number_inpatient": 9.72812761198477,
            "diag_1": 4.999131640662523,
            "diag_2": -8.053368850747757,
            "diag_3": 0.0,
            "number_diagnoses": 0.0,
            "metformin": -3.7194703007064773,
            "repaglinide": 0.0,
            "nateglinide": 5.266589891887131,
            "chlorpropamide": -3.301467631012811,
            "glimepiride": 4.315926839022783,
            "acetohexamide": 0.0,
            "glipizide": -16.486734574482064,
            "glyburide": 3.619541382790244,
            "tolbutamide": 0.0,
            "pioglitazone": 2.643175526919105,
            "rosiglitazone": 0.0,
            "acarbose": 8.11366065315355,
            "miglitol": 2.2616191841239477,
            "troglitazone": 0.0,
            "tolazamide": 0.0,
            "insulin": 0.0,
            "glyburide-metformin": 0.0,
            "glipizide-metformin": 0.0,
            "glimepiride-pioglitazone": 0.0,
            "metformin-rosiglitazone": 0.0,
            "metformin-pioglitazone": 0.0,
            "change": 0.0,
            "diabetesMed": 5.111075190486486
        },
        "Inherent": {
            "race": 0.6580324172973633,
            "gender": -0.035393379628658295,
            "age": -3.9977006912231445,
            "admission_type_id": 0.8344411849975586,
            "discharge_disposition_id": -8.422468185424805,
            "admission_source_id": 1.5163770914077759,
            "time_in_hospital": -5.031627178192139,
            "payer_code": -6.361624717712402,
            "medical_specialty": -0.31777068972587585,
            "num_lab_procedures": -1.294847011566162,
            "num_procedures": -2.4560699462890625,
            "num_medications": 6.1828131675720215,
            "number_outpatient": -0.8031544089317322,
            "number_emergency": -2.5034899711608887,
            "number_inpatient": 13.778974533081055,
            "diag_1": -10.646187782287598,
            "diag_2": -2.254814386367798,
            "diag_3": 1.4137376546859741,
            "number_diagnoses": 3.7238261699676514,
            "metformin": -21.679636001586914,
            "repaglinide": 0.04933641105890274,
            "nateglinide": 0.0234685018658638,
            "chlorpropamide": 0.013067280873656273,
            "glimepiride": 0.2961674928665161,
            "acetohexamide": 0.0,
            "glipizide": -0.2630476951599121,
            "glyburide": 0.3900030255317688,
            "tolbutamide": 0.0,
            "pioglitazone": 0.8801158666610718,
            "rosiglitazone": 0.0020000897347927094,
            "acarbose": 0.05003691092133522,
            "miglitol": 0.0,
            "troglitazone": 0.0,
            "tolazamide": 0.0,
            "insulin": -1.7478750944137573,
            "glyburide-metformin": 0.0790550634264946,
            "glipizide-metformin": 0.0,
            "glimepiride-pioglitazone": 0.0,
            "metformin-rosiglitazone": 0.0,
            "metformin-pioglitazone": 0.0,
            "change": -0.0457986481487751,
            "diabetesMed": 2.247040271759033
        }
    }
}