{
    "LogisticRegression": {
        "SHAP": {
            "number_inpatient": -19.37478030170196,
            "number_diagnoses": -13.99075994595923,
            "age": -12.333533510998658,
            "discharge_disposition_id": -8.415978238912066,
            "diabetesMed": 7.453042337684643,
            "metformin": 3.8790343519634187,
            "payer_code": 3.7861542769675385,
            "num_procedures": 3.55629077074383,
            "diag_1": -3.432413049875337,
            "diag_2": -3.3061986223635578,
            "change": -3.196145322530923,
            "number_emergency": -2.729745345654191,
            "time_in_hospital": -2.2035068839415524,
            "insulin": 2.0302024184802363,
            "glimepiride": 1.6452989301799588,
            "nateglinide": -1.5457660289037485,
            "gender": -1.1999514525415276,
            "admission_type_id": 1.1206778467271061,
            "diag_3": 0.8816686023887025,
            "num_medications": 0.8546356691133741,
            "glyburide": 0.5805304598540649,
            "pioglitazone": 0.5312677377674558,
            "rosiglitazone": 0.5175481407759492,
            "admission_source_id": 0.25008354908370933,
            "glyburide-metformin": 0.23193881716203996,
            "acarbose": 0.22242819055758975,
            "number_outpatient": 0.16009765021381986,
            "medical_specialty": 0.10519790849225191,
            "glipizide": 0.1003850239635633,
            "glipizide-metformin": -0.09278977690260826,
            "chlorpropamide": -0.06178313914455689,
            "race": 0.03345680942385262,
            "tolazamide": 0.03096207617773699,
            "tolbutamide": -0.027181854446072466,
            "troglitazone": -0.02429092765332467,
            "num_lab_procedures": -0.02207278225440385,
            "repaglinide": 0.016072139668849617,
            "miglitol": -0.016033490317649828,
            "metformin-rosiglitazone": -0.015773703641848717,
            "acetohexamide": -0.008921897334715219,
            "glimepiride-pioglitazone": -0.00800616221861852,
            "metformin-pioglitazone": -0.0073938553137670076
        },
        "Lime": {
            "race": -30.11762114245019,
            "gender": 0.0,
            "age": 0.0,
            "admission_type_id": 0.0,
            "discharge_disposition_id": -18.73963381759794,
            "admission_source_id": 0.0,
            "time_in_hospital": 0.0,
            "payer_code": 0.0,
            "medical_specialty": 0.0,
            "num_lab_procedures": 0.0,
            "num_procedures": 0.0,
            "num_medications": 0.0,
            "number_outpatient": 0.0,
            "number_emergency": -25.7691177042777,
            "number_inpatient": 0.0,
            "diag_1": 0.0,
            "diag_2": 0.0,
            "diag_3": 0.0,
            "number_diagnoses": -25.373627335674172,
            "metformin": 0.0,
            "repaglinide": 0.0,
            "nateglinide": 0.0,
            "chlorpropamide": 0.0,
            "glimepiride": 0.0,
            "acetohexamide": 0.0,
            "glipizide": 0.0,
            "glyburide": 0.0,
            "tolbutamide": 0.0,
            "pioglitazone": 0.0,
            "rosiglitazone": 0.0,
            "acarbose": 0.0,
            "miglitol": 0.0,
            "troglitazone": 0.0,
            "tolazamide": 0.0,
            "insulin": 0.0,
            "glyburide-metformin": 0.0,
            "glipizide-metformin": 0.0,
            "glimepiride-pioglitazone": 0.0,
            "metformin-rosiglitazone": 0.0,
            "metformin-pioglitazone": 0.0,
            "change": 0.0,
            "diabetesMed": 0.0
        },
        "Inherent": {
            "diabetesMed": 6.209568658880031,
            "num_procedures": 3.664948197498899,
            "metformin": 3.5885389979810203,
            "payer_code": 3.553218392566774,
            "insulin": 2.4200749175443663,
            "num_medications": 1.422430562024587,
            "admission_type_id": 1.1926101921593066,
            "glimepiride": 1.1320407942911688,
            "diag_3": 0.8585916703437767,
            "pioglitazone": 0.6718588383423747,
            "glyburide": 0.6120077111455506,
            "rosiglitazone": 0.4365728259191688,
            "number_outpatient": 0.20775187963821104,
            "glyburide-metformin": 0.10892394797504198,
            "medical_specialty": 0.09454951096759226,
            "glipizide": 0.08368356098518624,
            "tolazamide": 0.04448791092015115,
            "race": 0.04304377251424693,
            "troglitazone": -0.0,
            "miglitol": -0.0,
            "acarbose": -0.0,
            "glipizide-metformin": -0.0,
            "glimepiride-pioglitazone": -0.0,
            "metformin-rosiglitazone": -0.0,
            "chlorpropamide": -0.0,
            "repaglinide": 0.0,
            "metformin-pioglitazone": -0.0,
            "tolbutamide": -0.0,
            "acetohexamide": -0.0,
            "admission_source_id": -0.020078997209035263,
            "num_lab_procedures": -0.035041963880792476,
            "time_in_hospital": -0.9997046564696713,
            "gender": -1.3452946503575713,
            "nateglinide": -1.5926448979358627,
            "number_emergency": -2.7191258865989396,
            "change": -3.1968307819753066,
            "diag_2": -3.3392454938779035,
            "diag_1": -3.7201413035764084,
            "discharge_disposition_id": -9.420850826393345,
            "number_diagnoses": -12.061163568932958,
            "age": -12.109005968484963,
            "number_inpatient": -23.095968662609785
        }
    },
    "DecisionTree": {
        "SHAP": {
            "discharge_disposition_id": -31.902652214415504,
            "number_inpatient": -29.671372890754782,
            "number_diagnoses": -20.450494468376775,
            "diag_1": -14.907110477457763,
            "payer_code": -1.4026133894842454,
            "num_medications": -1.0483057820936048,
            "medical_specialty": 0.4712600136051692,
            "admission_source_id": 0.14619076381216445,
            "gender": 0.0,
            "race": 0.0,
            "num_lab_procedures": 0.0,
            "time_in_hospital": 0.0,
            "admission_type_id": 0.0,
            "age": 0.0,
            "number_emergency": 0.0,
            "number_outpatient": 0.0,
            "diag_2": 0.0,
            "num_procedures": 0.0,
            "diag_3": 0.0,
            "metformin": 0.0,
            "repaglinide": 0.0,
            "nateglinide": 0.0,
            "chlorpropamide": 0.0,
            "glimepiride": 0.0,
            "acetohexamide": 0.0,
            "glipizide": 0.0,
            "glyburide": 0.0,
            "tolbutamide": 0.0,
            "pioglitazone": 0.0,
            "rosiglitazone": 0.0,
            "acarbose": 0.0,
            "miglitol": 0.0,
            "troglitazone": 0.0,
            "tolazamide": 0.0,
            "insulin": 0.0,
            "glyburide-metformin": 0.0,
            "glipizide-metformin": 0.0,
            "glimepiride-pioglitazone": 0.0,
            "metformin-rosiglitazone": 0.0,
            "metformin-pioglitazone": 0.0,
            "change": 0.0,
            "diabetesMed": 0.0
        },
        "Lime": {
            "race": 0.0,
            "gender": 0.0,
            "age": 0.0,
            "admission_type_id": 0.0,
            "discharge_disposition_id": -16.310401155059097,
            "admission_source_id": 0.0,
            "time_in_hospital": 0.0,
            "payer_code": 0.0,
            "medical_specialty": 0.0,
            "num_lab_procedures": 0.0,
            "num_procedures": 0.0,
            "num_medications": 0.0,
            "number_outpatient": 0.0,
            "number_emergency": -3.1570164404950787,
            "number_inpatient": -32.60752565590832,
            "diag_1": -9.730282207524587,
            "diag_2": -4.1810747012270415,
            "diag_3": 3.518655515318339,
            "number_diagnoses": -4.952167313109005,
            "metformin": 0.0,
            "repaglinide": -3.1650756061247614,
            "nateglinide": -8.433433937974318,
            "chlorpropamide": -3.5821363366253975,
            "glimepiride": -2.5169336820994133,
            "acetohexamide": 0.0,
            "glipizide": 0.0,
            "glyburide": 5.344083699056951,
            "tolbutamide": 0.0,
            "pioglitazone": -2.5012137494777065,
            "rosiglitazone": 0.0,
            "acarbose": 0.0,
            "miglitol": 0.0,
            "troglitazone": 0.0,
            "tolazamide": 0.0,
            "insulin": 0.0,
            "glyburide-metformin": 0.0,
            "glipizide-metformin": 0.0,
            "glimepiride-pioglitazone": 0.0,
            "metformin-rosiglitazone": 0.0,
            "metformin-pioglitazone": 0.0,
            "change": 0.0,
            "diabetesMed": 0.0
        },
        "Inherent": {
            "number_inpatient": -31.60851789225841,
            "diag_1": -26.957267844138,
            "discharge_disposition_id": -22.027735752003924,
            "number_diagnoses": -19.40647851159967,
            "gender": 0.0,
            "admission_source_id": 0.0,
            "time_in_hospital": 0.0,
            "age": 0.0,
            "admission_type_id": 0.0,
            "race": 0.0,
            "num_lab_procedures": 0.0,
            "medical_specialty": 0.0,
            "payer_code": 0.0,
            "num_procedures": 0.0,
            "number_emergency": 0.0,
            "number_outpatient": 0.0,
            "diag_2": 0.0,
            "num_medications": 0.0,
            "diag_3": 0.0,
            "metformin": 0.0,
            "repaglinide": 0.0,
            "nateglinide": 0.0,
            "chlorpropamide": 0.0,
            "glimepiride": 0.0,
            "acetohexamide": 0.0,
            "glipizide": 0.0,
            "glyburide": 0.0,
            "tolbutamide": 0.0,
            "pioglitazone": 0.0,
            "rosiglitazone": 0.0,
            "acarbose": 0.0,
            "miglitol": 0.0,
            "troglitazone": 0.0,
            "tolazamide": 0.0,
            "insulin": 0.0,
            "glyburide-metformin": 0.0,
            "glipizide-metformin": 0.0,
            "glimepiride-pioglitazone": 0.0,
            "metformin-rosiglitazone": 0.0,
            "metformin-pioglitazone": 0.0,
            "change": 0.0,
            "diabetesMed": 0.0
        }
    },
    "XGBOOST": {
        "SHAP": {
            "number_inpatient": -19.524749899186812,
            "discharge_disposition_id": -17.777425399801906,
            "number_diagnoses": -10.730885709415192,
            "age": -7.075431601614119,
            "payer_code": -6.853195129742598,
            "diag_2": -5.592365636755864,
            "diabetesMed": 4.525590356092614,
            "num_medications": 4.459606217666426,
            "time_in_hospital": 3.11576103593332,
            "nateglinide": -2.808424527960934,
            "diag_3": 2.4851235370408573,
            "number_emergency": -2.4386561375143954,
            "metformin": 1.9758154796902103,
            "insulin": -1.5986525378541523,
            "num_procedures": 1.591148259953359,
            "diag_1": -1.37281123719868,
            "gender": -0.955317009002072,
            "glimepiride": 0.8539644769176488,
            "admission_type_id": 0.7822197730965711,
            "medical_specialty": 0.5893478693191136,
            "glipizide": -0.4502994857942567,
            "num_lab_procedures": 0.3963999242212297,
            "race": 0.313430685105664,
            "acarbose": 0.3098828357069695,
            "change": -0.2956563981079886,
            "number_outpatient": -0.2904111472996714,
            "pioglitazone": 0.2715616763815086,
            "admission_source_id": -0.18128769887460003,
            "glyburide": 0.1803753956350822,
            "glyburide-metformin": 0.17701926829510145,
            "repaglinide": 0.018331501363826247,
            "rosiglitazone": 0.008852151457248788,
            "acetohexamide": 0.0,
            "chlorpropamide": 0.0,
            "tolazamide": 0.0,
            "troglitazone": 0.0,
            "miglitol": 0.0,
            "tolbutamide": 0.0,
            "glimepiride-pioglitazone": 0.0,
            "glipizide-metformin": 0.0,
            "metformin-pioglitazone": 0.0,
            "metformin-rosiglitazone": 0.0
        },
        "Lime": {
            "race": 0.0,
            "gender": 0.0,
            "age": 0.0,
            "admission_type_id": 0.0,
            "discharge_disposition_id": -6.316623395737069,
            "admission_source_id": -3.247138051526547,
            "time_in_hospital": 0.0,
            "payer_code": -4.024103065657044,
            "medical_specialty": 0.0,
            "num_lab_procedures": 2.4093640529493374,
            "num_procedures": 0.0,
            "num_medications": 3.0590497534233667,
            "number_outpatient": 0.0,
            "number_emergency": -3.559140092137857,
            "number_inpatient": -20.642549052202245,
            "diag_1": 0.0,
            "diag_2": -5.085086879714593,
            "diag_3": 0.0,
            "number_diagnoses": -3.9740697431020338,
            "metformin": 3.5176599563645334,
            "repaglinide": -1.7118717624474724,
            "nateglinide": 7.5219272893282465,
            "chlorpropamide": 0.0,
            "glimepiride": 8.374104278759564,
            "acetohexamide": 0.0,
            "glipizide": 0.0,
            "glyburide": -4.217174733146737,
            "tolbutamide": 0.0,
            "pioglitazone": 0.0,
            "rosiglitazone": 3.241592577775123,
            "acarbose": 12.394392936685007,
            "miglitol": 0.0,
            "troglitazone": 0.0,
            "tolazamide": 0.0,
            "insulin": -2.06026196751492,
            "glyburide-metformin": 0.0,
            "glipizide-metformin": 0.0,
            "glimepiride-pioglitazone": 0.0,
            "metformin-rosiglitazone": 0.0,
            "metformin-pioglitazone": 0.0,
            "change": 0.0,
            "diabetesMed": 4.6438904115282975
        },
        "Inherent": {
            "race": 0.5142329931259155,
            "gender": -0.9952988624572754,
            "age": -6.9870924949646,
            "admission_type_id": 0.8786196112632751,
            "discharge_disposition_id": -17.09589958190918,
            "admission_source_id": -0.5190303921699524,
            "time_in_hospital": 3.0789098739624023,
            "payer_code": -7.694511890411377,
            "medical_specialty": 0.362474650144577,
            "num_lab_procedures": 0.0033954354003071785,
            "num_procedures": 1.3063057661056519,
            "num_medications": 2.7190942764282227,
            "number_outpatient": -0.34840333461761475,
            "number_emergency": -2.4598796367645264,
            "number_inpatient": -25.569608688354492,
            "diag_1": -3.0603811740875244,
            "diag_2": -5.429784297943115,
            "diag_3": 1.2314687967300415,
            "number_diagnoses": -8.53726863861084,
            "metformin": 1.7021772861480713,
            "repaglinide": 0.004841362126171589,
            "nateglinide": -2.0751380920410156,
            "chlorpropamide": 0.013834712095558643,
            "glimepiride": 0.49377769231796265,
            "acetohexamide": 0.0,
            "glipizide": -0.4601300358772278,
            "glyburide": 0.3181828260421753,
            "tolbutamide": 0.0,
            "pioglitazone": 0.3180541694164276,
            "rosiglitazone": -0.05605445057153702,
            "acarbose": 0.04180469363927841,
            "miglitol": 0.0,
            "troglitazone": 0.0,
            "tolazamide": 0.0,
            "insulin": -1.750108242034912,
            "glyburide-metformin": 0.014245220459997654,
            "glipizide-metformin": 0.0,
            "glimepiride-pioglitazone": 0.0,
            "metformin-rosiglitazone": 0.0,
            "metformin-pioglitazone": 0.0,
            "change": -0.5972060561180115,
            "diabetesMed": 3.3627939224243164
        }
    }
}