{
    "LogisticRegression": {
        "SHAP": {
            "number_inpatient": 22.839654933184352,
            "pioglitazone": -14.959784568425588,
            "insulin": -7.44340834397034,
            "discharge_disposition_id": -7.026858222958861,
            "number_diagnoses": -6.7934989690074605,
            "diabetesMed": 6.222862078525281,
            "age": -5.63755498687235,
            "payer_code": 3.9095673143959315,
            "change": 3.297038185591483,
            "metformin": 3.2387707833186625,
            "num_procedures": 2.969298438783082,
            "diag_1": -2.7178171751425007,
            "number_emergency": -2.279180504531988,
            "diag_2": 2.260275073522424,
            "glimepiride": 1.3737300630490925,
            "gender": 1.370638695067068,
            "nateglinide": -1.2906258099328078,
            "admission_type_id": 0.9357016046158622,
            "diag_3": -0.5211466279182962,
            "glyburide": 0.4847095750132259,
            "rosiglitazone": 0.4321229577298278,
            "time_in_hospital": 0.35797929401131046,
            "admission_source_id": -0.25153546590984427,
            "num_medications": -0.24157203220828513,
            "glyburide-metformin": 0.19365558445278455,
            "acarbose": 0.18571475774627308,
            "number_outpatient": 0.1336723382529561,
            "num_lab_procedures": 0.10747475909589159,
            "race": -0.09432915555074559,
            "medical_specialty": 0.08783420861392485,
            "glipizide": 0.08381572659478184,
            "glipizide-metformin": -0.07747413174382184,
            "chlorpropamide": -0.051585370947235545,
            "tolazamide": 0.025851554437661503,
            "tolbutamide": -0.022695286514232502,
            "troglitazone": -0.02028152876333105,
            "repaglinide": 0.01341931307170283,
            "miglitol": -0.013387043084354884,
            "metformin-rosiglitazone": -0.01317013613815725,
            "acetohexamide": -0.007449271596375076,
            "glimepiride-pioglitazone": -0.00668468539523156,
            "metformin-pioglitazone": -0.006173444314612211
        },
        "Lime": {
            "race": -27.231804320614238,
            "gender": 0.0,
            "age": 0.0,
            "admission_type_id": 0.0,
            "discharge_disposition_id": -9.613476293768903,
            "admission_source_id": 0.0,
            "time_in_hospital": 0.0,
            "payer_code": 0.0,
            "medical_specialty": 0.0,
            "num_lab_procedures": 0.0,
            "num_procedures": 0.0,
            "num_medications": 0.0,
            "number_outpatient": 0.0,
            "number_emergency": -10.762306901053636,
            "number_inpatient": 52.39241248456323,
            "diag_1": 0.0,
            "diag_2": 0.0,
            "diag_3": 0.0,
            "number_diagnoses": 0.0,
            "metformin": 0.0,
            "repaglinide": 0.0,
            "nateglinide": 0.0,
            "chlorpropamide": 0.0,
            "glimepiride": 0.0,
            "acetohexamide": 0.0,
            "glipizide": 0.0,
            "glyburide": 0.0,
            "tolbutamide": 0.0,
            "pioglitazone": 0.0,
            "rosiglitazone": 0.0,
            "acarbose": 0.0,
            "miglitol": 0.0,
            "troglitazone": 0.0,
            "tolazamide": 0.0,
            "insulin": 0.0,
            "glyburide-metformin": 0.0,
            "glipizide-metformin": 0.0,
            "glimepiride-pioglitazone": 0.0,
            "metformin-rosiglitazone": 0.0,
            "metformin-pioglitazone": 0.0,
            "change": 0.0,
            "diabetesMed": 0.0
        },
        "Inherent": {
            "number_inpatient": 21.875673746507385,
            "diabetesMed": 5.321339843573631,
            "payer_code": 3.844160965621864,
            "change": 3.631496339536502,
            "num_procedures": 3.140706857326504,
            "metformin": 3.0752273787755104,
            "diag_2": 2.5003665357109006,
            "time_in_hospital": 1.4904319029154487,
            "gender": 1.380899534204788,
            "admission_type_id": 1.022016903591811,
            "glimepiride": 0.9701114705604742,
            "glyburide": 0.5244649341683106,
            "rosiglitazone": 0.37412459718324725,
            "num_medications": 0.1989103324530181,
            "number_outpatient": 0.1780346454685178,
            "num_lab_procedures": 0.10443092342971116,
            "glyburide-metformin": 0.09334325395533574,
            "medical_specialty": 0.08102496446073539,
            "glipizide": 0.07171330116235677,
            "tolazamide": 0.03812427335000316,
            "acarbose": -0.0,
            "glipizide-metformin": -0.0,
            "metformin-pioglitazone": -0.0,
            "troglitazone": -0.0,
            "chlorpropamide": -0.0,
            "acetohexamide": -0.0,
            "glimepiride-pioglitazone": -0.0,
            "repaglinide": 0.0,
            "miglitol": -0.0,
            "tolbutamide": -0.0,
            "metformin-rosiglitazone": -0.0,
            "race": -0.09368570796967501,
            "admission_source_id": -0.5088313804426788,
            "diag_3": -0.6069545738197164,
            "nateglinide": -1.364829864620409,
            "number_emergency": -2.330176814996541,
            "diag_1": -3.0298933920227085,
            "number_diagnoses": -5.115754029138459,
            "age": -5.39997481643017,
            "insulin": -7.68563934344986,
            "discharge_disposition_id": -8.07327394490752,
            "pioglitazone": -15.874383428246212
        }
    },
    "DecisionTree": {
        "SHAP": {
            "number_inpatient": 39.64133470581084,
            "discharge_disposition_id": -27.13691584025733,
            "num_medications": -11.015820839930988,
            "number_diagnoses": -8.368077205607939,
            "diag_1": -6.457104921927528,
            "payer_code": 5.032087440378678,
            "admission_source_id": 0.9834026247616461,
            "number_emergency": -0.73123774540261,
            "medical_specialty": 0.634018675922447,
            "gender": 0.0,
            "num_lab_procedures": 0.0,
            "time_in_hospital": 0.0,
            "admission_type_id": 0.0,
            "age": 0.0,
            "race": 0.0,
            "number_outpatient": 0.0,
            "diag_2": 0.0,
            "num_procedures": 0.0,
            "diag_3": 0.0,
            "metformin": 0.0,
            "repaglinide": 0.0,
            "nateglinide": 0.0,
            "chlorpropamide": 0.0,
            "glimepiride": 0.0,
            "acetohexamide": 0.0,
            "glipizide": 0.0,
            "glyburide": 0.0,
            "tolbutamide": 0.0,
            "pioglitazone": 0.0,
            "rosiglitazone": 0.0,
            "acarbose": 0.0,
            "miglitol": 0.0,
            "troglitazone": 0.0,
            "tolazamide": 0.0,
            "insulin": 0.0,
            "glyburide-metformin": 0.0,
            "glipizide-metformin": 0.0,
            "glimepiride-pioglitazone": 0.0,
            "metformin-rosiglitazone": 0.0,
            "metformin-pioglitazone": 0.0,
            "change": 0.0,
            "diabetesMed": 0.0
        },
        "Lime": {
            "race": 0.0,
            "gender": 0.0,
            "age": 0.0,
            "admission_type_id": 0.0,
            "discharge_disposition_id": -17.622161232198927,
            "admission_source_id": 0.0,
            "time_in_hospital": 0.0,
            "payer_code": 2.489887570228076,
            "medical_specialty": 0.0,
            "num_lab_procedures": 0.0,
            "num_procedures": 0.0,
            "num_medications": 0.0,
            "number_outpatient": 0.0,
            "number_emergency": 0.0,
            "number_inpatient": 8.917709413057864,
            "diag_1": -3.8002914239256516,
            "diag_2": 0.0,
            "diag_3": 2.994538291151753,
            "number_diagnoses": -4.2166641836067935,
            "metformin": 0.0,
            "repaglinide": -6.427760420421652,
            "nateglinide": -2.820942259594087,
            "chlorpropamide": 0.0,
            "glimepiride": 0.0,
            "acetohexamide": 0.0,
            "glipizide": 3.1027483298108884,
            "glyburide": 12.77994778682205,
            "tolbutamide": 0.0,
            "pioglitazone": -4.343217433072843,
            "rosiglitazone": -3.416662823208414,
            "acarbose": 7.625779931283708,
            "miglitol": 0.0,
            "troglitazone": 0.0,
            "tolazamide": 7.691030896989849,
            "insulin": -3.2667660003256542,
            "glyburide-metformin": 0.0,
            "glipizide-metformin": 0.0,
            "glimepiride-pioglitazone": 0.0,
            "metformin-rosiglitazone": 0.0,
            "metformin-pioglitazone": 0.0,
            "change": 3.429259834278226,
            "diabetesMed": -5.054632170023572
        },
        "Inherent": {
            "number_inpatient": 41.339934239452816,
            "discharge_disposition_id": -36.13740178542741,
            "num_medications": -17.559753757631547,
            "number_emergency": -4.962910217488232,
            "gender": 0.0,
            "admission_source_id": 0.0,
            "time_in_hospital": 0.0,
            "age": 0.0,
            "admission_type_id": 0.0,
            "race": 0.0,
            "num_lab_procedures": 0.0,
            "medical_specialty": 0.0,
            "payer_code": 0.0,
            "num_procedures": 0.0,
            "number_outpatient": 0.0,
            "diag_1": 0.0,
            "diag_2": 0.0,
            "diag_3": 0.0,
            "number_diagnoses": 0.0,
            "metformin": 0.0,
            "repaglinide": 0.0,
            "nateglinide": 0.0,
            "chlorpropamide": 0.0,
            "glimepiride": 0.0,
            "acetohexamide": 0.0,
            "glipizide": 0.0,
            "glyburide": 0.0,
            "tolbutamide": 0.0,
            "pioglitazone": 0.0,
            "rosiglitazone": 0.0,
            "acarbose": 0.0,
            "miglitol": 0.0,
            "troglitazone": 0.0,
            "tolazamide": 0.0,
            "insulin": 0.0,
            "glyburide-metformin": 0.0,
            "glipizide-metformin": 0.0,
            "glimepiride-pioglitazone": 0.0,
            "metformin-rosiglitazone": 0.0,
            "metformin-pioglitazone": 0.0,
            "change": 0.0,
            "diabetesMed": 0.0
        }
    },
    "XGBOOST": {
        "SHAP": {
            "number_inpatient": 21.82731932774184,
            "discharge_disposition_id": -13.601312787516557,
            "diag_1": -12.10758212661171,
            "payer_code": 7.495289826168347,
            "age": -7.4569670115332345,
            "diag_3": -6.59138263330602,
            "pioglitazone": -6.022149459972701,
            "metformin": 2.9246363349362396,
            "diabetesMed": 2.8847419016882725,
            "nateglinide": -2.782228822151693,
            "number_emergency": -2.28408711785436,
            "number_diagnoses": -2.227431170569075,
            "num_medications": 1.9749698001293132,
            "change": 1.8312637971403767,
            "time_in_hospital": 1.6416650227041178,
            "gender": 1.0279308443975852,
            "race": -0.9463268311370702,
            "num_lab_procedures": 0.6789490646660942,
            "glimepiride": 0.5753876033532035,
            "glyburide-metformin": 0.46796857411658904,
            "number_outpatient": -0.45475819014702595,
            "diag_2": 0.37242315205801524,
            "num_procedures": -0.3514182484964308,
            "acarbose": 0.31539164404009795,
            "glyburide": 0.2460601958565753,
            "insulin": 0.24367602546036407,
            "glipizide": -0.1944849074424027,
            "admission_source_id": -0.18970555070384687,
            "admission_type_id": 0.14220203474261417,
            "rosiglitazone": 0.08582567865706091,
            "medical_specialty": 0.03669169606855797,
            "repaglinide": 0.017772618632607477,
            "acetohexamide": 0.0,
            "chlorpropamide": 0.0,
            "tolazamide": 0.0,
            "troglitazone": 0.0,
            "miglitol": 0.0,
            "tolbutamide": 0.0,
            "glimepiride-pioglitazone": 0.0,
            "glipizide-metformin": 0.0,
            "metformin-pioglitazone": 0.0,
            "metformin-rosiglitazone": 0.0
        },
        "Lime": {
            "race": 0.0,
            "gender": 0.0,
            "age": -2.396117528347967,
            "admission_type_id": 0.0,
            "discharge_disposition_id": -5.170185363386779,
            "admission_source_id": 0.0,
            "time_in_hospital": 2.000179457409084,
            "payer_code": 5.8612237223019035,
            "medical_specialty": 0.0,
            "num_lab_procedures": 1.7239453634374766,
            "num_procedures": 0.0,
            "num_medications": -2.0605249907582492,
            "number_outpatient": 0.0,
            "number_emergency": -8.588232228727298,
            "number_inpatient": 7.361348941790123,
            "diag_1": -4.393476322170188,
            "diag_2": -4.7479223825281025,
            "diag_3": -15.39789692942431,
            "number_diagnoses": -1.676119947271302,
            "metformin": 6.327842117828861,
            "repaglinide": 0.0,
            "nateglinide": 6.604975729557491,
            "chlorpropamide": 4.628844914767816,
            "glimepiride": 2.338401518597216,
            "acetohexamide": 0.0,
            "glipizide": 0.0,
            "glyburide": 5.91898458782324,
            "tolbutamide": 0.0,
            "pioglitazone": 2.6816046752286105,
            "rosiglitazone": 0.0,
            "acarbose": 1.8653361642074495,
            "miglitol": 0.0,
            "troglitazone": 0.0,
            "tolazamide": 0.0,
            "insulin": 1.772808535013519,
            "glyburide-metformin": 0.0,
            "glipizide-metformin": 0.0,
            "glimepiride-pioglitazone": 0.0,
            "metformin-rosiglitazone": 0.0,
            "metformin-pioglitazone": 0.0,
            "change": -1.9761295787830317,
            "diabetesMed": 4.507899000639998
        },
        "Inherent": {
            "race": -0.8560912609100342,
            "gender": 0.9776615500450134,
            "age": -8.946005821228027,
            "admission_type_id": 0.1793016791343689,
            "discharge_disposition_id": -14.483033180236816,
            "admission_source_id": -0.5815753936767578,
            "time_in_hospital": 1.7665746212005615,
            "payer_code": 6.782692909240723,
            "medical_specialty": -1.186391830444336,
            "num_lab_procedures": 0.7035514116287231,
            "num_procedures": -0.21490168571472168,
            "num_medications": -1.7068166732788086,
            "number_outpatient": -0.692560076713562,
            "number_emergency": -2.677103281021118,
            "number_inpatient": 18.455137252807617,
            "diag_1": -16.059814453125,
            "diag_2": -0.06536279618740082,
            "diag_3": -8.490013122558594,
            "number_diagnoses": -0.9789945483207703,
            "metformin": 2.901392698287964,
            "repaglinide": -0.01718667522072792,
            "nateglinide": -2.1641838550567627,
            "chlorpropamide": 0.01704929582774639,
            "glimepiride": 0.4148126542568207,
            "acetohexamide": 0.0,
            "glipizide": -0.12047035992145538,
            "glyburide": 0.32865482568740845,
            "tolbutamide": 0.0,
            "pioglitazone": -4.197055339813232,
            "rosiglitazone": 0.049896806478500366,
            "acarbose": 0.05224497243762016,
            "miglitol": 0.0,
            "troglitazone": 0.0,
            "tolazamide": 0.0,
            "insulin": 0.37367329001426697,
            "glyburide-metformin": 0.0948793813586235,
            "glipizide-metformin": 0.0,
            "glimepiride-pioglitazone": 0.0,
            "metformin-rosiglitazone": 0.0,
            "metformin-pioglitazone": 0.0,
            "change": 1.0306528806686401,
            "diabetesMed": 2.4342565536499023
        }
    }
}