{
    "LogisticRegression": {
        "SHAP": {
            "number_inpatient": 76.4490948121747,
            "diabetesMed": -5.5431295549922055,
            "number_emergency": 3.7467469117691805,
            "number_diagnoses": 2.0330401331450347,
            "discharge_disposition_id": -1.8151302844639234,
            "time_in_hospital": -1.6106767369760788,
            "age": -1.4562549097075366,
            "metformin": 0.8366172685868155,
            "payer_code": 0.8165852019437706,
            "num_medications": -0.8025799487223219,
            "num_procedures": 0.7670090030046381,
            "change": -0.6893340267504711,
            "admission_source_id": 0.6484978091587379,
            "insulin": 0.43786732674011136,
            "diag_2": 0.4206298706474253,
            "glimepiride": 0.3548526184820309,
            "gender": 0.354054077303804,
            "admission_type_id": -0.30159538607154707,
            "diag_1": -0.17811355098707743,
            "glyburide": 0.12520688490647736,
            "pioglitazone": 0.11458206433112225,
            "diag_3": -0.11452163004817721,
            "rosiglitazone": 0.11162306713757163,
            "glyburide-metformin": 0.0500237951218826,
            "acarbose": 0.04797257470710674,
            "number_outpatient": 0.03452933041473527,
            "race": -0.02436646670750239,
            "glipizide": 0.0216507091546918,
            "glipizide-metformin": -0.020012591449659892,
            "num_lab_procedures": -0.015601495903001946,
            "chlorpropamide": -0.013325182616564206,
            "medical_specialty": -0.0096624139605349,
            "tolazamide": 0.006677797939191726,
            "tolbutamide": -0.005862492248950312,
            "troglitazone": -0.005238986742790279,
            "repaglinide": 0.003466385798644141,
            "miglitol": -0.0034580500347143744,
            "metformin-rosiglitazone": -0.0034020201057672486,
            "acetohexamide": -0.0019242452377363807,
            "nateglinide": 0.001760959081174894,
            "glimepiride-pioglitazone": -0.0017267425238998635,
            "metformin-pioglitazone": -0.0015946822006870957
        },
        "Lime": {
            "race": 0.0,
            "gender": 0.0,
            "age": 0.0,
            "admission_type_id": 0.0,
            "discharge_disposition_id": -6.80436992033543,
            "admission_source_id": 0.0,
            "time_in_hospital": 0.0,
            "payer_code": 0.0,
            "medical_specialty": 0.0,
            "num_lab_procedures": 0.0,
            "num_procedures": 4.042515079251728,
            "num_medications": -4.477328630759918,
            "number_outpatient": 0.0,
            "number_emergency": 13.108708366350786,
            "number_inpatient": 42.96097482135814,
            "diag_1": 0.0,
            "diag_2": 0.0,
            "diag_3": 0.0,
            "number_diagnoses": 28.606103181943986,
            "metformin": 0.0,
            "repaglinide": 0.0,
            "nateglinide": 0.0,
            "chlorpropamide": 0.0,
            "glimepiride": 0.0,
            "acetohexamide": 0.0,
            "glipizide": 0.0,
            "glyburide": 0.0,
            "tolbutamide": 0.0,
            "pioglitazone": 0.0,
            "rosiglitazone": 0.0,
            "acarbose": 0.0,
            "miglitol": 0.0,
            "troglitazone": 0.0,
            "tolazamide": 0.0,
            "insulin": 0.0,
            "glyburide-metformin": 0.0,
            "glipizide-metformin": 0.0,
            "glimepiride-pioglitazone": 0.0,
            "metformin-rosiglitazone": 0.0,
            "metformin-pioglitazone": 0.0,
            "change": 0.0,
            "diabetesMed": 0.0
        },
        "Inherent": {
            "number_inpatient": 76.24929776579424,
            "number_emergency": 3.792206574615284,
            "number_diagnoses": 2.5642605942762278,
            "num_procedures": 0.7637559603751939,
            "metformin": 0.7478326844066268,
            "payer_code": 0.740472055700442,
            "admission_source_id": 0.5935810120073045,
            "insulin": 0.504330905438281,
            "diag_2": 0.44392937558919404,
            "gender": 0.3358066504895059,
            "glimepiride": 0.23591135738774893,
            "pioglitazone": 0.14001185410067357,
            "glyburide": 0.12753919346035575,
            "rosiglitazone": 0.09097948455619537,
            "number_outpatient": 0.04329440084886254,
            "glyburide-metformin": 0.022699178817945854,
            "glipizide": 0.017439214701990675,
            "tolazamide": 0.009271047037743655,
            "nateglinide": 0.005054296965046081,
            "troglitazone": -0.0,
            "glipizide-metformin": -0.0,
            "miglitol": -0.0,
            "repaglinide": 0.0,
            "chlorpropamide": -0.0,
            "tolbutamide": -0.0,
            "acetohexamide": -0.0,
            "metformin-rosiglitazone": -0.0,
            "metformin-pioglitazone": -0.0,
            "glimepiride-pioglitazone": -0.0,
            "acarbose": -0.0,
            "medical_specialty": -0.012821904948530539,
            "num_lab_procedures": -0.018201906458350934,
            "race": -0.022782456661593023,
            "diag_3": -0.12739323993271096,
            "diag_1": -0.21004979335845037,
            "admission_type_id": -0.2976942143211646,
            "change": -0.666202748980401,
            "num_medications": -0.6957974090862864,
            "age": -1.3131639275100078,
            "time_in_hospital": -1.3498849882020016,
            "discharge_disposition_id": -1.9632558450277116,
            "diabetesMed": -5.895077958943931
        }
    },
    "DecisionTree": {
        "SHAP": {
            "number_inpatient": 83.22728029590564,
            "num_procedures": 6.61287364435093,
            "discharge_disposition_id": -5.506823838362335,
            "diag_3": -1.5817700436832387,
            "diag_1": -0.9624307842078211,
            "number_diagnoses": 0.8760015922378211,
            "payer_code": -0.5041328228455111,
            "num_medications": -0.3484334276293767,
            "admission_source_id": -0.2955625085033254,
            "medical_specialty": -0.0846910422740036,
            "num_lab_procedures": 0.0,
            "time_in_hospital": 0.0,
            "admission_type_id": 0.0,
            "age": 0.0,
            "race": 0.0,
            "gender": 0.0,
            "number_emergency": 0.0,
            "number_outpatient": 0.0,
            "diag_2": 0.0,
            "metformin": 0.0,
            "repaglinide": 0.0,
            "nateglinide": 0.0,
            "chlorpropamide": 0.0,
            "glimepiride": 0.0,
            "acetohexamide": 0.0,
            "glipizide": 0.0,
            "glyburide": 0.0,
            "tolbutamide": 0.0,
            "pioglitazone": 0.0,
            "rosiglitazone": 0.0,
            "acarbose": 0.0,
            "miglitol": 0.0,
            "troglitazone": 0.0,
            "tolazamide": 0.0,
            "insulin": 0.0,
            "glyburide-metformin": 0.0,
            "glipizide-metformin": 0.0,
            "glimepiride-pioglitazone": 0.0,
            "metformin-rosiglitazone": 0.0,
            "metformin-pioglitazone": 0.0,
            "change": 0.0,
            "diabetesMed": 0.0
        },
        "Lime": {
            "race": 0.0,
            "gender": 0.0,
            "age": 0.0,
            "admission_type_id": 0.0,
            "discharge_disposition_id": -18.4825614160152,
            "admission_source_id": 0.0,
            "time_in_hospital": 0.0,
            "payer_code": 0.0,
            "medical_specialty": 0.0,
            "num_lab_procedures": 0.0,
            "num_procedures": 0.0,
            "num_medications": 0.0,
            "number_outpatient": 0.0,
            "number_emergency": 0.0,
            "number_inpatient": 57.02980901533509,
            "diag_1": 4.993150273034675,
            "diag_2": 0.0,
            "diag_3": 3.3260268765734726,
            "number_diagnoses": 4.624860240169405,
            "metformin": 0.0,
            "repaglinide": 0.0,
            "nateglinide": 0.0,
            "chlorpropamide": 0.0,
            "glimepiride": -3.6415861788204684,
            "acetohexamide": 0.0,
            "glipizide": 0.0,
            "glyburide": -3.3221487043886855,
            "tolbutamide": 0.0,
            "pioglitazone": -4.579857295662999,
            "rosiglitazone": 0.0,
            "acarbose": 0.0,
            "miglitol": 0.0,
            "troglitazone": 0.0,
            "tolazamide": 0.0,
            "insulin": 0.0,
            "glyburide-metformin": 0.0,
            "glipizide-metformin": 0.0,
            "glimepiride-pioglitazone": 0.0,
            "metformin-rosiglitazone": 0.0,
            "metformin-pioglitazone": 0.0,
            "change": 0.0,
            "diabetesMed": 0.0
        },
        "Inherent": {
            "number_inpatient": 92.16099556129622,
            "diag_3": -7.06987075355702,
            "num_procedures": 0.7691336851467537,
            "age": 0.0,
            "discharge_disposition_id": 0.0,
            "admission_source_id": 0.0,
            "time_in_hospital": 0.0,
            "admission_type_id": 0.0,
            "race": 0.0,
            "gender": 0.0,
            "num_lab_procedures": 0.0,
            "medical_specialty": 0.0,
            "payer_code": 0.0,
            "num_medications": 0.0,
            "number_emergency": 0.0,
            "number_outpatient": 0.0,
            "diag_1": 0.0,
            "diag_2": 0.0,
            "number_diagnoses": 0.0,
            "metformin": 0.0,
            "repaglinide": 0.0,
            "nateglinide": 0.0,
            "chlorpropamide": 0.0,
            "glimepiride": 0.0,
            "acetohexamide": 0.0,
            "glipizide": 0.0,
            "glyburide": 0.0,
            "tolbutamide": 0.0,
            "pioglitazone": 0.0,
            "rosiglitazone": 0.0,
            "acarbose": 0.0,
            "miglitol": 0.0,
            "troglitazone": 0.0,
            "tolazamide": 0.0,
            "insulin": 0.0,
            "glyburide-metformin": 0.0,
            "glipizide-metformin": 0.0,
            "glimepiride-pioglitazone": 0.0,
            "metformin-rosiglitazone": 0.0,
            "metformin-pioglitazone": 0.0,
            "change": 0.0,
            "diabetesMed": 0.0
        }
    },
    "XGBOOST": {
        "SHAP": {
            "number_inpatient": 62.76025188237854,
            "diag_3": 11.579292519565644,
            "number_emergency": 4.880500298582299,
            "discharge_disposition_id": -3.050377830263005,
            "admission_source_id": 2.6137702659612057,
            "diag_2": 2.5454658209372756,
            "payer_code": -2.5259015537706087,
            "num_procedures": 1.2845001611527387,
            "diabetesMed": -1.245087329499052,
            "num_lab_procedures": 1.0589821836077105,
            "number_diagnoses": 0.8762116328728278,
            "race": -0.8556471621935737,
            "metformin": 0.761353544052828,
            "medical_specialty": 0.6557518262350499,
            "gender": 0.6268206293613657,
            "age": 0.35720975155261114,
            "num_medications": 0.3141449411026485,
            "glimepiride": 0.2966873658383078,
            "time_in_hospital": -0.2923466299055379,
            "insulin": -0.2880599660263779,
            "change": 0.2838022904270857,
            "pioglitazone": 0.2140757460374746,
            "glipizide": -0.1517761587843847,
            "acarbose": 0.124539749471161,
            "diag_1": -0.11855642670035871,
            "glyburide-metformin": 0.09772271631408253,
            "rosiglitazone": 0.07516060069422503,
            "glyburide": 0.02745244508062153,
            "number_outpatient": 0.019129020266879022,
            "admission_type_id": 0.01118686257895304,
            "repaglinide": 0.008234688785561146,
            "acetohexamide": 0.0,
            "nateglinide": 0.0,
            "chlorpropamide": 0.0,
            "tolazamide": 0.0,
            "troglitazone": 0.0,
            "miglitol": 0.0,
            "tolbutamide": 0.0,
            "glimepiride-pioglitazone": 0.0,
            "glipizide-metformin": 0.0,
            "metformin-pioglitazone": 0.0,
            "metformin-rosiglitazone": 0.0
        },
        "Lime": {
            "race": 0.0,
            "gender": 0.0,
            "age": 0.0,
            "admission_type_id": 0.0,
            "discharge_disposition_id": -5.577390760930259,
            "admission_source_id": 3.234166145158895,
            "time_in_hospital": -3.211227819760705,
            "payer_code": 0.0,
            "medical_specialty": 0.0,
            "num_lab_procedures": 0.0,
            "num_procedures": 0.0,
            "num_medications": -2.5738411931952974,
            "number_outpatient": -1.419043012843004,
            "number_emergency": 5.650731141667033,
            "number_inpatient": 17.759725194782533,
            "diag_1": 5.882096467921131,
            "diag_2": -1.2602283487968693,
            "diag_3": 8.398012625906375,
            "number_diagnoses": 1.7485493832657812,
            "metformin": 4.5804843645607,
            "repaglinide": -1.9175412963393323,
            "nateglinide": 2.9074831086801556,
            "chlorpropamide": 0.0,
            "glimepiride": 6.6781757146554686,
            "acetohexamide": 0.0,
            "glipizide": 3.2111649390886843,
            "glyburide": 0.0,
            "tolbutamide": 0.0,
            "pioglitazone": 4.405807996488187,
            "rosiglitazone": -1.665636836191965,
            "acarbose": 9.489652749648606,
            "miglitol": 0.0,
            "troglitazone": 0.0,
            "tolazamide": 5.583467038141324,
            "insulin": 0.0,
            "glyburide-metformin": 0.0,
            "glipizide-metformin": 0.0,
            "glimepiride-pioglitazone": 0.0,
            "metformin-rosiglitazone": 0.0,
            "metformin-pioglitazone": 0.0,
            "change": 0.0,
            "diabetesMed": -2.8455738619776993
        },
        "Inherent": {
            "race": -0.8213834166526794,
            "gender": 0.5439319610595703,
            "age": -1.1926097869873047,
            "admission_type_id": 0.014168817549943924,
            "discharge_disposition_id": -2.7460126876831055,
            "admission_source_id": 2.447145700454712,
            "time_in_hospital": -0.6552076935768127,
            "payer_code": -3.061805009841919,
            "medical_specialty": 0.4646199643611908,
            "num_lab_procedures": 0.9371615052223206,
            "num_procedures": 0.383571982383728,
            "num_medications": -0.5505090355873108,
            "number_outpatient": -0.005342173855751753,
            "number_emergency": 4.838651180267334,
            "number_inpatient": 63.918304443359375,
            "diag_1": -0.5830563306808472,
            "diag_2": 2.1212072372436523,
            "diag_3": 10.476654052734375,
            "number_diagnoses": 1.2545469999313354,
            "metformin": 0.6637921333312988,
            "repaglinide": -0.0013307519257068634,
            "nateglinide": -0.005329173058271408,
            "chlorpropamide": 0.00820699892938137,
            "glimepiride": 0.17114903032779694,
            "acetohexamide": 0.0,
            "glipizide": -0.09827075153589249,
            "glyburide": 0.04346726834774017,
            "tolbutamide": 0.0,
            "pioglitazone": 0.22996021807193756,
            "rosiglitazone": 0.047358203679323196,
            "acarbose": 0.016598565503954887,
            "miglitol": 0.0,
            "troglitazone": 0.0,
            "tolazamide": 0.0,
            "insulin": -0.36397284269332886,
            "glyburide-metformin": 0.011625558137893677,
            "glipizide-metformin": 0.0,
            "glimepiride-pioglitazone": 0.0,
            "metformin-rosiglitazone": 0.0,
            "metformin-pioglitazone": 0.0,
            "change": 0.2289605587720871,
            "diabetesMed": -1.0940881967544556
        }
    }
}