{
    "LogisticRegression": {
        "SHAP": {
            "number_inpatient": -20.305959873004735,
            "age": 16.322504930603408,
            "discharge_disposition_id": 8.246295983781406,
            "diabetesMed": 7.811246181074649,
            "admission_source_id": -6.094167398734043,
            "payer_code": 4.9074834648218095,
            "admission_type_id": -4.105690458818215,
            "metformin": 4.06546627473535,
            "num_procedures": 3.7272111767439102,
            "insulin": -3.607779877900938,
            "change": -3.3497566246933674,
            "number_emergency": -2.8609407998038687,
            "number_diagnoses": -2.3919001901427306,
            "time_in_hospital": -2.3094105671627325,
            "glimepiride": 1.7243743430936889,
            "gender": 1.7204939041510974,
            "num_lab_procedures": -0.9713814201292522,
            "num_medications": -0.902705195193697,
            "glyburide": 0.6084315816380175,
            "pioglitazone": 0.5568012228753018,
            "diag_2": -0.55190377623083,
            "rosiglitazone": 0.5424222424871289,
            "diag_1": 0.4725236660309673,
            "number_outpatient": -0.44767053612983176,
            "diag_3": -0.4354071193689262,
            "glyburide-metformin": 0.24308612747835096,
            "acarbose": 0.2331184065963685,
            "glipizide": 0.10520967137241154,
            "glipizide-metformin": -0.09724938590627065,
            "chlorpropamide": -0.0647525249195953,
            "race": 0.03506479139687788,
            "tolazamide": 0.03245015771326265,
            "tolbutamide": -0.02848825313427255,
            "troglitazone": -0.02545838427716998,
            "repaglinide": 0.01684458962150498,
            "miglitol": -0.016804082727369427,
            "metformin-rosiglitazone": -0.016531810333452517,
            "medical_specialty": 0.010964922321581317,
            "acetohexamide": -0.009350696443968484,
            "nateglinide": 0.008557222070969699,
            "glimepiride-pioglitazone": -0.008390949792279872,
            "metformin-pioglitazone": -0.0077492145443820515
        },
        "Lime": {
            "race": 0.0,
            "gender": 0.0,
            "age": 0.0,
            "admission_type_id": 0.0,
            "discharge_disposition_id": 40.77173707303367,
            "admission_source_id": 0.0,
            "time_in_hospital": 0.0,
            "payer_code": 0.0,
            "medical_specialty": 0.0,
            "num_lab_procedures": 0.0,
            "num_procedures": 16.056598909807892,
            "num_medications": 0.0,
            "number_outpatient": 0.0,
            "number_emergency": -43.171664017158434,
            "number_inpatient": 0.0,
            "diag_1": 0.0,
            "diag_2": 0.0,
            "diag_3": 0.0,
            "number_diagnoses": 0.0,
            "metformin": 0.0,
            "repaglinide": 0.0,
            "nateglinide": 0.0,
            "chlorpropamide": 0.0,
            "glimepiride": 0.0,
            "acetohexamide": 0.0,
            "glipizide": 0.0,
            "glyburide": 0.0,
            "tolbutamide": 0.0,
            "pioglitazone": 0.0,
            "rosiglitazone": 0.0,
            "acarbose": 0.0,
            "miglitol": 0.0,
            "troglitazone": 0.0,
            "tolazamide": 0.0,
            "insulin": 0.0,
            "glyburide-metformin": 0.0,
            "glipizide-metformin": 0.0,
            "glimepiride-pioglitazone": 0.0,
            "metformin-rosiglitazone": 0.0,
            "metformin-pioglitazone": 0.0,
            "change": 0.0,
            "diabetesMed": 0.0
        },
        "Inherent": {
            "age": 18.017072937639846,
            "discharge_disposition_id": 8.006478637539038,
            "diabetesMed": 6.6085271271051,
            "payer_code": 4.774031121682691,
            "num_procedures": 3.90041739017904,
            "metformin": 3.819098977336922,
            "gender": 1.7149274994379269,
            "glimepiride": 1.2047732634962283,
            "pioglitazone": 0.7150250851033683,
            "glyburide": 0.6513285838814351,
            "rosiglitazone": 0.46462218578063386,
            "diag_1": 0.3410730054691359,
            "number_diagnoses": 0.12965738440658162,
            "glyburide-metformin": 0.11592220080456905,
            "glipizide": 0.08906014463218802,
            "tolazamide": 0.04734621393123953,
            "race": 0.04580929110213698,
            "nateglinide": 0.02581173673317125,
            "troglitazone": -0.0,
            "miglitol": -0.0,
            "glimepiride-pioglitazone": -0.0,
            "glipizide-metformin": -0.0,
            "metformin-pioglitazone": -0.0,
            "acetohexamide": -0.0,
            "chlorpropamide": -0.0,
            "repaglinide": 0.0,
            "tolbutamide": -0.0,
            "metformin-rosiglitazone": -0.0,
            "acarbose": -0.0,
            "medical_specialty": -0.004283741808348483,
            "num_medications": -0.3863725396602349,
            "number_outpatient": -0.4291935867774479,
            "diag_2": -0.4757279851336321,
            "diag_3": -0.5226294044188317,
            "num_lab_procedures": -1.0392049256024445,
            "time_in_hospital": -1.063934663468989,
            "number_emergency": -2.8938269581584417,
            "change": -3.402223907007867,
            "insulin": -3.484584245780409,
            "admission_type_id": -4.3098171727112975,
            "admission_source_id": -6.737356933699868,
            "number_inpatient": -24.579861149510943
        }
    },
    "DecisionTree": {
        "SHAP": {
            "number_inpatient": -47.2836323921731,
            "discharge_disposition_id": 30.15610895606551,
            "payer_code": 11.003641256081579,
            "diag_1": -5.187236862409732,
            "number_diagnoses": 3.8019887849088483,
            "num_medications": -1.5516287609065613,
            "medical_specialty": -0.6932027853416487,
            "admission_source_id": 0.32256020211302927,
            "gender": 0.0,
            "race": 0.0,
            "num_lab_procedures": 0.0,
            "time_in_hospital": 0.0,
            "admission_type_id": 0.0,
            "age": 0.0,
            "number_emergency": 0.0,
            "number_outpatient": 0.0,
            "diag_2": 0.0,
            "num_procedures": 0.0,
            "diag_3": 0.0,
            "metformin": 0.0,
            "repaglinide": 0.0,
            "nateglinide": 0.0,
            "chlorpropamide": 0.0,
            "glimepiride": 0.0,
            "acetohexamide": 0.0,
            "glipizide": 0.0,
            "glyburide": 0.0,
            "tolbutamide": 0.0,
            "pioglitazone": 0.0,
            "rosiglitazone": 0.0,
            "acarbose": 0.0,
            "miglitol": 0.0,
            "troglitazone": 0.0,
            "tolazamide": 0.0,
            "insulin": 0.0,
            "glyburide-metformin": 0.0,
            "glipizide-metformin": 0.0,
            "glimepiride-pioglitazone": 0.0,
            "metformin-rosiglitazone": 0.0,
            "metformin-pioglitazone": 0.0,
            "change": 0.0,
            "diabetesMed": 0.0
        },
        "Lime": {
            "race": 0.0,
            "gender": 0.0,
            "age": 0.0,
            "admission_type_id": -3.895240188636176,
            "discharge_disposition_id": 0.0,
            "admission_source_id": 0.0,
            "time_in_hospital": 3.8267806377805407,
            "payer_code": 4.007189794491815,
            "medical_specialty": 0.0,
            "num_lab_procedures": 0.0,
            "num_procedures": 0.0,
            "num_medications": 0.0,
            "number_outpatient": -3.367453671283284,
            "number_emergency": -6.257388536442987,
            "number_inpatient": -39.08015155505306,
            "diag_1": 0.0,
            "diag_2": 0.0,
            "diag_3": 0.0,
            "number_diagnoses": 0.0,
            "metformin": 0.0,
            "repaglinide": 0.0,
            "nateglinide": -8.511115105534143,
            "chlorpropamide": 0.0,
            "glimepiride": -5.57127229226655,
            "acetohexamide": 0.0,
            "glipizide": 7.204082982154862,
            "glyburide": -7.298162731177501,
            "tolbutamide": 0.0,
            "pioglitazone": 0.0,
            "rosiglitazone": 0.0,
            "acarbose": -10.981162505179084,
            "miglitol": 0.0,
            "troglitazone": 0.0,
            "tolazamide": 0.0,
            "insulin": 0.0,
            "glyburide-metformin": 0.0,
            "glipizide-metformin": 0.0,
            "glimepiride-pioglitazone": 0.0,
            "metformin-rosiglitazone": 0.0,
            "metformin-pioglitazone": 0.0,
            "change": 0.0,
            "diabetesMed": 0.0
        },
        "Inherent": {
            "number_inpatient": -64.94048756620666,
            "discharge_disposition_id": 35.05951243379335,
            "gender": 0.0,
            "age": 0.0,
            "admission_type_id": 0.0,
            "admission_source_id": 0.0,
            "time_in_hospital": 0.0,
            "payer_code": 0.0,
            "medical_specialty": 0.0,
            "race": 0.0,
            "num_lab_procedures": 0.0,
            "num_procedures": 0.0,
            "number_outpatient": 0.0,
            "num_medications": 0.0,
            "number_emergency": 0.0,
            "diag_1": 0.0,
            "diag_2": 0.0,
            "diag_3": 0.0,
            "number_diagnoses": 0.0,
            "metformin": 0.0,
            "repaglinide": 0.0,
            "nateglinide": 0.0,
            "chlorpropamide": 0.0,
            "glimepiride": 0.0,
            "acetohexamide": 0.0,
            "glipizide": 0.0,
            "glyburide": 0.0,
            "tolbutamide": 0.0,
            "pioglitazone": 0.0,
            "rosiglitazone": 0.0,
            "acarbose": 0.0,
            "miglitol": 0.0,
            "troglitazone": 0.0,
            "tolazamide": 0.0,
            "insulin": 0.0,
            "glyburide-metformin": 0.0,
            "glipizide-metformin": 0.0,
            "glimepiride-pioglitazone": 0.0,
            "metformin-rosiglitazone": 0.0,
            "metformin-pioglitazone": 0.0,
            "change": 0.0,
            "diabetesMed": 0.0
        }
    },
    "XGBOOST": {
        "SHAP": {
            "number_inpatient": -15.732948093548313,
            "diag_1": -12.340768463613697,
            "age": -9.528317040490654,
            "admission_source_id": -9.38858043898271,
            "diag_3": -6.180101383831792,
            "diabetesMed": 5.762213755603852,
            "diag_2": -4.95705193512992,
            "medical_specialty": 4.476411414006069,
            "number_outpatient": 4.3920832650268355,
            "discharge_disposition_id": 3.6981496844405286,
            "payer_code": 3.3853054722141334,
            "time_in_hospital": 3.139290622895908,
            "number_emergency": -2.439767940772564,
            "num_medications": 1.950233912072071,
            "insulin": -1.8184981392124904,
            "gender": 1.8074443368730124,
            "num_lab_procedures": -1.7515790951859733,
            "admission_type_id": -1.5520620811646828,
            "metformin": 1.1568168374273835,
            "glipizide": -0.9040372913402164,
            "num_procedures": 0.7239282441140413,
            "glimepiride": 0.6040128953030425,
            "change": 0.39236982940861287,
            "pioglitazone": 0.3593377754433052,
            "glyburide-metformin": 0.30907750227882475,
            "acarbose": 0.294214482171281,
            "race": 0.2757204898378161,
            "number_diagnoses": 0.2678006965084585,
            "rosiglitazone": 0.19819271280256306,
            "glyburide": 0.19379088637549916,
            "repaglinide": 0.019893281923749524,
            "acetohexamide": 0.0,
            "nateglinide": 0.0,
            "chlorpropamide": 0.0,
            "tolazamide": 0.0,
            "troglitazone": 0.0,
            "miglitol": 0.0,
            "tolbutamide": 0.0,
            "glimepiride-pioglitazone": 0.0,
            "glipizide-metformin": 0.0,
            "metformin-pioglitazone": 0.0,
            "metformin-rosiglitazone": 0.0
        },
        "Lime": {
            "race": 0.0,
            "gender": 2.752770787894359,
            "age": -3.3797447724142864,
            "admission_type_id": 0.0,
            "discharge_disposition_id": -2.1940998415690505,
            "admission_source_id": -4.950010425657606,
            "time_in_hospital": 0.0,
            "payer_code": 1.6862545215089668,
            "medical_specialty": 0.0,
            "num_lab_procedures": 0.0,
            "num_procedures": 0.0,
            "num_medications": 2.4963263734008407,
            "number_outpatient": 0.0,
            "number_emergency": -5.831613669089734,
            "number_inpatient": -22.254570234522966,
            "diag_1": -10.925384771092169,
            "diag_2": 0.0,
            "diag_3": 0.0,
            "number_diagnoses": 0.0,
            "metformin": 5.06186236923913,
            "repaglinide": -2.2208976127662012,
            "nateglinide": 0.0,
            "chlorpropamide": 3.2965231057393964,
            "glimepiride": 6.386828813295758,
            "acetohexamide": 0.0,
            "glipizide": 0.0,
            "glyburide": 2.2882132339880163,
            "tolbutamide": 0.0,
            "pioglitazone": 4.414075655452562,
            "rosiglitazone": 0.0,
            "acarbose": 7.883901940235477,
            "miglitol": 0.0,
            "troglitazone": 0.0,
            "tolazamide": 1.7365684808613775,
            "insulin": -1.906338749885153,
            "glyburide-metformin": 0.0,
            "glipizide-metformin": 0.0,
            "glimepiride-pioglitazone": 0.0,
            "metformin-rosiglitazone": 0.0,
            "metformin-pioglitazone": 0.0,
            "change": 0.0,
            "diabetesMed": 8.334014641386956
        },
        "Inherent": {
            "race": 0.3966139256954193,
            "gender": 1.531403660774231,
            "age": -9.73424243927002,
            "admission_type_id": -1.4535043239593506,
            "discharge_disposition_id": 4.173624038696289,
            "admission_source_id": -8.57119083404541,
            "time_in_hospital": 2.3844187259674072,
            "payer_code": 2.041813373565674,
            "medical_specialty": 3.7722694873809814,
            "num_lab_procedures": -1.8335723876953125,
            "num_procedures": 0.8467311263084412,
            "num_medications": 0.11641763895750046,
            "number_outpatient": 3.672208309173584,
            "number_emergency": -2.250812292098999,
            "number_inpatient": -20.06976318359375,
            "diag_1": -13.275189399719238,
            "diag_2": -4.953044891357422,
            "diag_3": -8.31031322479248,
            "number_diagnoses": 1.2523103952407837,
            "metformin": 1.0085653066635132,
            "repaglinide": -0.00968143343925476,
            "nateglinide": 0.0070272996090352535,
            "chlorpropamide": 0.01823158748447895,
            "glimepiride": 0.35636162757873535,
            "acetohexamide": 0.0,
            "glipizide": -0.74330073595047,
            "glyburide": 0.2746617794036865,
            "tolbutamide": 0.0,
            "pioglitazone": 0.41009536385536194,
            "rosiglitazone": 0.1299029290676117,
            "acarbose": 0.04203689470887184,
            "miglitol": 0.0,
            "troglitazone": 0.0,
            "tolazamide": 0.0,
            "insulin": -1.8281155824661255,
            "glyburide-metformin": 0.034486349672079086,
            "glipizide-metformin": 0.0,
            "glimepiride-pioglitazone": 0.0,
            "metformin-rosiglitazone": 0.0,
            "metformin-pioglitazone": 0.0,
            "change": 0.3034785985946655,
            "diabetesMed": 4.194603443145752
        }
    }
}