{
    "LogisticRegression": {
        "SHAP": {
            "diabetesMed": -20.334865701402254,
            "discharge_disposition_id": 19.10941046230136,
            "number_inpatient": -15.329439117317744,
            "time_in_hospital": -7.991391872557093,
            "number_diagnoses": 7.458169191775886,
            "num_medications": -5.207025611464267,
            "metformin": 3.0691145915695266,
            "num_procedures": 2.8137579887193684,
            "change": -2.528808810675068,
            "diag_2": 2.4902695679369242,
            "number_emergency": -2.159790430155821,
            "payer_code": -1.9683913276195657,
            "insulin": 1.606307988286719,
            "glimepiride": 1.3017701046017092,
            "gender": 1.2988406714258853,
            "age": -0.9261234548048071,
            "admission_type_id": 0.8866868451675199,
            "glyburide": 0.4593190839588317,
            "diag_1": -0.4289339104390063,
            "pioglitazone": 0.42034213107365853,
            "rosiglitazone": 0.40948710595747895,
            "number_outpatient": -0.33795684967064693,
            "diag_3": -0.3286989125043021,
            "admission_source_id": -0.2383593098645,
            "glyburide-metformin": 0.18351134419397028,
            "acarbose": 0.17598648098364245,
            "num_lab_procedures": -0.09700346999168934,
            "medical_specialty": 0.08323319843577681,
            "glipizide": 0.07942521614063144,
            "glipizide-metformin": -0.07341581239055799,
            "chlorpropamide": -0.04888317984746688,
            "race": 0.02647122264801105,
            "tolazamide": 0.024497375160980783,
            "tolbutamide": -0.02150644169060629,
            "troglitazone": -0.01921912355992498,
            "repaglinide": 0.012716370596316638,
            "miglitol": -0.012685791004346298,
            "metformin-rosiglitazone": -0.012480246272061842,
            "acetohexamide": -0.007059057180197402,
            "nateglinide": 0.006460045009972085,
            "glimepiride-pioglitazone": -0.0063345222181900585,
            "metformin-pioglitazone": -0.005850061425712841
        },
        "Lime": {
            "race": -30.4882580708135,
            "gender": 0.0,
            "age": 0.0,
            "admission_type_id": 0.0,
            "discharge_disposition_id": 34.0503449015434,
            "admission_source_id": 0.0,
            "time_in_hospital": 0.0,
            "payer_code": 0.0,
            "medical_specialty": 0.0,
            "num_lab_procedures": 0.0,
            "num_procedures": 0.0,
            "num_medications": -10.46226202835787,
            "number_outpatient": 0.0,
            "number_emergency": -24.999134999285243,
            "number_inpatient": 0.0,
            "diag_1": 0.0,
            "diag_2": 0.0,
            "diag_3": 0.0,
            "number_diagnoses": 0.0,
            "metformin": 0.0,
            "repaglinide": 0.0,
            "nateglinide": 0.0,
            "chlorpropamide": 0.0,
            "glimepiride": 0.0,
            "acetohexamide": 0.0,
            "glipizide": 0.0,
            "glyburide": 0.0,
            "tolbutamide": 0.0,
            "pioglitazone": 0.0,
            "rosiglitazone": 0.0,
            "acarbose": 0.0,
            "miglitol": 0.0,
            "troglitazone": 0.0,
            "tolazamide": 0.0,
            "insulin": 0.0,
            "glyburide-metformin": 0.0,
            "glipizide-metformin": 0.0,
            "glimepiride-pioglitazone": 0.0,
            "metformin-rosiglitazone": 0.0,
            "metformin-pioglitazone": 0.0,
            "change": 0.0,
            "diabetesMed": 0.0
        },
        "Inherent": {
            "discharge_disposition_id": 18.188849988830455,
            "number_diagnoses": 9.147409023917804,
            "num_procedures": 2.724523466765277,
            "metformin": 2.6677208474798855,
            "diag_2": 2.509644655447776,
            "insulin": 1.7990843386761535,
            "gender": 1.197912876653761,
            "admission_type_id": 0.8865867346935272,
            "glimepiride": 0.8415594281760155,
            "pioglitazone": 0.49946003948068307,
            "glyburide": 0.4549666955716524,
            "rosiglitazone": 0.3245483551392448,
            "glyburide-metformin": 0.08097409195394532,
            "medical_specialty": 0.07028813165167892,
            "glipizide": 0.062210381538876196,
            "tolazamide": 0.03307232483450441,
            "race": 0.031998751958678184,
            "nateglinide": 0.018030040227121506,
            "troglitazone": -0.0,
            "miglitol": -0.0,
            "glipizide-metformin": -0.0,
            "glimepiride-pioglitazone": -0.0,
            "metformin-rosiglitazone": -0.0,
            "acetohexamide": -0.0,
            "chlorpropamide": -0.0,
            "repaglinide": 0.0,
            "tolbutamide": -0.0,
            "metformin-pioglitazone": -0.0,
            "acarbose": -0.0,
            "num_lab_procedures": -0.10381201211788146,
            "number_outpatient": -0.29980073463538726,
            "diag_3": -0.3650676156726153,
            "age": -0.36698141604409407,
            "admission_source_id": -0.4414047854891949,
            "diag_1": -0.5298484969065221,
            "number_emergency": -2.0213989087713364,
            "payer_code": -2.2116190459331384,
            "change": -2.3765248553071614,
            "num_medications": -4.694304643069883,
            "time_in_hospital": -6.8515152947682,
            "number_inpatient": -17.169549259086004,
            "diabetesMed": -21.029332759201534
        }
    },
    "DecisionTree": {
        "SHAP": {
            "number_inpatient": -49.18057464058601,
            "discharge_disposition_id": -36.555464444743656,
            "diag_1": -4.518179369294976,
            "payer_code": -3.5941406832970904,
            "number_diagnoses": 3.31160264046357,
            "num_medications": -1.351497385271897,
            "medical_specialty": 1.2075849268288368,
            "admission_source_id": 0.2809559095139677,
            "gender": 0.0,
            "race": 0.0,
            "num_lab_procedures": 0.0,
            "time_in_hospital": 0.0,
            "admission_type_id": 0.0,
            "age": 0.0,
            "number_emergency": 0.0,
            "number_outpatient": 0.0,
            "diag_2": 0.0,
            "num_procedures": 0.0,
            "diag_3": 0.0,
            "metformin": 0.0,
            "repaglinide": 0.0,
            "nateglinide": 0.0,
            "chlorpropamide": 0.0,
            "glimepiride": 0.0,
            "acetohexamide": 0.0,
            "glipizide": 0.0,
            "glyburide": 0.0,
            "tolbutamide": 0.0,
            "pioglitazone": 0.0,
            "rosiglitazone": 0.0,
            "acarbose": 0.0,
            "miglitol": 0.0,
            "troglitazone": 0.0,
            "tolazamide": 0.0,
            "insulin": 0.0,
            "glyburide-metformin": 0.0,
            "glipizide-metformin": 0.0,
            "glimepiride-pioglitazone": 0.0,
            "metformin-rosiglitazone": 0.0,
            "metformin-pioglitazone": 0.0,
            "change": 0.0,
            "diabetesMed": 0.0
        },
        "Lime": {
            "race": 0.0,
            "gender": 0.0,
            "age": 0.0,
            "admission_type_id": 0.0,
            "discharge_disposition_id": 0.0,
            "admission_source_id": 0.0,
            "time_in_hospital": 0.0,
            "payer_code": -3.443959796647837,
            "medical_specialty": 0.0,
            "num_lab_procedures": 0.0,
            "num_procedures": 0.0,
            "num_medications": 0.0,
            "number_outpatient": 0.0,
            "number_emergency": -3.230031614573866,
            "number_inpatient": -38.2400195436518,
            "diag_1": 7.057931173558779,
            "diag_2": 0.0,
            "diag_3": 0.0,
            "number_diagnoses": 6.148064112890028,
            "metformin": 0.0,
            "repaglinide": -5.577307776164386,
            "nateglinide": 9.957091168369216,
            "chlorpropamide": 0.0,
            "glimepiride": 6.970473923923581,
            "acetohexamide": 0.0,
            "glipizide": 0.0,
            "glyburide": 0.0,
            "tolbutamide": 0.0,
            "pioglitazone": 3.2084218530218305,
            "rosiglitazone": 2.438827299124556,
            "acarbose": -13.727871738074123,
            "miglitol": 0.0,
            "troglitazone": 0.0,
            "tolazamide": 0.0,
            "insulin": 0.0,
            "glyburide-metformin": 0.0,
            "glipizide-metformin": 0.0,
            "glimepiride-pioglitazone": 0.0,
            "metformin-rosiglitazone": 0.0,
            "metformin-pioglitazone": 0.0,
            "change": 0.0,
            "diabetesMed": 0.0
        },
        "Inherent": {
            "discharge_disposition_id": -53.630243217373994,
            "number_inpatient": -46.369756782626006,
            "gender": 0.0,
            "age": 0.0,
            "admission_type_id": 0.0,
            "admission_source_id": 0.0,
            "time_in_hospital": 0.0,
            "payer_code": 0.0,
            "medical_specialty": 0.0,
            "race": 0.0,
            "num_lab_procedures": 0.0,
            "num_procedures": 0.0,
            "number_outpatient": 0.0,
            "num_medications": 0.0,
            "number_emergency": 0.0,
            "diag_1": 0.0,
            "diag_2": 0.0,
            "diag_3": 0.0,
            "number_diagnoses": 0.0,
            "metformin": 0.0,
            "repaglinide": 0.0,
            "nateglinide": 0.0,
            "chlorpropamide": 0.0,
            "glimepiride": 0.0,
            "acetohexamide": 0.0,
            "glipizide": 0.0,
            "glyburide": 0.0,
            "tolbutamide": 0.0,
            "pioglitazone": 0.0,
            "rosiglitazone": 0.0,
            "acarbose": 0.0,
            "miglitol": 0.0,
            "troglitazone": 0.0,
            "tolazamide": 0.0,
            "insulin": 0.0,
            "glyburide-metformin": 0.0,
            "glipizide-metformin": 0.0,
            "glimepiride-pioglitazone": 0.0,
            "metformin-rosiglitazone": 0.0,
            "metformin-pioglitazone": 0.0,
            "change": 0.0,
            "diabetesMed": 0.0
        }
    },
    "XGBOOST": {
        "SHAP": {
            "discharge_disposition_id": -72.50463868628148,
            "diag_2": 5.338542559296786,
            "number_inpatient": -5.197378826171476,
            "diabetesMed": -3.1994689427307628,
            "time_in_hospital": -2.435875058920244,
            "number_outpatient": 2.0114560817103784,
            "medical_specialty": 1.6298103340749037,
            "number_emergency": -1.3193080281216478,
            "num_lab_procedures": 1.2882116864584694,
            "diag_3": -0.7506502510390036,
            "metformin": 0.4872446245144174,
            "payer_code": -0.47312523185092553,
            "num_procedures": -0.4379546437869882,
            "diag_1": -0.32085176874893523,
            "glimepiride": 0.30644851612962865,
            "age": -0.27285337191798087,
            "num_medications": -0.2688757635497391,
            "admission_type_id": 0.26376300199272157,
            "change": 0.2453494440475924,
            "number_diagnoses": 0.23869298647687395,
            "insulin": 0.16676593772200443,
            "pioglitazone": 0.1659772789573552,
            "acarbose": 0.12937189895367637,
            "race": 0.12380092433672894,
            "glipizide": -0.10529730446577149,
            "glyburide": 0.09077581234691197,
            "gender": -0.08715451341784254,
            "glyburide-metformin": 0.08109968034861123,
            "rosiglitazone": 0.039304001316539675,
            "admission_source_id": -0.012545367386704096,
            "repaglinide": 0.007407472926899248,
            "acetohexamide": 0.0,
            "nateglinide": 0.0,
            "chlorpropamide": 0.0,
            "tolazamide": 0.0,
            "troglitazone": 0.0,
            "miglitol": 0.0,
            "tolbutamide": 0.0,
            "glimepiride-pioglitazone": 0.0,
            "glipizide-metformin": 0.0,
            "metformin-pioglitazone": 0.0,
            "metformin-rosiglitazone": 0.0
        },
        "Lime": {
            "race": 4.6225634064299115,
            "gender": 2.158071770429435,
            "age": 1.9863997525821349,
            "admission_type_id": 0.0,
            "discharge_disposition_id": -7.761332153313262,
            "admission_source_id": -2.1200833076073646,
            "time_in_hospital": -2.9071029694940465,
            "payer_code": -2.0173821914920174,
            "medical_specialty": 0.0,
            "num_lab_procedures": 0.0,
            "num_procedures": 0.0,
            "num_medications": 0.0,
            "number_outpatient": 0.0,
            "number_emergency": -6.837152760117656,
            "number_inpatient": -21.70816918253903,
            "diag_1": 0.0,
            "diag_2": -5.647367384848591,
            "diag_3": 2.97316025302925,
            "number_diagnoses": 2.484578961010908,
            "metformin": 3.6724873546173082,
            "repaglinide": 8.811316878808489,
            "nateglinide": 3.8758280954050104,
            "chlorpropamide": 0.0,
            "glimepiride": 5.987651280888996,
            "acetohexamide": 0.0,
            "glipizide": 0.0,
            "glyburide": 0.0,
            "tolbutamide": 0.0,
            "pioglitazone": 3.2390190932132232,
            "rosiglitazone": 0.0,
            "acarbose": 5.836280504976745,
            "miglitol": 0.0,
            "troglitazone": 0.0,
            "tolazamide": 0.0,
            "insulin": 0.0,
            "glyburide-metformin": 0.0,
            "glipizide-metformin": 0.0,
            "glimepiride-pioglitazone": 0.0,
            "metformin-rosiglitazone": 0.0,
            "metformin-pioglitazone": 0.0,
            "change": 0.0,
            "diabetesMed": -5.354052699196612
        },
        "Inherent": {
            "race": 0.19026178121566772,
            "gender": -0.12552155554294586,
            "age": -0.443735808134079,
            "admission_type_id": 0.2221689522266388,
            "discharge_disposition_id": -69.49623107910156,
            "admission_source_id": -0.22949613630771637,
            "time_in_hospital": -2.4079082012176514,
            "payer_code": -0.6148015260696411,
            "medical_specialty": 1.1807652711868286,
            "num_lab_procedures": 0.8296636939048767,
            "num_procedures": -0.31121087074279785,
            "num_medications": -1.0168956518173218,
            "number_outpatient": 1.7874724864959717,
            "number_emergency": -1.2100048065185547,
            "number_inpatient": -7.13360595703125,
            "diag_1": -0.9499726891517639,
            "diag_2": 5.538251876831055,
            "diag_3": -1.51193368434906,
            "number_diagnoses": 0.38605764508247375,
            "metformin": 0.41137784719467163,
            "repaglinide": -0.0018398432293906808,
            "nateglinide": -0.0026839151978492737,
            "chlorpropamide": 0.006970715243369341,
            "glimepiride": 0.14922700822353363,
            "acetohexamide": 0.0,
            "glipizide": -0.08761168271303177,
            "glyburide": 0.10054583847522736,
            "tolbutamide": 0.0,
            "pioglitazone": 0.163212388753891,
            "rosiglitazone": 0.026354053989052773,
            "acarbose": 0.017971964552998543,
            "miglitol": 0.0,
            "troglitazone": 0.0,
            "tolazamide": 0.0,
            "insulin": 0.18740378320217133,
            "glyburide-metformin": 0.008485843427479267,
            "glipizide-metformin": 0.0,
            "glimepiride-pioglitazone": 0.0,
            "metformin-rosiglitazone": 0.0,
            "metformin-pioglitazone": 0.0,
            "change": 0.1821385622024536,
            "diabetesMed": -3.068202495574951
        }
    }
}