{
    "LogisticRegression": {
        "SHAP": {
            "number_inpatient": -18.525990337032017,
            "age": -11.79321360491247,
            "time_in_hospital": 10.477714860945946,
            "number_diagnoses": 9.013374156833867,
            "discharge_disposition_id": 7.523446351085214,
            "diabetesMed": 7.126531923425585,
            "num_procedures": -5.198445186668224,
            "payer_code": 4.477305767224493,
            "num_medications": 4.098737418560504,
            "metformin": 3.70909769310658,
            "insulin": -3.2915309384111935,
            "change": -3.056125356722448,
            "number_emergency": -2.6101579015946457,
            "glimepiride": 1.5732200111381636,
            "gender": 1.5696797217451235,
            "diag_1": 1.3297186329052453,
            "admission_source_id": 1.2935086540392966,
            "glyburide": 0.5550979945132284,
            "pioglitazone": 0.5079934235637326,
            "rosiglitazone": 0.4948748685486701,
            "glyburide-metformin": 0.22177780695397772,
            "num_lab_procedures": -0.21335618762020986,
            "acarbose": 0.21268383149570186,
            "diag_2": 0.18066911571306554,
            "number_outpatient": 0.15308393048370283,
            "admission_type_id": -0.1327624376109694,
            "race": -0.10802742047940041,
            "medical_specialty": 0.10058929215482448,
            "glipizide": 0.0959872553377204,
            "glipizide-metformin": -0.08872474853932001,
            "chlorpropamide": -0.05907648091798076,
            "diag_3": 0.05182792042000461,
            "tolazamide": 0.029605658239790052,
            "tolbutamide": -0.025991044283806074,
            "troglitazone": -0.02322676613491744,
            "repaglinide": 0.01536803512421667,
            "miglitol": -0.015331078962871345,
            "metformin-rosiglitazone": -0.015082673284425627,
            "acetohexamide": -0.00853103783563452,
            "nateglinide": 0.007807117436953912,
            "glimepiride-pioglitazone": -0.007655420169373909,
            "metformin-pioglitazone": -0.007069937824493817
        },
        "Lime": {
            "race": 0.0,
            "gender": 0.0,
            "age": 0.0,
            "admission_type_id": 0.0,
            "discharge_disposition_id": 33.15074535583808,
            "admission_source_id": 0.0,
            "time_in_hospital": 16.526528879507413,
            "payer_code": 0.0,
            "medical_specialty": 0.0,
            "num_lab_procedures": -9.557843993955405,
            "num_procedures": -13.602991971511823,
            "num_medications": 0.0,
            "number_outpatient": 0.0,
            "number_emergency": -27.16188979918729,
            "number_inpatient": 0.0,
            "diag_1": 0.0,
            "diag_2": 0.0,
            "diag_3": 0.0,
            "number_diagnoses": 0.0,
            "metformin": 0.0,
            "repaglinide": 0.0,
            "nateglinide": 0.0,
            "chlorpropamide": 0.0,
            "glimepiride": 0.0,
            "acetohexamide": 0.0,
            "glipizide": 0.0,
            "glyburide": 0.0,
            "tolbutamide": 0.0,
            "pioglitazone": 0.0,
            "rosiglitazone": 0.0,
            "acarbose": 0.0,
            "miglitol": 0.0,
            "troglitazone": 0.0,
            "tolazamide": 0.0,
            "insulin": 0.0,
            "glyburide-metformin": 0.0,
            "glipizide-metformin": 0.0,
            "glimepiride-pioglitazone": 0.0,
            "metformin-rosiglitazone": 0.0,
            "metformin-pioglitazone": 0.0,
            "change": 0.0,
            "diabetesMed": 0.0
        },
        "Inherent": {
            "time_in_hospital": 11.52903120986435,
            "number_diagnoses": 11.174796221024277,
            "discharge_disposition_id": 6.832230840341065,
            "diabetesMed": 5.639305978453983,
            "num_medications": 4.53481276645968,
            "payer_code": 4.073861199026959,
            "metformin": 3.258981506918323,
            "gender": 1.4634124539686764,
            "diag_1": 1.179114724906419,
            "glimepiride": 1.02807856226384,
            "admission_source_id": 1.023766125716219,
            "pioglitazone": 0.6101579307482299,
            "glyburide": 0.555803298734364,
            "rosiglitazone": 0.3964796723385556,
            "diag_2": 0.2702043439119582,
            "number_outpatient": 0.18867275349365786,
            "glyburide-metformin": 0.09892079542981541,
            "medical_specialty": 0.08586645091635256,
            "glipizide": 0.07599838759930792,
            "tolazamide": 0.040402313880878477,
            "nateglinide": 0.022026130554360965,
            "glipizide-metformin": -0.0,
            "troglitazone": -0.0,
            "miglitol": -0.0,
            "glimepiride-pioglitazone": -0.0,
            "repaglinide": 0.0,
            "metformin-pioglitazone": -0.0,
            "metformin-rosiglitazone": -0.0,
            "tolbutamide": -0.0,
            "acarbose": -0.0,
            "acetohexamide": -0.0,
            "chlorpropamide": -0.0,
            "diag_3": -0.0021837564617131606,
            "race": -0.09928371210628764,
            "admission_type_id": -0.10711834632779885,
            "num_lab_procedures": -0.22181695609204163,
            "number_emergency": -2.469411920671484,
            "change": -2.9032462528807295,
            "insulin": -2.973527442909066,
            "num_procedures": -5.169601521240915,
            "age": -10.996961866837376,
            "number_inpatient": -20.974924557921298
        }
    },
    "DecisionTree": {
        "SHAP": {
            "number_inpatient": -55.59641551645376,
            "payer_code": 13.05871134957168,
            "discharge_disposition_id": 10.414543174320464,
            "diag_1": 10.000646055460688,
            "number_diagnoses": 5.9936737887506535,
            "num_medications": 2.7802722784595577,
            "medical_specialty": 1.6453344615342802,
            "admission_source_id": 0.5104033754488996,
            "gender": 0.0,
            "race": 0.0,
            "num_lab_procedures": 0.0,
            "time_in_hospital": 0.0,
            "admission_type_id": 0.0,
            "age": 0.0,
            "number_emergency": 0.0,
            "number_outpatient": 0.0,
            "diag_2": 0.0,
            "num_procedures": 0.0,
            "diag_3": 0.0,
            "metformin": 0.0,
            "repaglinide": 0.0,
            "nateglinide": 0.0,
            "chlorpropamide": 0.0,
            "glimepiride": 0.0,
            "acetohexamide": 0.0,
            "glipizide": 0.0,
            "glyburide": 0.0,
            "tolbutamide": 0.0,
            "pioglitazone": 0.0,
            "rosiglitazone": 0.0,
            "acarbose": 0.0,
            "miglitol": 0.0,
            "troglitazone": 0.0,
            "tolazamide": 0.0,
            "insulin": 0.0,
            "glyburide-metformin": 0.0,
            "glipizide-metformin": 0.0,
            "glimepiride-pioglitazone": 0.0,
            "metformin-rosiglitazone": 0.0,
            "metformin-pioglitazone": 0.0,
            "change": 0.0,
            "diabetesMed": 0.0
        },
        "Lime": {
            "race": 0.0,
            "gender": 0.0,
            "age": 0.0,
            "admission_type_id": 0.0,
            "discharge_disposition_id": 0.0,
            "admission_source_id": 0.0,
            "time_in_hospital": 0.0,
            "payer_code": 3.8537695202013103,
            "medical_specialty": 0.0,
            "num_lab_procedures": 0.0,
            "num_procedures": 0.0,
            "num_medications": 0.0,
            "number_outpatient": 0.0,
            "number_emergency": -9.698649013239192,
            "number_inpatient": -38.56517439301575,
            "diag_1": 0.0,
            "diag_2": 0.0,
            "diag_3": 11.575808123249224,
            "number_diagnoses": 3.1194107484195506,
            "metformin": 0.0,
            "repaglinide": 0.0,
            "nateglinide": 4.756631772820251,
            "chlorpropamide": 5.108456013654697,
            "glimepiride": 0.0,
            "acetohexamide": 0.0,
            "glipizide": -2.7262122041614023,
            "glyburide": 0.0,
            "tolbutamide": 0.0,
            "pioglitazone": 0.0,
            "rosiglitazone": 2.759283751495594,
            "acarbose": 6.189728764301907,
            "miglitol": -6.371777123677501,
            "troglitazone": 0.0,
            "tolazamide": 5.275098571763613,
            "insulin": 0.0,
            "glyburide-metformin": 0.0,
            "glipizide-metformin": 0.0,
            "glimepiride-pioglitazone": 0.0,
            "metformin-rosiglitazone": 0.0,
            "metformin-pioglitazone": 0.0,
            "change": 0.0,
            "diabetesMed": 0.0
        },
        "Inherent": {
            "number_inpatient": -64.94048756620666,
            "discharge_disposition_id": 35.05951243379335,
            "gender": 0.0,
            "age": 0.0,
            "admission_type_id": 0.0,
            "admission_source_id": 0.0,
            "time_in_hospital": 0.0,
            "payer_code": 0.0,
            "medical_specialty": 0.0,
            "race": 0.0,
            "num_lab_procedures": 0.0,
            "num_procedures": 0.0,
            "number_outpatient": 0.0,
            "num_medications": 0.0,
            "number_emergency": 0.0,
            "diag_1": 0.0,
            "diag_2": 0.0,
            "diag_3": 0.0,
            "number_diagnoses": 0.0,
            "metformin": 0.0,
            "repaglinide": 0.0,
            "nateglinide": 0.0,
            "chlorpropamide": 0.0,
            "glimepiride": 0.0,
            "acetohexamide": 0.0,
            "glipizide": 0.0,
            "glyburide": 0.0,
            "tolbutamide": 0.0,
            "pioglitazone": 0.0,
            "rosiglitazone": 0.0,
            "acarbose": 0.0,
            "miglitol": 0.0,
            "troglitazone": 0.0,
            "tolazamide": 0.0,
            "insulin": 0.0,
            "glyburide-metformin": 0.0,
            "glipizide-metformin": 0.0,
            "glimepiride-pioglitazone": 0.0,
            "metformin-rosiglitazone": 0.0,
            "metformin-pioglitazone": 0.0,
            "change": 0.0,
            "diabetesMed": 0.0
        }
    },
    "XGBOOST": {
        "SHAP": {
            "number_inpatient": -21.64167338218988,
            "payer_code": 11.06849457896793,
            "time_in_hospital": 10.636038447957167,
            "num_medications": 8.964736262956592,
            "admission_source_id": -6.53177421613523,
            "diabetesMed": 5.019791796954414,
            "age": -4.276147032803427,
            "diag_1": 3.517955564513351,
            "number_emergency": -3.2329079651956585,
            "number_diagnoses": 2.7869490129927557,
            "metformin": 2.657108271519398,
            "num_procedures": -2.554010527942301,
            "discharge_disposition_id": 2.3012688176550284,
            "medical_specialty": 2.3003291714763336,
            "diag_3": -1.7473296802592175,
            "race": -1.6989803323771233,
            "insulin": -1.6633743497209876,
            "num_lab_procedures": 1.5648465121692157,
            "gender": 1.3225807921086843,
            "glimepiride": 1.1922194993576747,
            "glipizide": -0.7199835685738037,
            "acarbose": 0.5666038004725027,
            "rosiglitazone": 0.48190606655418117,
            "pioglitazone": 0.47061328437947025,
            "admission_type_id": 0.44272040854297445,
            "glyburide-metformin": 0.29789053634080764,
            "number_outpatient": -0.16950776452241176,
            "diag_2": 0.07158305257979149,
            "change": 0.040516563266913296,
            "glyburide": 0.032759759416315995,
            "repaglinide": 0.02739898009844341,
            "acetohexamide": 0.0,
            "nateglinide": 0.0,
            "chlorpropamide": 0.0,
            "tolazamide": 0.0,
            "troglitazone": 0.0,
            "miglitol": 0.0,
            "tolbutamide": 0.0,
            "glimepiride-pioglitazone": 0.0,
            "glipizide-metformin": 0.0,
            "metformin-pioglitazone": 0.0,
            "metformin-rosiglitazone": 0.0
        },
        "Lime": {
            "race": 0.0,
            "gender": 0.0,
            "age": 0.0,
            "admission_type_id": 0.0,
            "discharge_disposition_id": -3.3879662321082424,
            "admission_source_id": 0.0,
            "time_in_hospital": 1.7021945746919314,
            "payer_code": 3.376935784277352,
            "medical_specialty": 0.0,
            "num_lab_procedures": 0.0,
            "num_procedures": -3.6081265134218636,
            "num_medications": 0.0,
            "number_outpatient": 0.0,
            "number_emergency": -8.891481527846228,
            "number_inpatient": -26.014913977275967,
            "diag_1": 2.551791087301949,
            "diag_2": 0.0,
            "diag_3": 4.377757758369533,
            "number_diagnoses": 0.0,
            "metformin": 3.3146161317823073,
            "repaglinide": -3.2321954840852922,
            "nateglinide": 4.112237064058611,
            "chlorpropamide": 6.818479016458329,
            "glimepiride": 8.988072325974708,
            "acetohexamide": 0.0,
            "glipizide": 0.0,
            "glyburide": 4.890417335133708,
            "tolbutamide": 0.0,
            "pioglitazone": 0.0,
            "rosiglitazone": 2.2909590976621512,
            "acarbose": 3.5003813861474082,
            "miglitol": 0.0,
            "troglitazone": 0.0,
            "tolazamide": 3.447427942735913,
            "insulin": 0.0,
            "glyburide-metformin": 0.0,
            "glipizide-metformin": 0.0,
            "glimepiride-pioglitazone": 0.0,
            "metformin-rosiglitazone": 0.0,
            "metformin-pioglitazone": 0.0,
            "change": 0.0,
            "diabetesMed": 5.494046760668528
        },
        "Inherent": {
            "race": -1.2510854005813599,
            "gender": 1.131518840789795,
            "age": -4.601317405700684,
            "admission_type_id": 0.41556650400161743,
            "discharge_disposition_id": 3.827448844909668,
            "admission_source_id": -6.4177117347717285,
            "time_in_hospital": 9.709426879882812,
            "payer_code": 8.71515941619873,
            "medical_specialty": 1.4836018085479736,
            "num_lab_procedures": 0.8625441193580627,
            "num_procedures": -2.6884305477142334,
            "num_medications": 6.921424865722656,
            "number_outpatient": -0.19733409583568573,
            "number_emergency": -2.998485803604126,
            "number_inpatient": -29.312440872192383,
            "diag_1": 0.6696702241897583,
            "diag_2": -0.398212730884552,
            "diag_3": -3.954165458679199,
            "number_diagnoses": 4.387513160705566,
            "metformin": 2.302710771560669,
            "repaglinide": 0.0027958396822214127,
            "nateglinide": -0.004454171750694513,
            "chlorpropamide": 0.023795077577233315,
            "glimepiride": 0.5965791940689087,
            "acetohexamide": 0.0,
            "glipizide": -0.5372574329376221,
            "glyburide": 0.11731353402137756,
            "tolbutamide": 0.0,
            "pioglitazone": 0.5354373455047607,
            "rosiglitazone": 0.22003096342086792,
            "acarbose": 0.08841690421104431,
            "miglitol": 0.0,
            "troglitazone": 0.0,
            "tolazamide": 0.0,
            "insulin": -1.6815390586853027,
            "glyburide-metformin": 0.02555207721889019,
            "glipizide-metformin": 0.0,
            "glimepiride-pioglitazone": 0.0,
            "metformin-rosiglitazone": 0.0,
            "metformin-pioglitazone": 0.0,
            "change": -0.11918795108795166,
            "diabetesMed": 3.8018715381622314
        }
    }
}