{
    "LogisticRegression": {
        "SHAP": {
            "age": -21.23872868405675,
            "number_inpatient": -17.513029828662827,
            "discharge_disposition_id": -7.607274799523635,
            "number_diagnoses": -7.3546401347142725,
            "insulin": 6.781791950817964,
            "diabetesMed": 6.73686879240082,
            "time_in_hospital": -4.371085770060015,
            "change": 3.5693726422953134,
            "metformin": 3.506292368454653,
            "payer_code": -3.0589366236384365,
            "admission_source_id": 2.717877104131148,
            "number_emergency": -2.4674401938325916,
            "diag_2": -1.906381624398577,
            "diag_1": -1.788296347057836,
            "glimepiride": 1.4871997923391937,
            "number_outpatient": -1.4477178697361643,
            "admission_type_id": -1.2639968600338134,
            "gender": -1.084646393614127,
            "diag_3": -0.5473473931104599,
            "glyburide": 0.5247464539754544,
            "num_procedures": 0.5049725849141518,
            "pioglitazone": 0.48021745762507373,
            "rosiglitazone": 0.46781619641808175,
            "num_lab_procedures": -0.33799426119405374,
            "num_medications": 0.2554933417910606,
            "glyburide-metformin": 0.20965148301716538,
            "acarbose": 0.20105474618612226,
            "race": 0.09642320387510946,
            "medical_specialty": 0.09508929033770319,
            "glipizide": 0.09073888279757593,
            "glipizide-metformin": -0.08387347393805533,
            "chlorpropamide": -0.05584630854637368,
            "tolazamide": 0.027986885797636942,
            "tolbutamide": -0.024569911002842258,
            "troglitazone": -0.021956777518720876,
            "repaglinide": 0.014527744678801484,
            "miglitol": -0.014492809199282215,
            "metformin-rosiglitazone": -0.0142579857983689,
            "acetohexamide": -0.008064579402606666,
            "nateglinide": 0.007380241383152528,
            "glimepiride-pioglitazone": -0.00723683858936262,
            "metformin-pioglitazone": -0.006683369134639628
        },
        "Lime": {
            "race": -40.9641347181855,
            "gender": 0.0,
            "age": 0.0,
            "admission_type_id": -13.869029230453805,
            "discharge_disposition_id": -25.359872133027466,
            "admission_source_id": 0.0,
            "time_in_hospital": 0.0,
            "payer_code": 0.0,
            "medical_specialty": 0.0,
            "num_lab_procedures": 0.0,
            "num_procedures": 0.0,
            "num_medications": 0.0,
            "number_outpatient": 0.0,
            "number_emergency": -19.80696391833324,
            "number_inpatient": 0.0,
            "diag_1": 0.0,
            "diag_2": 0.0,
            "diag_3": 0.0,
            "number_diagnoses": 0.0,
            "metformin": 0.0,
            "repaglinide": 0.0,
            "nateglinide": 0.0,
            "chlorpropamide": 0.0,
            "glimepiride": 0.0,
            "acetohexamide": 0.0,
            "glipizide": 0.0,
            "glyburide": 0.0,
            "tolbutamide": 0.0,
            "pioglitazone": 0.0,
            "rosiglitazone": 0.0,
            "acarbose": 0.0,
            "miglitol": 0.0,
            "troglitazone": 0.0,
            "tolazamide": 0.0,
            "insulin": 0.0,
            "glyburide-metformin": 0.0,
            "glipizide-metformin": 0.0,
            "glimepiride-pioglitazone": 0.0,
            "metformin-rosiglitazone": 0.0,
            "metformin-pioglitazone": 0.0,
            "change": 0.0,
            "diabetesMed": 0.0
        },
        "Inherent": {
            "insulin": 7.240745104087064,
            "diabetesMed": 5.541022936634193,
            "change": 3.7814169181424586,
            "metformin": 3.2021832737743594,
            "admission_source_id": 2.5416850960292217,
            "glimepiride": 1.0101609871730295,
            "num_medications": 0.7382041607066401,
            "pioglitazone": 0.5995239666303892,
            "glyburide": 0.5461166388755452,
            "num_procedures": 0.48707578261096085,
            "rosiglitazone": 0.38956973903009035,
            "race": 0.10639096204293787,
            "glyburide-metformin": 0.0971967824553074,
            "medical_specialty": 0.0843699518757663,
            "glipizide": 0.07467387129620301,
            "tolazamide": 0.03969817363384417,
            "nateglinide": 0.021642254396785295,
            "metformin-pioglitazone": -0.0,
            "troglitazone": -0.0,
            "miglitol": -0.0,
            "acarbose": -0.0,
            "tolbutamide": -0.0,
            "glimepiride-pioglitazone": -0.0,
            "glipizide-metformin": -0.0,
            "repaglinide": 0.0,
            "chlorpropamide": -0.0,
            "metformin-rosiglitazone": -0.0,
            "acetohexamide": -0.0,
            "num_lab_procedures": -0.357962484210289,
            "diag_3": -0.6147077207814159,
            "gender": -1.200455123964609,
            "admission_type_id": -1.2747121831870891,
            "number_outpatient": -1.4503612761668139,
            "diag_2": -1.8681762714883536,
            "diag_1": -1.9695767241560993,
            "number_emergency": -2.4263744767028594,
            "time_in_hospital": -3.336107345159587,
            "payer_code": -3.486899764980266,
            "number_diagnoses": -5.326949837242199,
            "discharge_disposition_id": -8.406566281702057,
            "number_inpatient": -20.609369045351247,
            "age": -21.170104865512315
        }
    },
    "DecisionTree": {
        "SHAP": {
            "discharge_disposition_id": -32.106167545296174,
            "number_inpatient": -29.35517759683512,
            "number_diagnoses": -20.5104631750776,
            "diag_1": -14.95082385257257,
            "payer_code": -1.4067263908152743,
            "num_medications": -0.6481765680200386,
            "admission_source_id": -0.5498229423637738,
            "medical_specialty": 0.4726419290194599,
            "gender": 0.0,
            "race": 0.0,
            "num_lab_procedures": 0.0,
            "time_in_hospital": 0.0,
            "admission_type_id": 0.0,
            "age": 0.0,
            "number_emergency": 0.0,
            "number_outpatient": 0.0,
            "diag_2": 0.0,
            "num_procedures": 0.0,
            "diag_3": 0.0,
            "metformin": 0.0,
            "repaglinide": 0.0,
            "nateglinide": 0.0,
            "chlorpropamide": 0.0,
            "glimepiride": 0.0,
            "acetohexamide": 0.0,
            "glipizide": 0.0,
            "glyburide": 0.0,
            "tolbutamide": 0.0,
            "pioglitazone": 0.0,
            "rosiglitazone": 0.0,
            "acarbose": 0.0,
            "miglitol": 0.0,
            "troglitazone": 0.0,
            "tolazamide": 0.0,
            "insulin": 0.0,
            "glyburide-metformin": 0.0,
            "glipizide-metformin": 0.0,
            "glimepiride-pioglitazone": 0.0,
            "metformin-rosiglitazone": 0.0,
            "metformin-pioglitazone": 0.0,
            "change": 0.0,
            "diabetesMed": 0.0
        },
        "Lime": {
            "race": 0.0,
            "gender": 0.0,
            "age": 0.0,
            "admission_type_id": 0.0,
            "discharge_disposition_id": -15.755307197047832,
            "admission_source_id": 0.0,
            "time_in_hospital": 0.0,
            "payer_code": 0.0,
            "medical_specialty": 0.0,
            "num_lab_procedures": 0.0,
            "num_procedures": 0.0,
            "num_medications": 0.0,
            "number_outpatient": 0.0,
            "number_emergency": -3.204133581838079,
            "number_inpatient": -32.19043680345789,
            "diag_1": -7.549998832473956,
            "diag_2": -5.782725136997943,
            "diag_3": 0.0,
            "number_diagnoses": -6.83381950541936,
            "metformin": 0.0,
            "repaglinide": -8.892598647877808,
            "nateglinide": 6.100316148127307,
            "chlorpropamide": 0.0,
            "glimepiride": 0.0,
            "acetohexamide": 0.0,
            "glipizide": 0.0,
            "glyburide": 3.1960493493976845,
            "tolbutamide": 0.0,
            "pioglitazone": 4.671848815891825,
            "rosiglitazone": 0.0,
            "acarbose": -3.173798009994865,
            "miglitol": 0.0,
            "troglitazone": 0.0,
            "tolazamide": 0.0,
            "insulin": -2.6489679714754506,
            "glyburide-metformin": 0.0,
            "glipizide-metformin": 0.0,
            "glimepiride-pioglitazone": 0.0,
            "metformin-rosiglitazone": 0.0,
            "metformin-pioglitazone": 0.0,
            "change": 0.0,
            "diabetesMed": 0.0
        },
        "Inherent": {
            "number_inpatient": -31.60851789225841,
            "diag_1": -26.957267844138,
            "discharge_disposition_id": -22.027735752003924,
            "number_diagnoses": -19.40647851159967,
            "gender": 0.0,
            "admission_source_id": 0.0,
            "time_in_hospital": 0.0,
            "age": 0.0,
            "admission_type_id": 0.0,
            "race": 0.0,
            "num_lab_procedures": 0.0,
            "medical_specialty": 0.0,
            "payer_code": 0.0,
            "num_procedures": 0.0,
            "number_emergency": 0.0,
            "number_outpatient": 0.0,
            "diag_2": 0.0,
            "num_medications": 0.0,
            "diag_3": 0.0,
            "metformin": 0.0,
            "repaglinide": 0.0,
            "nateglinide": 0.0,
            "chlorpropamide": 0.0,
            "glimepiride": 0.0,
            "acetohexamide": 0.0,
            "glipizide": 0.0,
            "glyburide": 0.0,
            "tolbutamide": 0.0,
            "pioglitazone": 0.0,
            "rosiglitazone": 0.0,
            "acarbose": 0.0,
            "miglitol": 0.0,
            "troglitazone": 0.0,
            "tolazamide": 0.0,
            "insulin": 0.0,
            "glyburide-metformin": 0.0,
            "glipizide-metformin": 0.0,
            "glimepiride-pioglitazone": 0.0,
            "metformin-rosiglitazone": 0.0,
            "metformin-pioglitazone": 0.0,
            "change": 0.0,
            "diabetesMed": 0.0
        }
    },
    "XGBOOST": {
        "SHAP": {
            "number_inpatient": -16.61843344959144,
            "discharge_disposition_id": -14.138017710505263,
            "diag_3": 10.322094974990126,
            "race": -8.614646198862191,
            "diag_1": -6.410089038921371,
            "insulin": 5.619584415680149,
            "number_diagnoses": -5.19927794115641,
            "number_outpatient": 4.418200135382721,
            "diag_2": -4.052565720068075,
            "diabetesMed": 3.2593612945899935,
            "num_procedures": 2.822703953949482,
            "time_in_hospital": -2.352599312868405,
            "num_lab_procedures": 2.3345214708379736,
            "number_emergency": -1.9126614742923875,
            "medical_specialty": 1.6277469630090124,
            "num_medications": 1.545268630284386,
            "metformin": 1.482198848928491,
            "payer_code": -1.4363516953575846,
            "gender": -1.0022087890715061,
            "admission_type_id": -0.925867413409556,
            "age": 0.8695048419224607,
            "glyburide": 0.5871637808731939,
            "glimepiride": 0.58241735159063,
            "admission_source_id": -0.4912066830086662,
            "pioglitazone": 0.3862440735691423,
            "change": 0.28953759311320443,
            "acarbose": 0.25385111542348443,
            "glipizide": -0.20455840358854618,
            "glyburide-metformin": 0.1406030959359555,
            "rosiglitazone": 0.08542541582849021,
            "repaglinide": 0.015088213389700969,
            "acetohexamide": 0.0,
            "nateglinide": 0.0,
            "chlorpropamide": 0.0,
            "tolazamide": 0.0,
            "troglitazone": 0.0,
            "miglitol": 0.0,
            "tolbutamide": 0.0,
            "glimepiride-pioglitazone": 0.0,
            "glipizide-metformin": 0.0,
            "metformin-pioglitazone": 0.0,
            "metformin-rosiglitazone": 0.0
        },
        "Lime": {
            "race": -2.6148278036146015,
            "gender": 0.0,
            "age": 0.0,
            "admission_type_id": 0.0,
            "discharge_disposition_id": -9.152019815747188,
            "admission_source_id": 3.911798684272003,
            "time_in_hospital": 0.0,
            "payer_code": 0.0,
            "medical_specialty": 0.0,
            "num_lab_procedures": 0.0,
            "num_procedures": 0.0,
            "num_medications": 4.069769517040199,
            "number_outpatient": 2.7229482835194063,
            "number_emergency": -4.469648151981615,
            "number_inpatient": -22.461955585340956,
            "diag_1": -8.44021308286639,
            "diag_2": 0.0,
            "diag_3": 1.7484388040687404,
            "number_diagnoses": 0.0,
            "metformin": 3.232493697765403,
            "repaglinide": -3.7491253254309256,
            "nateglinide": 0.0,
            "chlorpropamide": 0.0,
            "glimepiride": 6.865702109770404,
            "acetohexamide": 0.0,
            "glipizide": 0.0,
            "glyburide": 0.0,
            "tolbutamide": 0.0,
            "pioglitazone": 2.628310584842245,
            "rosiglitazone": 0.0,
            "acarbose": 7.000521319389212,
            "miglitol": 0.0,
            "troglitazone": 0.0,
            "tolazamide": 0.0,
            "insulin": 7.390701969199977,
            "glyburide-metformin": 0.0,
            "glipizide-metformin": 0.0,
            "glimepiride-pioglitazone": 0.0,
            "metformin-rosiglitazone": 0.0,
            "metformin-pioglitazone": 0.0,
            "change": 0.0,
            "diabetesMed": 9.54152526515072
        },
        "Inherent": {
            "race": -8.084090232849121,
            "gender": -1.084405779838562,
            "age": 1.683608055114746,
            "admission_type_id": -0.7480955123901367,
            "discharge_disposition_id": -13.935173988342285,
            "admission_source_id": -0.6940891742706299,
            "time_in_hospital": -2.5033791065216064,
            "payer_code": -1.952745795249939,
            "medical_specialty": 1.0316802263259888,
            "num_lab_procedures": 2.689925193786621,
            "num_procedures": 2.1865234375,
            "num_medications": 0.04754266142845154,
            "number_outpatient": 4.271943092346191,
            "number_emergency": -1.9366260766983032,
            "number_inpatient": -21.406681060791016,
            "diag_1": -7.51258659362793,
            "diag_2": -4.445715427398682,
            "diag_3": 8.594242095947266,
            "number_diagnoses": -3.8426268100738525,
            "metformin": 1.311970829963684,
            "repaglinide": -0.004879780579358339,
            "nateglinide": 0.00933742243796587,
            "chlorpropamide": 0.011531684547662735,
            "glimepiride": 0.37269458174705505,
            "acetohexamide": 0.0,
            "glipizide": -0.23273694515228271,
            "glyburide": 0.35718047618865967,
            "tolbutamide": 0.0,
            "pioglitazone": 0.4712980389595032,
            "rosiglitazone": 0.04551010578870773,
            "acarbose": 0.03676672652363777,
            "miglitol": 0.0,
            "troglitazone": 0.0,
            "tolazamide": 0.0,
            "insulin": 5.807802677154541,
            "glyburide-metformin": 0.008651655167341232,
            "glipizide-metformin": 0.0,
            "glimepiride-pioglitazone": 0.0,
            "metformin-rosiglitazone": 0.0,
            "metformin-pioglitazone": 0.0,
            "change": 0.25304704904556274,
            "diabetesMed": 2.4249088764190674
        }
    }
}