{
    "LogisticRegression": {
        "SHAP": {
            "number_inpatient": -20.80799286113723,
            "payer_code": -9.409968393447354,
            "discharge_disposition_id": -9.038534238211996,
            "number_diagnoses": -8.738367998945654,
            "diabetesMed": 8.004366983334126,
            "age": -7.251495924901747,
            "glyburide-metformin": -7.245953011148271,
            "num_procedures": -5.8387815369299725,
            "metformin": 4.165978547724258,
            "change": -3.4325740998744894,
            "number_emergency": -2.931673070899565,
            "time_in_hospital": -2.3665071188701354,
            "insulin": 2.1803827848664366,
            "glimepiride": 1.7670067923616108,
            "diag_1": 1.4363808107536264,
            "gender": -1.2887155812549789,
            "glyburide": 0.6234740975749267,
            "pioglitazone": 0.5705672592244395,
            "rosiglitazone": 0.5558327811136413,
            "num_lab_procedures": -0.4015856903595653,
            "admission_source_id": -0.32354600713623144,
            "num_medications": 0.30356275779051756,
            "acarbose": 0.23888189332559462,
            "diag_2": 0.21770197001990993,
            "number_outpatient": 0.17194056969210497,
            "admission_type_id": -0.14911590710020856,
            "glipizide": 0.10781081537298388,
            "glipizide-metformin": -0.09965372434217394,
            "chlorpropamide": -0.06635342947066382,
            "medical_specialty": 0.036671940585065226,
            "race": 0.03593171333079837,
            "tolazamide": 0.03325243693296197,
            "tolbutamide": -0.029192580481372608,
            "troglitazone": -0.026087802872086258,
            "diag_3": -0.01784588399130968,
            "repaglinide": 0.01726104566270853,
            "miglitol": -0.017219537299190096,
            "metformin-rosiglitazone": -0.016940533397658723,
            "acetohexamide": -0.009581877737846946,
            "nateglinide": 0.008768785956315176,
            "glimepiride-pioglitazone": -0.008598402856495185,
            "metformin-pioglitazone": -0.007940801711781503
        },
        "Lime": {
            "race": -42.604759498960284,
            "gender": 0.0,
            "age": 0.0,
            "admission_type_id": 0.0,
            "discharge_disposition_id": -23.940097632172343,
            "admission_source_id": 0.0,
            "time_in_hospital": 0.0,
            "payer_code": 0.0,
            "medical_specialty": 0.0,
            "num_lab_procedures": 0.0,
            "num_procedures": 0.0,
            "num_medications": 0.0,
            "number_outpatient": 0.0,
            "number_emergency": -33.455142868867384,
            "number_inpatient": 0.0,
            "diag_1": 0.0,
            "diag_2": 0.0,
            "diag_3": 0.0,
            "number_diagnoses": 0.0,
            "metformin": 0.0,
            "repaglinide": 0.0,
            "nateglinide": 0.0,
            "chlorpropamide": 0.0,
            "glimepiride": 0.0,
            "acetohexamide": 0.0,
            "glipizide": 0.0,
            "glyburide": 0.0,
            "tolbutamide": 0.0,
            "pioglitazone": 0.0,
            "rosiglitazone": 0.0,
            "acarbose": 0.0,
            "miglitol": 0.0,
            "troglitazone": 0.0,
            "tolazamide": 0.0,
            "insulin": 0.0,
            "glyburide-metformin": 0.0,
            "glipizide-metformin": 0.0,
            "glimepiride-pioglitazone": 0.0,
            "metformin-rosiglitazone": 0.0,
            "metformin-pioglitazone": 0.0,
            "change": 0.0,
            "diabetesMed": 0.0
        },
        "Inherent": {
            "diabetesMed": 6.573572566865769,
            "metformin": 3.7988985722094677,
            "insulin": 2.5619393168283087,
            "diag_1": 1.3158635639268375,
            "glimepiride": 1.1984008421073702,
            "num_medications": 0.8757658423473335,
            "pioglitazone": 0.7112430945131554,
            "glyburide": 0.6478835039441065,
            "rosiglitazone": 0.4621646541901549,
            "diag_2": 0.33012655594635726,
            "number_outpatient": 0.21993026113843764,
            "glipizide": 0.0885890777619771,
            "tolazamide": 0.047095785045175656,
            "race": 0.0455669914800649,
            "nateglinide": 0.02567521041056287,
            "medical_specialty": 0.02182718417082251,
            "tolbutamide": -0.0,
            "acarbose": -0.0,
            "troglitazone": -0.0,
            "miglitol": -0.0,
            "glimepiride-pioglitazone": -0.0,
            "glipizide-metformin": -0.0,
            "metformin-pioglitazone": -0.0,
            "acetohexamide": -0.0,
            "chlorpropamide": -0.0,
            "repaglinide": 0.0,
            "metformin-rosiglitazone": -0.0,
            "diag_3": -0.08055403862391494,
            "admission_type_id": -0.12486469532222262,
            "num_lab_procedures": -0.42466750148506427,
            "admission_source_id": -0.6285710181953257,
            "time_in_hospital": -1.0583071813432965,
            "gender": -1.4241556046401487,
            "number_emergency": -2.87852060520178,
            "change": -3.384228484091703,
            "num_procedures": -6.026051941762735,
            "number_diagnoses": -6.3196077178550665,
            "age": -6.670712143656796,
            "glyburide-metformin": -7.571961090841251,
            "discharge_disposition_id": -9.973099574372622,
            "payer_code": -10.060304778810023,
            "number_inpatient": -24.449850600912146
        }
    },
    "DecisionTree": {
        "SHAP": {
            "number_inpatient": -32.84691517790487,
            "discharge_disposition_id": -32.54683820445884,
            "number_diagnoses": -22.137392717525252,
            "diag_1": 8.772853279259268,
            "payer_code": -1.8300514922440165,
            "num_medications": -1.3677707451187717,
            "medical_specialty": -0.30743685237818796,
            "admission_source_id": 0.19074153111080736,
            "gender": 0.0,
            "race": 0.0,
            "num_lab_procedures": 0.0,
            "time_in_hospital": 0.0,
            "admission_type_id": 0.0,
            "age": 0.0,
            "number_emergency": 0.0,
            "number_outpatient": 0.0,
            "diag_2": 0.0,
            "num_procedures": 0.0,
            "diag_3": 0.0,
            "metformin": 0.0,
            "repaglinide": 0.0,
            "nateglinide": 0.0,
            "chlorpropamide": 0.0,
            "glimepiride": 0.0,
            "acetohexamide": 0.0,
            "glipizide": 0.0,
            "glyburide": 0.0,
            "tolbutamide": 0.0,
            "pioglitazone": 0.0,
            "rosiglitazone": 0.0,
            "acarbose": 0.0,
            "miglitol": 0.0,
            "troglitazone": 0.0,
            "tolazamide": 0.0,
            "insulin": 0.0,
            "glyburide-metformin": 0.0,
            "glipizide-metformin": 0.0,
            "glimepiride-pioglitazone": 0.0,
            "metformin-rosiglitazone": 0.0,
            "metformin-pioglitazone": 0.0,
            "change": 0.0,
            "diabetesMed": 0.0
        },
        "Lime": {
            "race": 0.0,
            "gender": 0.0,
            "age": 0.0,
            "admission_type_id": 0.0,
            "discharge_disposition_id": -20.129033981839402,
            "admission_source_id": 0.0,
            "time_in_hospital": 0.0,
            "payer_code": 0.0,
            "medical_specialty": 0.0,
            "num_lab_procedures": 0.0,
            "num_procedures": 0.0,
            "num_medications": 0.0,
            "number_outpatient": 3.0851153307368957,
            "number_emergency": 0.0,
            "number_inpatient": -35.092510023721964,
            "diag_1": 0.0,
            "diag_2": 0.0,
            "diag_3": -2.9224025046058615,
            "number_diagnoses": -8.188058333535988,
            "metformin": 0.0,
            "repaglinide": 0.0,
            "nateglinide": -15.208479041443312,
            "chlorpropamide": 0.0,
            "glimepiride": 0.0,
            "acetohexamide": 0.0,
            "glipizide": 4.7670712560588875,
            "glyburide": 0.0,
            "tolbutamide": 0.0,
            "pioglitazone": 4.326922558699159,
            "rosiglitazone": 0.0,
            "acarbose": 6.2804069693585305,
            "miglitol": 0.0,
            "troglitazone": 0.0,
            "tolazamide": 0.0,
            "insulin": 0.0,
            "glyburide-metformin": 0.0,
            "glipizide-metformin": 0.0,
            "glimepiride-pioglitazone": 0.0,
            "metformin-rosiglitazone": 0.0,
            "metformin-pioglitazone": 0.0,
            "change": 0.0,
            "diabetesMed": 0.0
        },
        "Inherent": {
            "number_inpatient": -39.273799514568424,
            "discharge_disposition_id": -27.369612223924538,
            "number_diagnoses": -24.11268218732319,
            "diag_1": 9.243906074183842,
            "gender": 0.0,
            "admission_source_id": 0.0,
            "time_in_hospital": 0.0,
            "age": 0.0,
            "admission_type_id": 0.0,
            "race": 0.0,
            "num_lab_procedures": 0.0,
            "medical_specialty": 0.0,
            "payer_code": 0.0,
            "num_procedures": 0.0,
            "number_emergency": 0.0,
            "number_outpatient": 0.0,
            "diag_2": 0.0,
            "num_medications": 0.0,
            "diag_3": 0.0,
            "metformin": 0.0,
            "repaglinide": 0.0,
            "nateglinide": 0.0,
            "chlorpropamide": 0.0,
            "glimepiride": 0.0,
            "acetohexamide": 0.0,
            "glipizide": 0.0,
            "glyburide": 0.0,
            "tolbutamide": 0.0,
            "pioglitazone": 0.0,
            "rosiglitazone": 0.0,
            "acarbose": 0.0,
            "miglitol": 0.0,
            "troglitazone": 0.0,
            "tolazamide": 0.0,
            "insulin": 0.0,
            "glyburide-metformin": 0.0,
            "glipizide-metformin": 0.0,
            "glimepiride-pioglitazone": 0.0,
            "metformin-rosiglitazone": 0.0,
            "metformin-pioglitazone": 0.0,
            "change": 0.0,
            "diabetesMed": 0.0
        }
    },
    "XGBOOST": {
        "SHAP": {
            "number_inpatient": -18.670936427130098,
            "discharge_disposition_id": -16.530263458080395,
            "age": -9.720128566859003,
            "glyburide-metformin": -7.939292566535867,
            "medical_specialty": -7.191396432098703,
            "num_lab_procedures": 6.637212199563401,
            "number_diagnoses": -5.758790595275098,
            "diabetesMed": 5.048820150615921,
            "time_in_hospital": 3.046954620300228,
            "num_medications": 3.002385724735055,
            "number_emergency": -2.5228414148588705,
            "num_procedures": -2.3166255524990875,
            "metformin": 1.6651095429661806,
            "diag_1": 1.5626274659600567,
            "payer_code": -1.4911880299234441,
            "diag_2": 1.2922947978354455,
            "diag_3": -1.200821969491226,
            "admission_source_id": 0.7562614088137192,
            "glimepiride": 0.7266540982326313,
            "glipizide": -0.5447149125761994,
            "insulin": -0.4772530656421789,
            "race": 0.40393124626743726,
            "pioglitazone": 0.40031367290584363,
            "acarbose": 0.31709172440982675,
            "change": -0.19919176871113906,
            "admission_type_id": 0.15378392886672568,
            "glyburide": 0.13543299136441136,
            "rosiglitazone": 0.1267038975131919,
            "gender": -0.09540944915149602,
            "number_outpatient": -0.04684071993830882,
            "repaglinide": 0.01872760087881974,
            "acetohexamide": 0.0,
            "nateglinide": 0.0,
            "chlorpropamide": 0.0,
            "tolazamide": 0.0,
            "troglitazone": 0.0,
            "miglitol": 0.0,
            "tolbutamide": 0.0,
            "glimepiride-pioglitazone": 0.0,
            "glipizide-metformin": 0.0,
            "metformin-pioglitazone": 0.0,
            "metformin-rosiglitazone": 0.0
        },
        "Lime": {
            "race": 2.275420168507377,
            "gender": 0.0,
            "age": -2.223351319971756,
            "admission_type_id": 0.0,
            "discharge_disposition_id": -7.45963524559888,
            "admission_source_id": 0.0,
            "time_in_hospital": 0.0,
            "payer_code": -3.218034423676856,
            "medical_specialty": 0.0,
            "num_lab_procedures": 0.0,
            "num_procedures": 0.0,
            "num_medications": 2.6963673317178447,
            "number_outpatient": 3.2770286080633246,
            "number_emergency": -5.928233088801774,
            "number_inpatient": -23.577330242906246,
            "diag_1": 0.0,
            "diag_2": 0.0,
            "diag_3": 0.0,
            "number_diagnoses": -6.592415044477566,
            "metformin": 6.605816315958666,
            "repaglinide": -2.39256030532349,
            "nateglinide": -3.0743697264099588,
            "chlorpropamide": 0.0,
            "glimepiride": 6.055883331379476,
            "acetohexamide": 0.0,
            "glipizide": 2.869022666048709,
            "glyburide": -3.4097430328301823,
            "tolbutamide": 0.0,
            "pioglitazone": 0.0,
            "rosiglitazone": 5.7731880498941335,
            "acarbose": 3.0356545965185746,
            "miglitol": 0.0,
            "troglitazone": 0.0,
            "tolazamide": 0.0,
            "insulin": 0.0,
            "glyburide-metformin": 0.0,
            "glipizide-metformin": 0.0,
            "glimepiride-pioglitazone": 0.0,
            "metformin-rosiglitazone": 0.0,
            "metformin-pioglitazone": 0.0,
            "change": 2.410336764229084,
            "diabetesMed": 7.125609737686112
        },
        "Inherent": {
            "race": 0.5727442502975464,
            "gender": -0.07267071306705475,
            "age": -10.054898262023926,
            "admission_type_id": 0.10030213743448257,
            "discharge_disposition_id": -16.636653900146484,
            "admission_source_id": 0.4512838125228882,
            "time_in_hospital": 2.884538173675537,
            "payer_code": -1.3607594966888428,
            "medical_specialty": -7.183809757232666,
            "num_lab_procedures": 5.898621082305908,
            "num_procedures": -2.363839864730835,
            "num_medications": 1.3938755989074707,
            "number_outpatient": -0.10874606668949127,
            "number_emergency": -2.4896481037139893,
            "number_inpatient": -24.960350036621094,
            "diag_1": -0.1998484879732132,
            "diag_2": 0.6502126455307007,
            "diag_3": -2.713548183441162,
            "number_diagnoses": -4.177884578704834,
            "metformin": 1.5324554443359375,
            "repaglinide": 0.0017240383895114064,
            "nateglinide": 0.015866326168179512,
            "chlorpropamide": 0.018772119656205177,
            "glimepiride": 0.4406890273094177,
            "acetohexamide": 0.0,
            "glipizide": -0.5418921709060669,
            "glyburide": 0.2094724029302597,
            "tolbutamide": 0.0,
            "pioglitazone": 0.4833299517631531,
            "rosiglitazone": 0.0496053546667099,
            "acarbose": 0.04668319225311279,
            "miglitol": 0.0,
            "troglitazone": 0.0,
            "tolazamide": 0.0,
            "insulin": -0.7289611101150513,
            "glyburide-metformin": -7.518917083740234,
            "glipizide-metformin": 0.0,
            "glimepiride-pioglitazone": 0.0,
            "metformin-rosiglitazone": 0.0,
            "metformin-pioglitazone": 0.0,
            "change": -0.34597423672676086,
            "diabetesMed": 3.791419744491577
        }
    }
}