{
    "LogisticRegression": {
        "SHAP": {
            "number_inpatient": 24.485186862112432,
            "age": -16.035711784859032,
            "discharge_disposition_id": -7.53312329569118,
            "number_diagnoses": -7.282951173751571,
            "diabetesMed": 6.671201524523269,
            "time_in_hospital": -4.328478845534179,
            "payer_code": 4.191240477276557,
            "metformin": 3.4721149713119273,
            "num_medications": -3.330853856675279,
            "insulin": -3.0812275101392173,
            "change": -2.860862528642247,
            "admission_source_id": 2.6913847425674846,
            "diag_1": -2.6279373633116263,
            "number_emergency": -2.4433889526442507,
            "diag_2": 2.115198531386584,
            "glimepiride": 1.4727033919846053,
            "admission_type_id": -1.2516761183121026,
            "gender": -1.0740738609618332,
            "glyburide": 0.5196315160090402,
            "num_procedures": 0.5000503916777655,
            "pioglitazone": 0.47553656366660557,
            "rosiglitazone": 0.4632561830892939,
            "glyburide-metformin": 0.2076079164107112,
            "acarbose": 0.1990949758116792,
            "number_outpatient": 0.143303048579062,
            "race": -0.10112530189103242,
            "glipizide": 0.08985441039545652,
            "glipizide-metformin": -0.083055921741236,
            "chlorpropamide": -0.05530194964370013,
            "medical_specialty": -0.04010078853387333,
            "tolazamide": 0.027714085126677626,
            "num_lab_procedures": 0.025234470866201723,
            "tolbutamide": -0.02433041711075827,
            "troglitazone": -0.02174275500537224,
            "repaglinide": 0.014386136265326721,
            "miglitol": -0.014351541317523704,
            "metformin-rosiglitazone": -0.01411900684513889,
            "acetohexamide": -0.00798597034663869,
            "nateglinide": 0.007308302875391306,
            "glimepiride-pioglitazone": -0.007166297892656411,
            "metformin-pioglitazone": -0.006618223351811858,
            "diag_3": 0.0018080338616757686
        },
        "Lime": {
            "race": -26.737379415335198,
            "gender": 0.0,
            "age": 0.0,
            "admission_type_id": 0.0,
            "discharge_disposition_id": -9.945959764310151,
            "admission_source_id": 0.0,
            "time_in_hospital": 0.0,
            "payer_code": 0.0,
            "medical_specialty": 0.0,
            "num_lab_procedures": 0.0,
            "num_procedures": 0.0,
            "num_medications": 0.0,
            "number_outpatient": 0.0,
            "number_emergency": -15.238801945485992,
            "number_inpatient": 48.07785887486865,
            "diag_1": 0.0,
            "diag_2": 0.0,
            "diag_3": 0.0,
            "number_diagnoses": 0.0,
            "metformin": 0.0,
            "repaglinide": 0.0,
            "nateglinide": 0.0,
            "chlorpropamide": 0.0,
            "glimepiride": 0.0,
            "acetohexamide": 0.0,
            "glipizide": 0.0,
            "glyburide": 0.0,
            "tolbutamide": 0.0,
            "pioglitazone": 0.0,
            "rosiglitazone": 0.0,
            "acarbose": 0.0,
            "miglitol": 0.0,
            "troglitazone": 0.0,
            "tolazamide": 0.0,
            "insulin": 0.0,
            "glyburide-metformin": 0.0,
            "glipizide-metformin": 0.0,
            "glimepiride-pioglitazone": 0.0,
            "metformin-rosiglitazone": 0.0,
            "metformin-pioglitazone": 0.0,
            "change": 0.0,
            "diabetesMed": 0.0
        },
        "Inherent": {
            "number_inpatient": 24.338529415579675,
            "diabetesMed": 5.920438740031528,
            "payer_code": 4.276952830079057,
            "metformin": 3.421449455008148,
            "admission_source_id": 2.7157243490193457,
            "diag_2": 2.440585062379956,
            "glimepiride": 1.0793307139350183,
            "pioglitazone": 0.6405757489558381,
            "glyburide": 0.5835114097792515,
            "num_procedures": 0.5204277920662728,
            "rosiglitazone": 0.41624512319718354,
            "number_outpatient": 0.19807853718880916,
            "glyburide-metformin": 0.10385223140844191,
            "glipizide": 0.07978708724831893,
            "tolazamide": 0.042416464934013576,
            "nateglinide": 0.023124185338632957,
            "num_lab_procedures": 0.016455839131454184,
            "tolbutamide": -0.0,
            "troglitazone": -0.0,
            "miglitol": -0.0,
            "glimepiride-pioglitazone": -0.0,
            "glipizide-metformin": -0.0,
            "metformin-pioglitazone": -0.0,
            "acetohexamide": -0.0,
            "chlorpropamide": -0.0,
            "repaglinide": 0.0,
            "metformin-rosiglitazone": -0.0,
            "acarbose": -0.0,
            "diag_3": -0.05406150337790897,
            "medical_specialty": -0.05866218555708708,
            "race": -0.10423324034092385,
            "gender": -1.282655044540673,
            "admission_type_id": -1.3619967789404652,
            "number_emergency": -2.59251795453156,
            "change": -3.047979955880789,
            "diag_1": -3.0543690448479826,
            "insulin": -3.12176482971616,
            "num_medications": -3.183380073850728,
            "time_in_hospital": -3.56454383839532,
            "number_diagnoses": -5.691707207003649,
            "discharge_disposition_id": -8.982197196076577,
            "age": -17.082446161659217
        }
    },
    "DecisionTree": {
        "SHAP": {
            "number_inpatient": 40.52352604226836,
            "discharge_disposition_id": -29.77435203210641,
            "number_diagnoses": -9.071921794063016,
            "diag_1": -7.000216349405706,
            "payer_code": 5.455339691346167,
            "num_medications": -4.053099877294186,
            "admission_source_id": -2.985128364632919,
            "number_emergency": -0.7927426428037482,
            "medical_specialty": -0.3436732060794819,
            "gender": 0.0,
            "num_lab_procedures": 0.0,
            "time_in_hospital": 0.0,
            "admission_type_id": 0.0,
            "age": 0.0,
            "race": 0.0,
            "number_outpatient": 0.0,
            "diag_2": 0.0,
            "num_procedures": 0.0,
            "diag_3": 0.0,
            "metformin": 0.0,
            "repaglinide": 0.0,
            "nateglinide": 0.0,
            "chlorpropamide": 0.0,
            "glimepiride": 0.0,
            "acetohexamide": 0.0,
            "glipizide": 0.0,
            "glyburide": 0.0,
            "tolbutamide": 0.0,
            "pioglitazone": 0.0,
            "rosiglitazone": 0.0,
            "acarbose": 0.0,
            "miglitol": 0.0,
            "troglitazone": 0.0,
            "tolazamide": 0.0,
            "insulin": 0.0,
            "glyburide-metformin": 0.0,
            "glipizide-metformin": 0.0,
            "glimepiride-pioglitazone": 0.0,
            "metformin-rosiglitazone": 0.0,
            "metformin-pioglitazone": 0.0,
            "change": 0.0,
            "diabetesMed": 0.0
        },
        "Lime": {
            "race": 0.0,
            "gender": 0.0,
            "age": 0.0,
            "admission_type_id": 0.0,
            "discharge_disposition_id": -20.46033686935635,
            "admission_source_id": 0.0,
            "time_in_hospital": -3.817124844680856,
            "payer_code": 6.508382166907962,
            "medical_specialty": 0.0,
            "num_lab_procedures": 0.0,
            "num_procedures": 0.0,
            "num_medications": 0.0,
            "number_outpatient": 0.0,
            "number_emergency": -4.047569427362219,
            "number_inpatient": 14.360673821241129,
            "diag_1": 5.044175439110177,
            "diag_2": -5.759983468573606,
            "diag_3": 7.8685444009508565,
            "number_diagnoses": -6.463726939351101,
            "metformin": 0.0,
            "repaglinide": 0.0,
            "nateglinide": -9.982076619936068,
            "chlorpropamide": -2.6959582844369763,
            "glimepiride": 0.0,
            "acetohexamide": 0.0,
            "glipizide": 0.0,
            "glyburide": 0.0,
            "tolbutamide": 0.0,
            "pioglitazone": 0.0,
            "rosiglitazone": -3.345174160191204,
            "acarbose": 9.6462735579015,
            "miglitol": 0.0,
            "troglitazone": 0.0,
            "tolazamide": 0.0,
            "insulin": 0.0,
            "glyburide-metformin": 0.0,
            "glipizide-metformin": 0.0,
            "glimepiride-pioglitazone": 0.0,
            "metformin-rosiglitazone": 0.0,
            "metformin-pioglitazone": 0.0,
            "change": 0.0,
            "diabetesMed": 0.0
        },
        "Inherent": {
            "number_inpatient": 41.339934239452816,
            "discharge_disposition_id": -36.13740178542741,
            "num_medications": -17.559753757631547,
            "number_emergency": -4.962910217488232,
            "gender": 0.0,
            "admission_source_id": 0.0,
            "time_in_hospital": 0.0,
            "age": 0.0,
            "admission_type_id": 0.0,
            "race": 0.0,
            "num_lab_procedures": 0.0,
            "medical_specialty": 0.0,
            "payer_code": 0.0,
            "num_procedures": 0.0,
            "number_outpatient": 0.0,
            "diag_1": 0.0,
            "diag_2": 0.0,
            "diag_3": 0.0,
            "number_diagnoses": 0.0,
            "metformin": 0.0,
            "repaglinide": 0.0,
            "nateglinide": 0.0,
            "chlorpropamide": 0.0,
            "glimepiride": 0.0,
            "acetohexamide": 0.0,
            "glipizide": 0.0,
            "glyburide": 0.0,
            "tolbutamide": 0.0,
            "pioglitazone": 0.0,
            "rosiglitazone": 0.0,
            "acarbose": 0.0,
            "miglitol": 0.0,
            "troglitazone": 0.0,
            "tolazamide": 0.0,
            "insulin": 0.0,
            "glyburide-metformin": 0.0,
            "glipizide-metformin": 0.0,
            "glimepiride-pioglitazone": 0.0,
            "metformin-rosiglitazone": 0.0,
            "metformin-pioglitazone": 0.0,
            "change": 0.0,
            "diabetesMed": 0.0
        }
    },
    "XGBOOST": {
        "SHAP": {
            "number_inpatient": 22.36307377687346,
            "discharge_disposition_id": -12.50455286518024,
            "diag_2": 10.672436836841658,
            "diag_1": -9.050200378373775,
            "payer_code": 6.751148571894761,
            "diag_3": -6.417180336344708,
            "number_diagnoses": -4.109655864179327,
            "diabetesMed": 3.8801144776283216,
            "metformin": 2.6880716050084184,
            "number_emergency": -2.5020217522100174,
            "num_lab_procedures": 2.43188864847259,
            "num_procedures": 2.1361479671976156,
            "insulin": -1.6691513571044179,
            "medical_specialty": 1.6651118910107499,
            "admission_type_id": -1.5526527866273778,
            "admission_source_id": 1.310653639242287,
            "time_in_hospital": -1.2990577197734527,
            "num_medications": -0.9909608708606903,
            "race": -0.9682968154915228,
            "age": -0.8626401286363106,
            "gender": -0.7637721281585507,
            "glimepiride": 0.6430047302507761,
            "glyburide": 0.5391004364487714,
            "pioglitazone": 0.4747746211010194,
            "glyburide-metformin": 0.4109362625003494,
            "glipizide": -0.36698859751336566,
            "change": 0.36422430160386543,
            "acarbose": 0.2431770558928268,
            "rosiglitazone": 0.13048688259822064,
            "number_outpatient": -0.12758902653127382,
            "repaglinide": 0.11092766844928564,
            "acetohexamide": 0.0,
            "nateglinide": 0.0,
            "chlorpropamide": 0.0,
            "tolazamide": 0.0,
            "troglitazone": 0.0,
            "miglitol": 0.0,
            "tolbutamide": 0.0,
            "glimepiride-pioglitazone": 0.0,
            "glipizide-metformin": 0.0,
            "metformin-pioglitazone": 0.0,
            "metformin-rosiglitazone": 0.0
        },
        "Lime": {
            "race": 1.3426270085021559,
            "gender": 0.0,
            "age": 3.758840649735922,
            "admission_type_id": 2.162878295880064,
            "discharge_disposition_id": -5.815043984254968,
            "admission_source_id": 0.0,
            "time_in_hospital": 0.0,
            "payer_code": 2.4663048674701087,
            "medical_specialty": 1.473458404302363,
            "num_lab_procedures": 0.0,
            "num_procedures": -2.1673478050565427,
            "num_medications": -2.778735048161305,
            "number_outpatient": -1.8388350997900438,
            "number_emergency": -9.48372920413786,
            "number_inpatient": 9.749327482928349,
            "diag_1": -6.54383526634128,
            "diag_2": 8.287719093185936,
            "diag_3": -8.599808908054516,
            "number_diagnoses": -1.3649635609409523,
            "metformin": 4.480141969203466,
            "repaglinide": 0.0,
            "nateglinide": 1.7246085798348756,
            "chlorpropamide": 0.0,
            "glimepiride": 3.7239738663179067,
            "acetohexamide": 0.0,
            "glipizide": 0.0,
            "glyburide": 0.0,
            "tolbutamide": 0.0,
            "pioglitazone": 2.940825022604195,
            "rosiglitazone": 0.0,
            "acarbose": 7.172128534899026,
            "miglitol": -5.838284021828219,
            "troglitazone": 0.0,
            "tolazamide": 0.0,
            "insulin": 0.0,
            "glyburide-metformin": 0.0,
            "glipizide-metformin": 0.0,
            "glimepiride-pioglitazone": 0.0,
            "metformin-rosiglitazone": 0.0,
            "metformin-pioglitazone": 0.0,
            "change": 0.0,
            "diabetesMed": 6.28658332656995
        },
        "Inherent": {
            "race": -0.7001090049743652,
            "gender": -0.9296445250511169,
            "age": -0.7761545777320862,
            "admission_type_id": -1.1972460746765137,
            "discharge_disposition_id": -13.03292179107666,
            "admission_source_id": 1.0707610845565796,
            "time_in_hospital": -1.7786586284637451,
            "payer_code": 5.847919940948486,
            "medical_specialty": 1.2648035287857056,
            "num_lab_procedures": 2.4889209270477295,
            "num_procedures": 2.2042176723480225,
            "num_medications": -2.5744290351867676,
            "number_outpatient": -0.3065066933631897,
            "number_emergency": -2.9593698978424072,
            "number_inpatient": 18.589935302734375,
            "diag_1": -11.594327926635742,
            "diag_2": 11.126672744750977,
            "diag_3": -8.381932258605957,
            "number_diagnoses": -3.0672569274902344,
            "metformin": 2.6061899662017822,
            "repaglinide": 0.10804883390665054,
            "nateglinide": 0.006666575558483601,
            "chlorpropamide": 0.016886742785573006,
            "glimepiride": 0.4273969531059265,
            "acetohexamide": 0.0,
            "glipizide": -0.4814049303531647,
            "glyburide": 0.4070269763469696,
            "tolbutamide": 0.0,
            "pioglitazone": 0.5463904142379761,
            "rosiglitazone": 0.10083998739719391,
            "acarbose": 0.030903590843081474,
            "miglitol": 0.0,
            "troglitazone": 0.0,
            "tolazamide": 0.0,
            "insulin": -1.9518210887908936,
            "glyburide-metformin": 0.07751193642616272,
            "glipizide-metformin": 0.0,
            "glimepiride-pioglitazone": 0.0,
            "metformin-rosiglitazone": 0.0,
            "metformin-pioglitazone": 0.0,
            "change": 0.27797555923461914,
            "diabetesMed": 3.0691490173339844
        }
    }
}