{
    "LogisticRegression": {
        "SHAP": {
            "number_inpatient": -19.583653820037664,
            "metformin": -13.08387568161981,
            "insulin": -9.010983504287355,
            "diabetesMed": 7.533391283640968,
            "admission_source_id": -5.877390943573598,
            "time_in_hospital": -4.887893835391475,
            "age": 4.4585379266687,
            "diag_1": -4.04295214688681,
            "change": 3.9913914876693677,
            "admission_type_id": -3.9596463866068805,
            "number_diagnoses": 3.610568626371707,
            "number_emergency": -2.75917388655265,
            "diag_2": 2.72237822726452,
            "payer_code": -2.514657845434,
            "discharge_disposition_id": -1.9228386312029448,
            "num_lab_procedures": -1.7497327578981363,
            "diag_3": 1.7087228405613455,
            "glimepiride": 1.6630363894393274,
            "gender": -1.212887758286495,
            "glyburide": 0.5867889793191919,
            "num_procedures": 0.564677179695262,
            "pioglitazone": 0.5369951710512277,
            "rosiglitazone": 0.5231276673248245,
            "num_medications": -0.2924468867933849,
            "glyburide-metformin": 0.2344392778653286,
            "acarbose": 0.2248261201348726,
            "number_outpatient": 0.16182361349994298,
            "medical_specialty": -0.12508104240251444,
            "glipizide": 0.10146724388125919,
            "glipizide-metformin": -0.09379011480917693,
            "chlorpropamide": -0.06244920407257128,
            "race": 0.033817496945869746,
            "tolazamide": 0.0312958687516664,
            "tolbutamide": -0.027474893617852977,
            "troglitazone": -0.0245528006368414,
            "repaglinide": 0.01624540843925836,
            "miglitol": -0.016206342421348507,
            "metformin-rosiglitazone": -0.015943755065686963,
            "acetohexamide": -0.009018081552420551,
            "nateglinide": 0.008252831963971507,
            "glimepiride-pioglitazone": -0.008092474179060328,
            "metformin-pioglitazone": -0.007473566182711208
        },
        "Lime": {
            "race": -36.33429502246649,
            "gender": 0.0,
            "age": 0.0,
            "admission_type_id": 0.0,
            "discharge_disposition_id": -18.41002609000985,
            "admission_source_id": 0.0,
            "time_in_hospital": 0.0,
            "payer_code": 0.0,
            "medical_specialty": 0.0,
            "num_lab_procedures": 0.0,
            "num_procedures": 0.0,
            "num_medications": 0.0,
            "number_outpatient": 0.0,
            "number_emergency": -22.363804895745204,
            "number_inpatient": 0.0,
            "diag_1": 0.0,
            "diag_2": 0.0,
            "diag_3": 0.0,
            "number_diagnoses": 22.891873991778457,
            "metformin": 0.0,
            "repaglinide": 0.0,
            "nateglinide": 0.0,
            "chlorpropamide": 0.0,
            "glimepiride": 0.0,
            "acetohexamide": 0.0,
            "glipizide": 0.0,
            "glyburide": 0.0,
            "tolbutamide": 0.0,
            "pioglitazone": 0.0,
            "rosiglitazone": 0.0,
            "acarbose": 0.0,
            "miglitol": 0.0,
            "troglitazone": 0.0,
            "tolazamide": 0.0,
            "insulin": 0.0,
            "glyburide-metformin": 0.0,
            "glipizide-metformin": 0.0,
            "glimepiride-pioglitazone": 0.0,
            "metformin-rosiglitazone": 0.0,
            "metformin-pioglitazone": 0.0,
            "change": 0.0,
            "diabetesMed": 0.0
        },
        "Inherent": {
            "number_diagnoses": 5.819310097932713,
            "diabetesMed": 5.81579038422054,
            "age": 4.977036659590379,
            "change": 3.9689292758315897,
            "diag_2": 2.7192866334713757,
            "diag_3": 1.5923785971952455,
            "glimepiride": 1.0602527047621715,
            "pioglitazone": 0.6292530747683058,
            "glyburide": 0.573197392134332,
            "num_procedures": 0.5112288263899911,
            "rosiglitazone": 0.4088876671589346,
            "num_medications": 0.21739276813891512,
            "number_outpatient": 0.1945773451068615,
            "glyburide-metformin": 0.10201656250932621,
            "glipizide": 0.07837678847450878,
            "tolazamide": 0.041666720952263446,
            "race": 0.04031416222943966,
            "nateglinide": 0.022715447391765255,
            "troglitazone": -0.0,
            "miglitol": -0.0,
            "acarbose": -0.0,
            "glipizide-metformin": -0.0,
            "repaglinide": 0.0,
            "acetohexamide": -0.0,
            "chlorpropamide": -0.0,
            "tolbutamide": -0.0,
            "metformin-pioglitazone": -0.0,
            "glimepiride-pioglitazone": -0.0,
            "metformin-rosiglitazone": -0.0,
            "medical_specialty": -0.13456158201674062,
            "gender": -1.259983119810457,
            "num_lab_procedures": -1.698301480656614,
            "discharge_disposition_id": -2.475638599453421,
            "number_emergency": -2.546693184904647,
            "payer_code": -2.7863452025442728,
            "time_in_hospital": -3.5015377558592355,
            "admission_type_id": -3.792825963897158,
            "diag_1": -4.03719946171229,
            "admission_source_id": -5.929166199433855,
            "insulin": -8.39977688029131,
            "metformin": -13.034015990922402,
            "number_inpatient": -21.63134347023894
        }
    },
    "DecisionTree": {
        "SHAP": {
            "discharge_disposition_id": 56.99764337147197,
            "number_inpatient": -21.105258892470253,
            "payer_code": -13.355383535007043,
            "diag_1": -4.415555904961916,
            "number_diagnoses": 2.836735558771678,
            "num_medications": -0.7792754671994204,
            "medical_specialty": -0.3481476613616234,
            "admission_source_id": 0.1619996087560969,
            "gender": 0.0,
            "race": 0.0,
            "num_lab_procedures": 0.0,
            "time_in_hospital": 0.0,
            "admission_type_id": 0.0,
            "age": 0.0,
            "number_emergency": 0.0,
            "number_outpatient": 0.0,
            "diag_2": 0.0,
            "num_procedures": 0.0,
            "diag_3": 0.0,
            "metformin": 0.0,
            "repaglinide": 0.0,
            "nateglinide": 0.0,
            "chlorpropamide": 0.0,
            "glimepiride": 0.0,
            "acetohexamide": 0.0,
            "glipizide": 0.0,
            "glyburide": 0.0,
            "tolbutamide": 0.0,
            "pioglitazone": 0.0,
            "rosiglitazone": 0.0,
            "acarbose": 0.0,
            "miglitol": 0.0,
            "troglitazone": 0.0,
            "tolazamide": 0.0,
            "insulin": 0.0,
            "glyburide-metformin": 0.0,
            "glipizide-metformin": 0.0,
            "glimepiride-pioglitazone": 0.0,
            "metformin-rosiglitazone": 0.0,
            "metformin-pioglitazone": 0.0,
            "change": 0.0,
            "diabetesMed": 0.0
        },
        "Lime": {
            "race": 0.0,
            "gender": 0.0,
            "age": 0.0,
            "admission_type_id": 0.0,
            "discharge_disposition_id": 30.27574294763492,
            "admission_source_id": 0.0,
            "time_in_hospital": 0.0,
            "payer_code": 0.0,
            "medical_specialty": -5.678493885466365,
            "num_lab_procedures": 0.0,
            "num_procedures": 0.0,
            "num_medications": 0.0,
            "number_outpatient": 0.0,
            "number_emergency": -5.59004372167832,
            "number_inpatient": -35.62572946410052,
            "diag_1": 0.0,
            "diag_2": -7.479426573247511,
            "diag_3": 3.793646644308398,
            "number_diagnoses": 0.0,
            "metformin": 0.0,
            "repaglinide": 0.0,
            "nateglinide": 0.0,
            "chlorpropamide": 0.0,
            "glimepiride": 0.0,
            "acetohexamide": 0.0,
            "glipizide": -3.966839469744083,
            "glyburide": 0.0,
            "tolbutamide": 0.0,
            "pioglitazone": 3.849913286268076,
            "rosiglitazone": 0.0,
            "acarbose": 0.0,
            "miglitol": 0.0,
            "troglitazone": 0.0,
            "tolazamide": 0.0,
            "insulin": 3.7401640075518108,
            "glyburide-metformin": 0.0,
            "glipizide-metformin": 0.0,
            "glimepiride-pioglitazone": 0.0,
            "metformin-rosiglitazone": 0.0,
            "metformin-pioglitazone": 0.0,
            "change": 0.0,
            "diabetesMed": 0.0
        },
        "Inherent": {
            "discharge_disposition_id": 55.085362477113875,
            "number_inpatient": -23.921606384478753,
            "payer_code": -20.993031138407375,
            "gender": 0.0,
            "admission_type_id": 0.0,
            "race": 0.0,
            "admission_source_id": 0.0,
            "time_in_hospital": 0.0,
            "medical_specialty": 0.0,
            "age": 0.0,
            "num_lab_procedures": 0.0,
            "num_procedures": 0.0,
            "number_outpatient": 0.0,
            "num_medications": 0.0,
            "number_emergency": 0.0,
            "diag_1": 0.0,
            "diag_2": 0.0,
            "diag_3": 0.0,
            "number_diagnoses": 0.0,
            "metformin": 0.0,
            "repaglinide": 0.0,
            "nateglinide": 0.0,
            "chlorpropamide": 0.0,
            "glimepiride": 0.0,
            "acetohexamide": 0.0,
            "glipizide": 0.0,
            "glyburide": 0.0,
            "tolbutamide": 0.0,
            "pioglitazone": 0.0,
            "rosiglitazone": 0.0,
            "acarbose": 0.0,
            "miglitol": 0.0,
            "troglitazone": 0.0,
            "tolazamide": 0.0,
            "insulin": 0.0,
            "glyburide-metformin": 0.0,
            "glipizide-metformin": 0.0,
            "glimepiride-pioglitazone": 0.0,
            "metformin-rosiglitazone": 0.0,
            "metformin-pioglitazone": 0.0,
            "change": 0.0,
            "diabetesMed": 0.0
        }
    },
    "XGBOOST": {
        "SHAP": {
            "discharge_disposition_id": 21.31553307700552,
            "medical_specialty": -11.824105645003744,
            "number_inpatient": -10.740369105917356,
            "diag_2": 8.40965941868304,
            "diag_3": -6.428592847205204,
            "metformin": -6.007607959087237,
            "admission_type_id": -5.657436131114146,
            "diabetesMed": 5.212209015776566,
            "admission_source_id": -4.784451980995556,
            "payer_code": -3.841488533115757,
            "age": 3.009540471633024,
            "num_medications": 2.801580748298284,
            "number_diagnoses": 2.1813750483881007,
            "number_emergency": -2.0548275992513285,
            "glimepiride": 1.0078922813269398,
            "num_lab_procedures": -0.936920394941289,
            "gender": -0.7952271582420749,
            "time_in_hospital": -0.6086968606337261,
            "insulin": 0.36529684785937194,
            "change": -0.3497441450616856,
            "pioglitazone": 0.28079662844457587,
            "diag_1": 0.262513990746197,
            "acarbose": 0.24039130938274667,
            "num_procedures": 0.23838783596823013,
            "race": 0.2377078148931029,
            "number_outpatient": -0.12649695744333683,
            "repaglinide": 0.08604013074367811,
            "glyburide-metformin": 0.060253197071533655,
            "glyburide": 0.05812334352761683,
            "glipizide": -0.04361941185647496,
            "rosiglitazone": 0.03311411038254864,
            "acetohexamide": 0.0,
            "nateglinide": 0.0,
            "chlorpropamide": 0.0,
            "tolazamide": 0.0,
            "troglitazone": 0.0,
            "miglitol": 0.0,
            "tolbutamide": 0.0,
            "glimepiride-pioglitazone": 0.0,
            "glipizide-metformin": 0.0,
            "metformin-pioglitazone": 0.0,
            "metformin-rosiglitazone": 0.0
        },
        "Lime": {
            "race": 0.0,
            "gender": 0.0,
            "age": 2.8770266306949006,
            "admission_type_id": -2.3669124717809757,
            "discharge_disposition_id": 17.892005344659427,
            "admission_source_id": 0.0,
            "time_in_hospital": 0.0,
            "payer_code": 0.0,
            "medical_specialty": -11.012110722569258,
            "num_lab_procedures": 0.0,
            "num_procedures": 0.0,
            "num_medications": 0.0,
            "number_outpatient": 0.0,
            "number_emergency": -9.077170619626184,
            "number_inpatient": -19.531993825984927,
            "diag_1": -2.5955344188506633,
            "diag_2": 4.149280104539041,
            "diag_3": -6.579509456109449,
            "number_diagnoses": 0.0,
            "metformin": -2.4763142139596663,
            "repaglinide": 0.0,
            "nateglinide": -3.932045109334951,
            "chlorpropamide": 0.0,
            "glimepiride": 2.2902955807303105,
            "acetohexamide": 0.0,
            "glipizide": 0.0,
            "glyburide": 1.9605590597269538,
            "tolbutamide": 0.0,
            "pioglitazone": 0.0,
            "rosiglitazone": 4.5636966040418105,
            "acarbose": 0.0,
            "miglitol": -4.380882260630906,
            "troglitazone": 0.0,
            "tolazamide": 0.0,
            "insulin": 0.0,
            "glyburide-metformin": 0.0,
            "glipizide-metformin": 0.0,
            "glimepiride-pioglitazone": 0.0,
            "metformin-rosiglitazone": 0.0,
            "metformin-pioglitazone": 0.0,
            "change": 0.0,
            "diabetesMed": 4.314663576760578
        },
        "Inherent": {
            "race": 0.3470759987831116,
            "gender": -0.8749293088912964,
            "age": 2.855778217315674,
            "admission_type_id": -5.2202253341674805,
            "discharge_disposition_id": 20.18804168701172,
            "admission_source_id": -4.102466106414795,
            "time_in_hospital": -1.519567847251892,
            "payer_code": -4.285885810852051,
            "medical_specialty": -11.860154151916504,
            "num_lab_procedures": -0.6049602031707764,
            "num_procedures": 0.20601239800453186,
            "num_medications": 1.196325421333313,
            "number_outpatient": -0.2214243859052658,
            "number_emergency": -2.023794412612915,
            "number_inpatient": -14.275306701660156,
            "diag_1": -0.8497138619422913,
            "diag_2": 7.061671257019043,
            "diag_3": -6.766825199127197,
            "number_diagnoses": 3.0498993396759033,
            "metformin": -6.600063323974609,
            "repaglinide": 0.06726664304733276,
            "nateglinide": 0.00026958223315887153,
            "chlorpropamide": 0.010574008338153362,
            "glimepiride": 0.5399032831192017,
            "acetohexamide": 0.0,
            "glipizide": -0.15750448405742645,
            "glyburide": 0.19428695738315582,
            "tolbutamide": 0.0,
            "pioglitazone": 0.2939947545528412,
            "rosiglitazone": -0.019749214872717857,
            "acarbose": 0.032683491706848145,
            "miglitol": 0.0,
            "troglitazone": 0.0,
            "tolazamide": 0.0,
            "insulin": 0.3323217034339905,
            "glyburide-metformin": -0.09011375159025192,
            "glipizide-metformin": 0.0,
            "glimepiride-pioglitazone": 0.0,
            "metformin-rosiglitazone": 0.0,
            "metformin-pioglitazone": 0.0,
            "change": -0.33923691511154175,
            "diabetesMed": 3.8119614124298096
        }
    }
}