{
    "LogisticRegression": {
        "SHAP": {
            "number_inpatient": -19.904199740269373,
            "glimepiride": -13.212194232005873,
            "discharge_disposition_id": -8.645946393639942,
            "time_in_hospital": -7.672079984876072,
            "diabetesMed": 7.65669809163864,
            "num_medications": -4.998123321973057,
            "age": 4.531515429014545,
            "metformin": 3.9850296797462983,
            "number_diagnoses": 3.66966653800431,
            "num_procedures": 3.6534670707540187,
            "diag_1": -3.453338998542615,
            "change": -3.2834805818672854,
            "number_emergency": -2.804336139759934,
            "payer_code": -2.555817851658568,
            "num_lab_procedures": -2.1914775072032597,
            "insulin": 2.0856780733177573,
            "gender": -1.2327403468887264,
            "diag_2": -1.1912595181669736,
            "glyburide": 0.5963935615430282,
            "pioglitazone": 0.5457847265063227,
            "rosiglitazone": 0.5316902390012974,
            "admission_source_id": -0.30949281817728413,
            "glyburide-metformin": 0.2382765880400473,
            "acarbose": 0.22850608181276033,
            "number_outpatient": 0.16447234797928134,
            "admission_type_id": -0.14263907235941786,
            "glipizide": 0.10312806322386903,
            "glipizide-metformin": -0.09532527463871725,
            "chlorpropamide": -0.06347137479572297,
            "medical_specialty": 0.03507909845700208,
            "race": 0.034371022900630835,
            "tolazamide": 0.03180812060929419,
            "tolbutamide": -0.02792460362288748,
            "troglitazone": -0.024954681723319216,
            "diag_3": -0.017070749777510746,
            "repaglinide": 0.016511313844120756,
            "miglitol": -0.01647160839228423,
            "metformin-rosiglitazone": -0.016204722997741117,
            "acetohexamide": -0.009165689821873699,
            "nateglinide": 0.008387914601803995,
            "glimepiride-pioglitazone": -0.008224932075146303,
            "metformin-pioglitazone": -0.007595893771396351
        },
        "Lime": {
            "race": 0.0,
            "gender": 0.0,
            "age": 0.0,
            "admission_type_id": 0.0,
            "discharge_disposition_id": -25.393386808760575,
            "admission_source_id": 0.0,
            "time_in_hospital": 0.0,
            "payer_code": 0.0,
            "medical_specialty": 0.0,
            "num_lab_procedures": 0.0,
            "num_procedures": 0.0,
            "num_medications": -8.470768737746601,
            "number_outpatient": 0.0,
            "number_emergency": -36.29312570520529,
            "number_inpatient": -8.698693548725176,
            "diag_1": 0.0,
            "diag_2": 0.0,
            "diag_3": 0.0,
            "number_diagnoses": 21.144025199562357,
            "metformin": 0.0,
            "repaglinide": 0.0,
            "nateglinide": 0.0,
            "chlorpropamide": 0.0,
            "glimepiride": 0.0,
            "acetohexamide": 0.0,
            "glipizide": 0.0,
            "glyburide": 0.0,
            "tolbutamide": 0.0,
            "pioglitazone": 0.0,
            "rosiglitazone": 0.0,
            "acarbose": 0.0,
            "miglitol": 0.0,
            "troglitazone": 0.0,
            "tolazamide": 0.0,
            "insulin": 0.0,
            "glyburide-metformin": 0.0,
            "glipizide-metformin": 0.0,
            "glimepiride-pioglitazone": 0.0,
            "metformin-rosiglitazone": 0.0,
            "metformin-pioglitazone": 0.0,
            "change": 0.0,
            "diabetesMed": 0.0
        },
        "Inherent": {
            "number_diagnoses": 5.90863137380058,
            "diabetesMed": 5.905057635588221,
            "age": 5.053429781282532,
            "num_procedures": 3.4852228112056185,
            "metformin": 3.4125606422485215,
            "insulin": 2.3013968691858206,
            "pioglitazone": 0.6389115543021685,
            "glyburide": 0.5819954663953617,
            "rosiglitazone": 0.4151637321052322,
            "number_outpatient": 0.19756393568674846,
            "glyburide-metformin": 0.10358242673887191,
            "glipizide": 0.07957980302901002,
            "tolazamide": 0.04230626835806481,
            "race": 0.04093294905215202,
            "nateglinide": 0.02306410946833386,
            "medical_specialty": 0.019607417312312417,
            "metformin-pioglitazone": -0.0,
            "metformin-rosiglitazone": -0.0,
            "troglitazone": -0.0,
            "miglitol": -0.0,
            "acarbose": -0.0,
            "glipizide-metformin": -0.0,
            "glimepiride-pioglitazone": -0.0,
            "acetohexamide": -0.0,
            "chlorpropamide": -0.0,
            "repaglinide": 0.0,
            "tolbutamide": -0.0,
            "diag_3": -0.07236190610434173,
            "admission_type_id": -0.11216628629680478,
            "admission_source_id": -0.5646470093314122,
            "diag_2": -1.051417163647812,
            "gender": -1.2793227490688162,
            "num_lab_procedures": -2.1222619380320986,
            "number_emergency": -2.585782678451398,
            "payer_code": -2.8291131431267793,
            "change": -3.0400614045535854,
            "diag_1": -3.46752710156563,
            "num_medications": -4.307056195092283,
            "time_in_hospital": -6.159886400198425,
            "discharge_disposition_id": -8.958861744217398,
            "glimepiride": -13.277161996481723,
            "number_inpatient": -21.96336550807194
        }
    },
    "DecisionTree": {
        "SHAP": {
            "number_inpatient": -36.77269374854812,
            "discharge_disposition_id": -35.71649704925671,
            "diag_1": -13.144230474342889,
            "number_diagnoses": 9.988064061782794,
            "payer_code": -2.167994034753738,
            "num_medications": -1.6203472027402281,
            "medical_specialty": -0.3642090208085271,
            "admission_source_id": 0.2259644077669951,
            "gender": 0.0,
            "race": 0.0,
            "num_lab_procedures": 0.0,
            "time_in_hospital": 0.0,
            "admission_type_id": 0.0,
            "age": 0.0,
            "number_emergency": 0.0,
            "number_outpatient": 0.0,
            "diag_2": 0.0,
            "num_procedures": 0.0,
            "diag_3": 0.0,
            "metformin": 0.0,
            "repaglinide": 0.0,
            "nateglinide": 0.0,
            "chlorpropamide": 0.0,
            "glimepiride": 0.0,
            "acetohexamide": 0.0,
            "glipizide": 0.0,
            "glyburide": 0.0,
            "tolbutamide": 0.0,
            "pioglitazone": 0.0,
            "rosiglitazone": 0.0,
            "acarbose": 0.0,
            "miglitol": 0.0,
            "troglitazone": 0.0,
            "tolazamide": 0.0,
            "insulin": 0.0,
            "glyburide-metformin": 0.0,
            "glipizide-metformin": 0.0,
            "glimepiride-pioglitazone": 0.0,
            "metformin-rosiglitazone": 0.0,
            "metformin-pioglitazone": 0.0,
            "change": 0.0,
            "diabetesMed": 0.0
        },
        "Lime": {
            "race": 4.156125407733137,
            "gender": 0.0,
            "age": 0.0,
            "admission_type_id": 0.0,
            "discharge_disposition_id": -17.714417141854067,
            "admission_source_id": 0.0,
            "time_in_hospital": 0.0,
            "payer_code": -4.198465836848656,
            "medical_specialty": 0.0,
            "num_lab_procedures": 0.0,
            "num_procedures": 0.0,
            "num_medications": 0.0,
            "number_outpatient": 3.4714149541246977,
            "number_emergency": 0.0,
            "number_inpatient": -39.335981974897486,
            "diag_1": -11.15202600631185,
            "diag_2": 0.0,
            "diag_3": 0.0,
            "number_diagnoses": 0.0,
            "metformin": 0.0,
            "repaglinide": 11.784734466186231,
            "nateglinide": 0.0,
            "chlorpropamide": 0.0,
            "glimepiride": 0.0,
            "acetohexamide": 0.0,
            "glipizide": 0.0,
            "glyburide": 0.0,
            "tolbutamide": 0.0,
            "pioglitazone": 0.0,
            "rosiglitazone": 0.0,
            "acarbose": 3.393791554000426,
            "miglitol": 4.793042658043452,
            "troglitazone": 0.0,
            "tolazamide": 0.0,
            "insulin": 0.0,
            "glyburide-metformin": 0.0,
            "glipizide-metformin": 0.0,
            "glimepiride-pioglitazone": 0.0,
            "metformin-rosiglitazone": 0.0,
            "metformin-pioglitazone": 0.0,
            "change": 0.0,
            "diabetesMed": 0.0
        },
        "Inherent": {
            "number_inpatient": -40.52440326798742,
            "discharge_disposition_id": -28.24114846946058,
            "diag_1": -16.264729345253905,
            "number_diagnoses": 14.969718917298103,
            "gender": 0.0,
            "admission_source_id": 0.0,
            "time_in_hospital": 0.0,
            "age": 0.0,
            "admission_type_id": 0.0,
            "race": 0.0,
            "num_lab_procedures": 0.0,
            "medical_specialty": 0.0,
            "payer_code": 0.0,
            "num_procedures": 0.0,
            "number_emergency": 0.0,
            "number_outpatient": 0.0,
            "diag_2": 0.0,
            "num_medications": 0.0,
            "diag_3": 0.0,
            "metformin": 0.0,
            "repaglinide": 0.0,
            "nateglinide": 0.0,
            "chlorpropamide": 0.0,
            "glimepiride": 0.0,
            "acetohexamide": 0.0,
            "glipizide": 0.0,
            "glyburide": 0.0,
            "tolbutamide": 0.0,
            "pioglitazone": 0.0,
            "rosiglitazone": 0.0,
            "acarbose": 0.0,
            "miglitol": 0.0,
            "troglitazone": 0.0,
            "tolazamide": 0.0,
            "insulin": 0.0,
            "glyburide-metformin": 0.0,
            "glipizide-metformin": 0.0,
            "glimepiride-pioglitazone": 0.0,
            "metformin-rosiglitazone": 0.0,
            "metformin-pioglitazone": 0.0,
            "change": 0.0,
            "diabetesMed": 0.0
        }
    },
    "XGBOOST": {
        "SHAP": {
            "number_inpatient": -19.2917105321704,
            "discharge_disposition_id": -17.455619032869336,
            "glimepiride": -10.87686477632412,
            "diag_1": -10.372518014851455,
            "diabetesMed": 6.450948688241189,
            "age": 5.340093836588781,
            "medical_specialty": -4.802625839145742,
            "number_emergency": -3.4835388529089033,
            "gender": -2.4146135476544295,
            "diag_3": -2.281932342094332,
            "number_diagnoses": 2.1894672443639873,
            "num_medications": -2.0718411663023786,
            "num_procedures": 1.9375113470122571,
            "diag_2": -1.6083949735106278,
            "insulin": -1.5512232287281058,
            "time_in_hospital": -1.50643913603631,
            "metformin": 1.2159475573289362,
            "payer_code": -1.1088369884937108,
            "admission_type_id": 0.792812090947709,
            "pioglitazone": 0.6587634717644558,
            "admission_source_id": 0.5701637430819287,
            "race": 0.4075186173226235,
            "num_lab_procedures": -0.32465179833609276,
            "acarbose": 0.29833596540364593,
            "glyburide-metformin": 0.2733567946944434,
            "change": -0.20596719132362742,
            "number_outpatient": -0.18808272291142514,
            "glyburide": 0.12989093286722567,
            "glipizide": -0.12630266414087626,
            "rosiglitazone": -0.05604341402269667,
            "repaglinide": -0.007983488558253319,
            "acetohexamide": 0.0,
            "nateglinide": 0.0,
            "chlorpropamide": 0.0,
            "tolazamide": 0.0,
            "troglitazone": 0.0,
            "miglitol": 0.0,
            "tolbutamide": 0.0,
            "glimepiride-pioglitazone": 0.0,
            "glipizide-metformin": 0.0,
            "metformin-pioglitazone": 0.0,
            "metformin-rosiglitazone": 0.0
        },
        "Lime": {
            "race": 0.0,
            "gender": -1.7770892111685161,
            "age": 0.0,
            "admission_type_id": -2.727806229313397,
            "discharge_disposition_id": -6.2853965689810884,
            "admission_source_id": -1.6601811930131796,
            "time_in_hospital": -3.7534985968057093,
            "payer_code": -2.481133360906176,
            "medical_specialty": -2.078116251156605,
            "num_lab_procedures": -2.069085040090739,
            "num_procedures": 0.0,
            "num_medications": 0.0,
            "number_outpatient": -3.45809582041739,
            "number_emergency": -9.268884632595011,
            "number_inpatient": -23.969951306786434,
            "diag_1": 2.431297583311294,
            "diag_2": 0.0,
            "diag_3": 0.0,
            "number_diagnoses": 0.0,
            "metformin": 4.687376160942061,
            "repaglinide": 0.0,
            "nateglinide": 1.8877376500345866,
            "chlorpropamide": 0.0,
            "glimepiride": -4.8244299992620645,
            "acetohexamide": 0.0,
            "glipizide": -1.867365338244317,
            "glyburide": 6.2664887521405035,
            "tolbutamide": 0.0,
            "pioglitazone": 2.4634448873989427,
            "rosiglitazone": 3.2224970808055793,
            "acarbose": 5.717856964532304,
            "miglitol": 0.0,
            "troglitazone": 0.0,
            "tolazamide": 0.0,
            "insulin": 0.0,
            "glyburide-metformin": 0.0,
            "glipizide-metformin": 0.0,
            "glimepiride-pioglitazone": 0.0,
            "metformin-rosiglitazone": 0.0,
            "metformin-pioglitazone": 0.0,
            "change": 0.0,
            "diabetesMed": 7.102267372094094
        },
        "Inherent": {
            "race": 0.4894549548625946,
            "gender": -2.3356974124908447,
            "age": 4.231022834777832,
            "admission_type_id": 0.4342714846134186,
            "discharge_disposition_id": -15.133025169372559,
            "admission_source_id": 0.12332908809185028,
            "time_in_hospital": -1.9088927507400513,
            "payer_code": -1.2800856828689575,
            "medical_specialty": -4.119166851043701,
            "num_lab_procedures": 1.1703228950500488,
            "num_procedures": 1.5596895217895508,
            "num_medications": -4.26939582824707,
            "number_outpatient": -0.2740696668624878,
            "number_emergency": -3.203361749649048,
            "number_inpatient": -22.39130210876465,
            "diag_1": -10.660018920898438,
            "diag_2": -2.2434277534484863,
            "diag_3": -3.6369152069091797,
            "number_diagnoses": 3.438479423522949,
            "metformin": 0.9687893390655518,
            "repaglinide": -0.14098384976387024,
            "nateglinide": 0.003859669901430607,
            "chlorpropamide": 0.01384669914841652,
            "glimepiride": -8.267277717590332,
            "acetohexamide": 0.0,
            "glipizide": -0.4922145903110504,
            "glyburide": 0.20144975185394287,
            "tolbutamide": 0.0,
            "pioglitazone": 0.6284522414207458,
            "rosiglitazone": -0.18242302536964417,
            "acarbose": 0.024511270225048065,
            "miglitol": 0.0,
            "troglitazone": 0.0,
            "tolazamide": 0.0,
            "insulin": -1.5538920164108276,
            "glyburide-metformin": 0.030019443482160568,
            "glipizide-metformin": 0.0,
            "glimepiride-pioglitazone": 0.0,
            "metformin-rosiglitazone": 0.0,
            "metformin-pioglitazone": 0.0,
            "change": -0.324872761964798,
            "diabetesMed": 4.265481948852539
        }
    }
}