{
    "LogisticRegression": {
        "SHAP": {
            "number_inpatient": 29.808549053979426,
            "insulin": -9.714560198003179,
            "discharge_disposition_id": -9.17091123518233,
            "time_in_hospital": 9.072327285159483,
            "diabetesMed": 8.121597724068906,
            "diag_1": 4.7422263185741285,
            "change": 4.303038937127439,
            "metformin": 4.22699283555636,
            "number_diagnoses": 3.8924814647836334,
            "number_emergency": -2.974609908554478,
            "payer_code": -2.711002079320924,
            "glimepiride": 1.7928861049397622,
            "gender": 1.7888514908264732,
            "age": -1.2755200535860933,
            "admission_type_id": 1.2212052792686583,
            "glyburide": 0.6326054043278327,
            "num_procedures": 0.6087671175935768,
            "pioglitazone": 0.5789237004742176,
            "rosiglitazone": 0.5639734234392989,
            "diag_2": 0.5057907651936463,
            "admission_source_id": -0.3282846127195754,
            "num_medications": 0.30800869174499146,
            "diag_3": 0.27027164991832586,
            "glyburide-metformin": 0.2527442733099583,
            "acarbose": 0.24238052118223757,
            "number_outpatient": 0.17445878510993051,
            "race": -0.12311110954524507,
            "medical_specialty": 0.1146344077327356,
            "glipizide": 0.10938979616830607,
            "glipizide-metformin": -0.10111323762360352,
            "chlorpropamide": -0.06732523170103817,
            "tolazamide": 0.03373944706393225,
            "tolbutamide": -0.029620130572581133,
            "troglitazone": -0.02646988086291367,
            "num_lab_procedures": -0.024052762616792754,
            "repaglinide": 0.017513848310701727,
            "miglitol": -0.017471732022007937,
            "metformin-rosiglitazone": -0.0171886418717935,
            "acetohexamide": -0.009722212461027016,
            "nateglinide": 0.008897212260999094,
            "glimepiride-pioglitazone": -0.008724333756228008,
            "metformin-pioglitazone": -0.008057101485222476
        },
        "Lime": {
            "race": 0.0,
            "gender": 0.0,
            "age": 0.0,
            "admission_type_id": 0.0,
            "discharge_disposition_id": -9.955961631665836,
            "admission_source_id": 0.0,
            "time_in_hospital": 9.738107838937305,
            "payer_code": 0.0,
            "medical_specialty": 0.0,
            "num_lab_procedures": 0.0,
            "num_procedures": 0.0,
            "num_medications": 0.0,
            "number_outpatient": 0.0,
            "number_emergency": -15.843312822982575,
            "number_inpatient": 52.73020460241866,
            "diag_1": 0.0,
            "diag_2": 0.0,
            "diag_3": 0.0,
            "number_diagnoses": 11.732413103995617,
            "metformin": 0.0,
            "repaglinide": 0.0,
            "nateglinide": 0.0,
            "chlorpropamide": 0.0,
            "glimepiride": 0.0,
            "acetohexamide": 0.0,
            "glipizide": 0.0,
            "glyburide": 0.0,
            "tolbutamide": 0.0,
            "pioglitazone": 0.0,
            "rosiglitazone": 0.0,
            "acarbose": 0.0,
            "miglitol": 0.0,
            "troglitazone": 0.0,
            "tolazamide": 0.0,
            "insulin": 0.0,
            "glyburide-metformin": 0.0,
            "glipizide-metformin": 0.0,
            "glimepiride-pioglitazone": 0.0,
            "metformin-rosiglitazone": 0.0,
            "metformin-pioglitazone": 0.0,
            "change": 0.0,
            "diabetesMed": 0.0
        },
        "Inherent": {
            "number_inpatient": 27.213423863947245,
            "time_in_hospital": 10.613645463406597,
            "number_diagnoses": 6.623773898289184,
            "diabetesMed": 6.619767617918523,
            "diag_1": 4.668866182933563,
            "change": 4.51759567697694,
            "metformin": 3.8255949099622466,
            "gender": 1.717844431824276,
            "admission_type_id": 1.2713930330033076,
            "glimepiride": 1.2068224709126651,
            "num_medications": 0.881920189528562,
            "pioglitazone": 0.7162412763583769,
            "glyburide": 0.6524364333042831,
            "diag_2": 0.6224594859147109,
            "num_procedures": 0.5819013077680794,
            "rosiglitazone": 0.4654124649624442,
            "number_outpatient": 0.22147579661979003,
            "diag_3": 0.21243383940528388,
            "glyburide-metformin": 0.11611937370076118,
            "medical_specialty": 0.10079537329831006,
            "glipizide": 0.08921162766589977,
            "tolazamide": 0.04742674544340683,
            "nateglinide": 0.025855640099843938,
            "acetohexamide": -0.0,
            "troglitazone": -0.0,
            "chlorpropamide": -0.0,
            "metformin-pioglitazone": -0.0,
            "miglitol": -0.0,
            "acarbose": -0.0,
            "glipizide-metformin": -0.0,
            "metformin-rosiglitazone": -0.0,
            "glimepiride-pioglitazone": -0.0,
            "repaglinide": 0.0,
            "tolbutamide": -0.0,
            "num_lab_procedures": -0.037356806971545586,
            "race": -0.11654538783655952,
            "age": -0.526262797921779,
            "admission_source_id": -0.632988231207041,
            "number_emergency": -2.89874908902258,
            "payer_code": -3.1715306992821213,
            "insulin": -9.560965460646582,
            "discharge_disposition_id": -10.043184423867483
        }
    },
    "DecisionTree": {
        "SHAP": {
            "discharge_disposition_id": -30.350996487560877,
            "number_inpatient": 25.349126728876698,
            "num_medications": -21.808695231574568,
            "diag_1": 8.21688504639863,
            "number_diagnoses": 5.888638003095871,
            "payer_code": -3.735874334497893,
            "admission_source_id": 1.946902409270809,
            "number_emergency": -1.447676152602455,
            "medical_specialty": 1.255205606122196,
            "gender": 0.0,
            "num_lab_procedures": 0.0,
            "time_in_hospital": 0.0,
            "admission_type_id": 0.0,
            "age": 0.0,
            "race": 0.0,
            "number_outpatient": 0.0,
            "diag_2": 0.0,
            "num_procedures": 0.0,
            "diag_3": 0.0,
            "metformin": 0.0,
            "repaglinide": 0.0,
            "nateglinide": 0.0,
            "chlorpropamide": 0.0,
            "glimepiride": 0.0,
            "acetohexamide": 0.0,
            "glipizide": 0.0,
            "glyburide": 0.0,
            "tolbutamide": 0.0,
            "pioglitazone": 0.0,
            "rosiglitazone": 0.0,
            "acarbose": 0.0,
            "miglitol": 0.0,
            "troglitazone": 0.0,
            "tolazamide": 0.0,
            "insulin": 0.0,
            "glyburide-metformin": 0.0,
            "glipizide-metformin": 0.0,
            "glimepiride-pioglitazone": 0.0,
            "metformin-rosiglitazone": 0.0,
            "metformin-pioglitazone": 0.0,
            "change": 0.0,
            "diabetesMed": 0.0
        },
        "Lime": {
            "race": 0.0,
            "gender": 0.0,
            "age": 0.0,
            "admission_type_id": 0.0,
            "discharge_disposition_id": -19.054213055872545,
            "admission_source_id": 0.0,
            "time_in_hospital": 0.0,
            "payer_code": -3.6430263234053974,
            "medical_specialty": 0.0,
            "num_lab_procedures": 0.0,
            "num_procedures": 0.0,
            "num_medications": 0.0,
            "number_outpatient": 0.0,
            "number_emergency": 0.0,
            "number_inpatient": 8.089849114498417,
            "diag_1": 3.0747911118589344,
            "diag_2": -6.7237167509407225,
            "diag_3": 3.413635462932408,
            "number_diagnoses": 3.607150458723938,
            "metformin": 0.0,
            "repaglinide": 0.0,
            "nateglinide": -9.327250257207762,
            "chlorpropamide": 0.0,
            "glimepiride": -6.563980606276025,
            "acetohexamide": 0.0,
            "glipizide": 0.0,
            "glyburide": -3.7080723227016352,
            "tolbutamide": 0.0,
            "pioglitazone": 2.872557145849687,
            "rosiglitazone": -6.102934593841311,
            "acarbose": -4.044847583995618,
            "miglitol": 8.975611080874835,
            "troglitazone": 0.0,
            "tolazamide": -8.408536041915186,
            "insulin": 0.0,
            "glyburide-metformin": 0.0,
            "glipizide-metformin": 0.0,
            "glimepiride-pioglitazone": 0.0,
            "metformin-rosiglitazone": 0.0,
            "metformin-pioglitazone": 0.0,
            "change": 0.0,
            "diabetesMed": -2.389828089105577
        },
        "Inherent": {
            "number_inpatient": 41.339934239452816,
            "discharge_disposition_id": -36.13740178542741,
            "num_medications": -17.559753757631547,
            "number_emergency": -4.962910217488232,
            "gender": 0.0,
            "admission_source_id": 0.0,
            "time_in_hospital": 0.0,
            "age": 0.0,
            "admission_type_id": 0.0,
            "race": 0.0,
            "num_lab_procedures": 0.0,
            "medical_specialty": 0.0,
            "payer_code": 0.0,
            "num_procedures": 0.0,
            "number_outpatient": 0.0,
            "diag_1": 0.0,
            "diag_2": 0.0,
            "diag_3": 0.0,
            "number_diagnoses": 0.0,
            "metformin": 0.0,
            "repaglinide": 0.0,
            "nateglinide": 0.0,
            "chlorpropamide": 0.0,
            "glimepiride": 0.0,
            "acetohexamide": 0.0,
            "glipizide": 0.0,
            "glyburide": 0.0,
            "tolbutamide": 0.0,
            "pioglitazone": 0.0,
            "rosiglitazone": 0.0,
            "acarbose": 0.0,
            "miglitol": 0.0,
            "troglitazone": 0.0,
            "tolazamide": 0.0,
            "insulin": 0.0,
            "glyburide-metformin": 0.0,
            "glipizide-metformin": 0.0,
            "glimepiride-pioglitazone": 0.0,
            "metformin-rosiglitazone": 0.0,
            "metformin-pioglitazone": 0.0,
            "change": 0.0,
            "diabetesMed": 0.0
        }
    },
    "XGBOOST": {
        "SHAP": {
            "number_inpatient": 25.455630276031965,
            "discharge_disposition_id": -14.919251913189427,
            "diag_1": 9.76438944675277,
            "time_in_hospital": 9.314635128996898,
            "diag_2": 5.147804403628573,
            "diabetesMed": 3.9120650129253796,
            "payer_code": -3.506050365744446,
            "number_emergency": -3.4789868978438228,
            "metformin": 3.01896077747548,
            "number_diagnoses": 2.970606215809092,
            "num_medications": 2.5785595900244784,
            "num_procedures": 2.1201686470182923,
            "gender": 1.8468004369828535,
            "diag_3": -1.7973219846692028,
            "race": -1.7441849308104618,
            "num_lab_procedures": 1.3237690072275028,
            "age": 1.0095106069574689,
            "glimepiride": 0.9873383413058742,
            "medical_specialty": 0.8904539031218582,
            "rosiglitazone": 0.8439641327453449,
            "pioglitazone": 0.6450835137037513,
            "acarbose": 0.5172592921112205,
            "glyburide-metformin": 0.4524030638647784,
            "glipizide": -0.4466048442981335,
            "admission_source_id": 0.33063446869317126,
            "number_outpatient": 0.3147851180565379,
            "insulin": 0.2970797976196625,
            "glyburide": 0.26272979583818795,
            "admission_type_id": -0.04674429537220015,
            "repaglinide": 0.028408125025684076,
            "change": 0.02781566615549205,
            "acetohexamide": 0.0,
            "nateglinide": 0.0,
            "chlorpropamide": 0.0,
            "tolazamide": 0.0,
            "troglitazone": 0.0,
            "miglitol": 0.0,
            "tolbutamide": 0.0,
            "glimepiride-pioglitazone": 0.0,
            "glipizide-metformin": 0.0,
            "metformin-pioglitazone": 0.0,
            "metformin-rosiglitazone": 0.0
        },
        "Lime": {
            "race": -2.299024939928657,
            "gender": 0.0,
            "age": 0.0,
            "admission_type_id": 2.333218233603658,
            "discharge_disposition_id": -7.962019278396724,
            "admission_source_id": 0.0,
            "time_in_hospital": 2.654474187784024,
            "payer_code": 0.0,
            "medical_specialty": 1.6218662674962752,
            "num_lab_procedures": 0.0,
            "num_procedures": -3.316721452274693,
            "num_medications": 2.1652289882597353,
            "number_outpatient": 0.0,
            "number_emergency": -5.076785339133692,
            "number_inpatient": 11.88872473681662,
            "diag_1": 0.0,
            "diag_2": 0.0,
            "diag_3": 9.160777320166636,
            "number_diagnoses": 0.0,
            "metformin": 6.212393591568349,
            "repaglinide": 5.119269618497047,
            "nateglinide": -4.557407689699632,
            "chlorpropamide": -7.9637655659102204,
            "glimepiride": 5.809202703208877,
            "acetohexamide": 0.0,
            "glipizide": 0.0,
            "glyburide": 1.6552601592374725,
            "tolbutamide": 0.0,
            "pioglitazone": 0.0,
            "rosiglitazone": 0.0,
            "acarbose": 9.67606460751834,
            "miglitol": 2.820903181021513,
            "troglitazone": 0.0,
            "tolazamide": 0.0,
            "insulin": 0.0,
            "glyburide-metformin": 0.0,
            "glipizide-metformin": 0.0,
            "glimepiride-pioglitazone": 0.0,
            "metformin-rosiglitazone": 0.0,
            "metformin-pioglitazone": 0.0,
            "change": 0.0,
            "diabetesMed": 7.706892139477839
        },
        "Inherent": {
            "race": -1.5987133979797363,
            "gender": 1.896356225013733,
            "age": 0.12742865085601807,
            "admission_type_id": 0.1157412901520729,
            "discharge_disposition_id": -16.477785110473633,
            "admission_source_id": -0.28511714935302734,
            "time_in_hospital": 8.313516616821289,
            "payer_code": -5.350037574768066,
            "medical_specialty": 0.6301625967025757,
            "num_lab_procedures": 1.5025219917297363,
            "num_procedures": 2.3340868949890137,
            "num_medications": -0.2234857827425003,
            "number_outpatient": 0.3447165787220001,
            "number_emergency": -4.179471969604492,
            "number_inpatient": 21.612598419189453,
            "diag_1": 10.443882942199707,
            "diag_2": 4.161168098449707,
            "diag_3": -5.3121538162231445,
            "number_diagnoses": 5.302224159240723,
            "metformin": 2.91221022605896,
            "repaglinide": 0.012185735628008842,
            "nateglinide": 0.05611974000930786,
            "chlorpropamide": 0.031030436977744102,
            "glimepiride": 0.6808996796607971,
            "acetohexamide": 0.0,
            "glipizide": -0.3750259280204773,
            "glyburide": 0.503190279006958,
            "tolbutamide": 0.0,
            "pioglitazone": 0.8719480633735657,
            "rosiglitazone": 0.5415666699409485,
            "acarbose": 0.08102256804704666,
            "miglitol": 0.0,
            "troglitazone": 0.0,
            "tolazamide": 0.0,
            "insulin": 0.22516486048698425,
            "glyburide-metformin": 0.08587761968374252,
            "glipizide-metformin": 0.0,
            "glimepiride-pioglitazone": 0.0,
            "metformin-rosiglitazone": 0.0,
            "metformin-pioglitazone": 0.0,
            "change": 0.02932460606098175,
            "diabetesMed": 3.383267402648926
        }
    }
}