{
    "LogisticRegression": {
        "SHAP": {
            "number_inpatient": 51.20681075416539,
            "metformin": -8.947073096297203,
            "age": 6.906774163052163,
            "number_diagnoses": 6.515447750903491,
            "diabetesMed": 5.15151657795326,
            "num_procedures": 2.4580956381901333,
            "change": -2.2091643745687914,
            "time_in_hospital": 2.1157533233033585,
            "number_emergency": -1.88679035548011,
            "payer_code": -1.7195843267512483,
            "insulin": 1.4032687514090803,
            "discharge_disposition_id": -1.3148839231119127,
            "diag_2": -1.1629171234609599,
            "glimepiride": 1.1372248177975468,
            "num_lab_procedures": 0.9575401882861214,
            "diag_1": 0.9121816497199166,
            "gender": -0.8294022119331119,
            "admission_type_id": 0.774608575181279,
            "glyburide": 0.4012606064001115,
            "pioglitazone": 0.3672103866366868,
            "rosiglitazone": 0.35772744958328745,
            "admission_source_id": -0.20823041009529192,
            "num_medications": -0.1999823092633539,
            "glyburide-metformin": 0.16031529240612177,
            "acarbose": 0.15374158083979664,
            "number_outpatient": 0.11065893118541847,
            "diag_3": 0.08899083751014218,
            "glipizide": 0.0693857745194541,
            "glipizide-metformin": -0.06413596653831281,
            "chlorpropamide": -0.04270428787609081,
            "medical_specialty": -0.03096591763295726,
            "race": 0.023125228676205638,
            "tolazamide": 0.02140087785507126,
            "tolbutamide": -0.01878800192646642,
            "troglitazone": -0.01678980352321998,
            "repaglinide": 0.011109006254884679,
            "miglitol": -0.011082291959646324,
            "metformin-rosiglitazone": -0.010902728325564442,
            "acetohexamide": -0.006166783971451417,
            "nateglinide": 0.005643487650745525,
            "glimepiride-pioglitazone": -0.005533831088877076,
            "metformin-pioglitazone": -0.005110606715765877
        },
        "Lime": {
            "race": -3.7072981624980343,
            "gender": 0.0,
            "age": 0.0,
            "admission_type_id": 0.0,
            "discharge_disposition_id": -6.285849539256762,
            "admission_source_id": 0.0,
            "time_in_hospital": 11.016608703593178,
            "payer_code": 0.0,
            "medical_specialty": 0.0,
            "num_lab_procedures": 0.0,
            "num_procedures": 0.0,
            "num_medications": 0.0,
            "number_outpatient": 0.0,
            "number_emergency": -18.215481278467628,
            "number_inpatient": 60.77476231618439,
            "diag_1": 0.0,
            "diag_2": 0.0,
            "diag_3": 0.0,
            "number_diagnoses": 0.0,
            "metformin": 0.0,
            "repaglinide": 0.0,
            "nateglinide": 0.0,
            "chlorpropamide": 0.0,
            "glimepiride": 0.0,
            "acetohexamide": 0.0,
            "glipizide": 0.0,
            "glyburide": 0.0,
            "tolbutamide": 0.0,
            "pioglitazone": 0.0,
            "rosiglitazone": 0.0,
            "acarbose": 0.0,
            "miglitol": 0.0,
            "troglitazone": 0.0,
            "tolazamide": 0.0,
            "insulin": 0.0,
            "glyburide-metformin": 0.0,
            "glipizide-metformin": 0.0,
            "glimepiride-pioglitazone": 0.0,
            "metformin-rosiglitazone": 0.0,
            "metformin-pioglitazone": 0.0,
            "change": 0.0,
            "diabetesMed": 0.0
        },
        "Inherent": {
            "number_inpatient": 49.11619441344135,
            "number_diagnoses": 8.15056434815255,
            "age": 7.366878484962439,
            "diabetesMed": 4.1131422307133185,
            "time_in_hospital": 2.966257857116283,
            "num_procedures": 2.427616801201169,
            "insulin": 1.6030279865907988,
            "num_lab_procedures": 0.9468159397277051,
            "diag_1": 0.811126140402926,
            "admission_type_id": 0.7899703853237225,
            "glimepiride": 0.7498499579726142,
            "pioglitazone": 0.44503106622585187,
            "glyburide": 0.40538641257072155,
            "rosiglitazone": 0.2891804931574523,
            "num_medications": 0.15374821240289271,
            "number_outpatient": 0.1376123007236573,
            "glyburide-metformin": 0.0721498891410875,
            "glipizide": 0.055430965919414425,
            "diag_3": 0.04978681618869031,
            "tolazamide": 0.0294682473476168,
            "race": 0.028511667753988307,
            "nateglinide": 0.01606520520583352,
            "repaglinide": 0.0,
            "miglitol": -0.0,
            "troglitazone": -0.0,
            "acetohexamide": -0.0,
            "glimepiride-pioglitazone": -0.0,
            "metformin-rosiglitazone": -0.0,
            "metformin-pioglitazone": -0.0,
            "glipizide-metformin": -0.0,
            "acarbose": -0.0,
            "chlorpropamide": -0.0,
            "tolbutamide": -0.0,
            "medical_specialty": -0.04075473513969858,
            "admission_source_id": -0.39330242020502465,
            "gender": -0.8911067004992976,
            "diag_2": -1.0927547992483757,
            "discharge_disposition_id": -1.7508632530882675,
            "number_emergency": -1.8011156859988862,
            "payer_code": -1.970606463572932,
            "change": -2.11754155821807,
            "metformin": -9.218138561787384
        }
    },
    "DecisionTree": {
        "SHAP": {
            "number_inpatient": 67.79360569003451,
            "discharge_disposition_id": 21.520129761728406,
            "payer_code": -5.040535497484748,
            "diag_1": 2.591793563726519,
            "number_diagnoses": 1.769670788697459,
            "num_medications": -0.8529219028847256,
            "medical_specialty": -0.2540332041852356,
            "admission_source_id": 0.17730959125840423,
            "gender": 0.0,
            "race": 0.0,
            "num_lab_procedures": 0.0,
            "time_in_hospital": 0.0,
            "admission_type_id": 0.0,
            "age": 0.0,
            "number_emergency": 0.0,
            "number_outpatient": 0.0,
            "diag_2": 0.0,
            "num_procedures": 0.0,
            "diag_3": 0.0,
            "metformin": 0.0,
            "repaglinide": 0.0,
            "nateglinide": 0.0,
            "chlorpropamide": 0.0,
            "glimepiride": 0.0,
            "acetohexamide": 0.0,
            "glipizide": 0.0,
            "glyburide": 0.0,
            "tolbutamide": 0.0,
            "pioglitazone": 0.0,
            "rosiglitazone": 0.0,
            "acarbose": 0.0,
            "miglitol": 0.0,
            "troglitazone": 0.0,
            "tolazamide": 0.0,
            "insulin": 0.0,
            "glyburide-metformin": 0.0,
            "glipizide-metformin": 0.0,
            "glimepiride-pioglitazone": 0.0,
            "metformin-rosiglitazone": 0.0,
            "metformin-pioglitazone": 0.0,
            "change": 0.0,
            "diabetesMed": 0.0
        },
        "Lime": {
            "race": 0.0,
            "gender": 0.0,
            "age": 0.0,
            "admission_type_id": 0.0,
            "discharge_disposition_id": 23.531472000237823,
            "admission_source_id": 0.0,
            "time_in_hospital": 0.0,
            "payer_code": -2.6900822700697438,
            "medical_specialty": 2.043746246126012,
            "num_lab_procedures": 0.0,
            "num_procedures": 2.2417380237312985,
            "num_medications": 0.0,
            "number_outpatient": 0.0,
            "number_emergency": -3.4644235777049754,
            "number_inpatient": 40.79109423321559,
            "diag_1": 0.0,
            "diag_2": 0.0,
            "diag_3": -16.248587355975832,
            "number_diagnoses": 2.5678151770954933,
            "metformin": 1.8515621302148497,
            "repaglinide": 0.0,
            "nateglinide": 2.1903436541397308,
            "chlorpropamide": 0.0,
            "glimepiride": 0.0,
            "acetohexamide": 0.0,
            "glipizide": 0.0,
            "glyburide": 2.379135331488665,
            "tolbutamide": 0.0,
            "pioglitazone": 0.0,
            "rosiglitazone": 0.0,
            "acarbose": 0.0,
            "miglitol": 0.0,
            "troglitazone": 0.0,
            "tolazamide": 0.0,
            "insulin": 0.0,
            "glyburide-metformin": 0.0,
            "glipizide-metformin": 0.0,
            "glimepiride-pioglitazone": 0.0,
            "metformin-rosiglitazone": 0.0,
            "metformin-pioglitazone": 0.0,
            "change": 0.0,
            "diabetesMed": 0.0
        },
        "Inherent": {
            "number_inpatient": 93.6099415561071,
            "discharge_disposition_id": -4.424396301835058,
            "diag_1": -1.9656621420578377,
            "age": 0.0,
            "gender": 0.0,
            "admission_source_id": 0.0,
            "time_in_hospital": 0.0,
            "payer_code": 0.0,
            "admission_type_id": 0.0,
            "race": 0.0,
            "num_lab_procedures": 0.0,
            "medical_specialty": 0.0,
            "num_procedures": 0.0,
            "num_medications": 0.0,
            "number_emergency": 0.0,
            "number_outpatient": 0.0,
            "diag_2": 0.0,
            "diag_3": 0.0,
            "number_diagnoses": 0.0,
            "metformin": 0.0,
            "repaglinide": 0.0,
            "nateglinide": 0.0,
            "chlorpropamide": 0.0,
            "glimepiride": 0.0,
            "acetohexamide": 0.0,
            "glipizide": 0.0,
            "glyburide": 0.0,
            "tolbutamide": 0.0,
            "pioglitazone": 0.0,
            "rosiglitazone": 0.0,
            "acarbose": 0.0,
            "miglitol": 0.0,
            "troglitazone": 0.0,
            "tolazamide": 0.0,
            "insulin": 0.0,
            "glyburide-metformin": 0.0,
            "glipizide-metformin": 0.0,
            "glimepiride-pioglitazone": 0.0,
            "metformin-rosiglitazone": 0.0,
            "metformin-pioglitazone": 0.0,
            "change": 0.0,
            "diabetesMed": 0.0
        }
    },
    "XGBOOST": {
        "SHAP": {
            "number_inpatient": 31.351910707532028,
            "discharge_disposition_id": 12.062357799744971,
            "num_lab_procedures": -10.751342923152155,
            "diag_1": 7.361536606404235,
            "payer_code": -5.7042846795396,
            "metformin": -4.0479548474817095,
            "diag_2": -3.312931847293379,
            "diabetesMed": 3.163678087368918,
            "age": 3.123854275318793,
            "time_in_hospital": 2.6789523087982743,
            "medical_specialty": 2.6341645451837787,
            "number_emergency": -2.13097136545923,
            "gender": -1.7888613026286166,
            "insulin": -1.4945176107979936,
            "diag_3": -1.1480497465763675,
            "num_procedures": -1.0363466492145132,
            "glimepiride": 0.9689185987753285,
            "admission_source_id": 0.953395089429047,
            "num_medications": 0.8606715832737262,
            "glipizide": -0.6094515049946003,
            "pioglitazone": 0.5476122019552667,
            "glyburide-metformin": 0.4826019610799139,
            "race": 0.39189471841130474,
            "acarbose": 0.38853521944119274,
            "number_outpatient": 0.32148997493831977,
            "number_diagnoses": 0.22006038413437995,
            "rosiglitazone": 0.1992029355413976,
            "admission_type_id": 0.1533920059689805,
            "glyburide": 0.05953525782446156,
            "repaglinide": 0.041398803872006465,
            "change": -0.010124457865513884,
            "acetohexamide": 0.0,
            "nateglinide": 0.0,
            "chlorpropamide": 0.0,
            "tolazamide": 0.0,
            "troglitazone": 0.0,
            "miglitol": 0.0,
            "tolbutamide": 0.0,
            "glimepiride-pioglitazone": 0.0,
            "glipizide-metformin": 0.0,
            "metformin-pioglitazone": 0.0,
            "metformin-rosiglitazone": 0.0
        },
        "Lime": {
            "race": 0.0,
            "gender": 0.0,
            "age": 3.5406954723130344,
            "admission_type_id": 0.0,
            "discharge_disposition_id": 14.450201123204797,
            "admission_source_id": 0.0,
            "time_in_hospital": 1.9283732547736163,
            "payer_code": 0.0,
            "medical_specialty": 2.499406019604837,
            "num_lab_procedures": -1.7811885016592195,
            "num_procedures": 0.0,
            "num_medications": 0.0,
            "number_outpatient": 0.0,
            "number_emergency": -7.58585765872968,
            "number_inpatient": 21.383340692565177,
            "diag_1": 2.599688286762226,
            "diag_2": 0.0,
            "diag_3": -6.324290121886719,
            "number_diagnoses": 3.7554562714149005,
            "metformin": -3.023134707304044,
            "repaglinide": 0.0,
            "nateglinide": 2.2313737506468883,
            "chlorpropamide": 7.4497249345559045,
            "glimepiride": 4.551175073095429,
            "acetohexamide": 0.0,
            "glipizide": 2.715056576519241,
            "glyburide": 5.874745200715348,
            "tolbutamide": 0.0,
            "pioglitazone": 1.3139870695309814,
            "rosiglitazone": 1.491240560160704,
            "acarbose": 0.0,
            "miglitol": 0.0,
            "troglitazone": 0.0,
            "tolazamide": 0.0,
            "insulin": 0.0,
            "glyburide-metformin": 0.0,
            "glipizide-metformin": 0.0,
            "glimepiride-pioglitazone": 0.0,
            "metformin-rosiglitazone": 0.0,
            "metformin-pioglitazone": 0.0,
            "change": 0.0,
            "diabetesMed": 5.501064724557252
        },
        "Inherent": {
            "race": 0.5704113245010376,
            "gender": -2.044736623764038,
            "age": 2.9753589630126953,
            "admission_type_id": 0.33287087082862854,
            "discharge_disposition_id": 13.408918380737305,
            "admission_source_id": 0.5239947438240051,
            "time_in_hospital": 0.4687865674495697,
            "payer_code": -6.789878845214844,
            "medical_specialty": 1.9438143968582153,
            "num_lab_procedures": -9.784162521362305,
            "num_procedures": -1.0338925123214722,
            "num_medications": -1.6090720891952515,
            "number_outpatient": 0.49174413084983826,
            "number_emergency": -2.3580524921417236,
            "number_inpatient": 29.39685821533203,
            "diag_1": 6.067765235900879,
            "diag_2": -3.923779249191284,
            "diag_3": -3.235300302505493,
            "number_diagnoses": 0.6132571697235107,
            "metformin": -5.352470874786377,
            "repaglinide": 0.03502282872796059,
            "nateglinide": 0.008853363804519176,
            "chlorpropamide": 0.0219871923327446,
            "glimepiride": 0.5519202351570129,
            "acetohexamide": 0.0,
            "glipizide": -0.6417757272720337,
            "glyburide": 0.2779073417186737,
            "tolbutamide": 0.0,
            "pioglitazone": 0.7637506127357483,
            "rosiglitazone": 0.10950908809900284,
            "acarbose": 0.05934864655137062,
            "miglitol": 0.0,
            "troglitazone": 0.0,
            "tolazamide": 0.0,
            "insulin": -2.0011250972747803,
            "glyburide-metformin": 0.09212488681077957,
            "glipizide-metformin": 0.0,
            "glimepiride-pioglitazone": 0.0,
            "metformin-rosiglitazone": 0.0,
            "metformin-pioglitazone": 0.0,
            "change": -0.14825692772865295,
            "diabetesMed": 2.363297939300537
        }
    }
}