{
    "LogisticRegression": {
        "SHAP": {
            "number_inpatient": 38.84453411957306,
            "discharge_disposition_id": 17.786665996625363,
            "diabetesMed": -13.475830280064027,
            "number_diagnoses": -4.26619428003948,
            "num_medications": -3.1507675789722933,
            "admission_type_id": -2.7144170511636294,
            "payer_code": 2.45513744687328,
            "age": 2.3128061360699594,
            "metformin": 2.033889377651849,
            "num_procedures": 1.864665627102803,
            "change": -1.675831000990473,
            "time_in_hospital": 1.6049711150771497,
            "number_emergency": -1.4312840667189308,
            "insulin": 1.0644935720509927,
            "glimepiride": 0.8626775928037792,
            "num_lab_procedures": 0.8317929710132956,
            "diag_1": 0.8035316586441271,
            "gender": -0.6291690899274449,
            "diag_3": 0.5443666660918249,
            "glyburide": 0.30438883200477024,
            "pioglitazone": 0.27855896867410535,
            "rosiglitazone": 0.27136538902133284,
            "admission_source_id": -0.15795971572045805,
            "glyburide-metformin": 0.12161219872988023,
            "acarbose": 0.11662550341592579,
            "number_outpatient": 0.08394380678585449,
            "glipizide": 0.05263475787768512,
            "diag_2": -0.05244442618561821,
            "glipizide-metformin": -0.048652351196986666,
            "chlorpropamide": -0.03239467842312252,
            "medical_specialty": -0.023490169106839986,
            "race": 0.017542368312065376,
            "tolazamide": 0.01623430785449783,
            "tolbutamide": -0.01425222877821703,
            "troglitazone": -0.012736432638808587,
            "repaglinide": 0.008427085501850286,
            "miglitol": -0.008406820534405848,
            "metformin-rosiglitazone": -0.008270606901726903,
            "acetohexamide": -0.004678007609907538,
            "nateglinide": 0.004281044755065937,
            "glimepiride-pioglitazone": -0.00419786132699846,
            "metformin-pioglitazone": -0.003876811190123541
        },
        "Lime": {
            "race": -13.771903689758833,
            "gender": 0.0,
            "age": 0.0,
            "admission_type_id": 0.0,
            "discharge_disposition_id": 14.780564186167203,
            "admission_source_id": 0.0,
            "time_in_hospital": 9.769253112029466,
            "payer_code": 0.0,
            "medical_specialty": 0.0,
            "num_lab_procedures": 0.0,
            "num_procedures": 0.0,
            "num_medications": 0.0,
            "number_outpatient": 0.0,
            "number_emergency": -11.874840915293387,
            "number_inpatient": 49.803438096751115,
            "diag_1": 0.0,
            "diag_2": 0.0,
            "diag_3": 0.0,
            "number_diagnoses": 0.0,
            "metformin": 0.0,
            "repaglinide": 0.0,
            "nateglinide": 0.0,
            "chlorpropamide": 0.0,
            "glimepiride": 0.0,
            "acetohexamide": 0.0,
            "glipizide": 0.0,
            "glyburide": 0.0,
            "tolbutamide": 0.0,
            "pioglitazone": 0.0,
            "rosiglitazone": 0.0,
            "acarbose": 0.0,
            "miglitol": 0.0,
            "troglitazone": 0.0,
            "tolazamide": 0.0,
            "insulin": 0.0,
            "glyburide-metformin": 0.0,
            "glipizide-metformin": 0.0,
            "glimepiride-pioglitazone": 0.0,
            "metformin-rosiglitazone": 0.0,
            "metformin-pioglitazone": 0.0,
            "change": 0.0,
            "diabetesMed": 0.0
        },
        "Inherent": {
            "number_inpatient": 38.32785897016562,
            "discharge_disposition_id": 17.901868848554,
            "age": 2.7467913570295313,
            "payer_code": 2.318697780790227,
            "time_in_hospital": 2.3147215327738344,
            "num_procedures": 1.894392582756367,
            "metformin": 1.8548970665796847,
            "insulin": 1.2509240858136716,
            "num_lab_procedures": 0.8469858871675718,
            "diag_1": 0.7474054786338774,
            "glimepiride": 0.585145974381391,
            "diag_3": 0.5279991522492783,
            "pioglitazone": 0.3472803246942717,
            "glyburide": 0.3163435896242789,
            "rosiglitazone": 0.22566221367567052,
            "number_outpatient": 0.10738586158159164,
            "glyburide-metformin": 0.05630221984291005,
            "glipizide": 0.04325559562810835,
            "tolazamide": 0.022995568812398105,
            "race": 0.022249101212532554,
            "nateglinide": 0.012536494873215386,
            "glimepiride-pioglitazone": -0.0,
            "troglitazone": -0.0,
            "miglitol": -0.0,
            "glipizide-metformin": -0.0,
            "chlorpropamide": -0.0,
            "metformin-rosiglitazone": -0.0,
            "metformin-pioglitazone": -0.0,
            "tolbutamide": -0.0,
            "acarbose": -0.0,
            "repaglinide": 0.0,
            "acetohexamide": -0.0,
            "diag_2": -0.0016281986209536997,
            "medical_specialty": -0.03180298798502485,
            "admission_source_id": -0.3069138371623854,
            "gender": -0.6953757788441343,
            "number_emergency": -1.4055019698966453,
            "change": -1.6524251354587054,
            "admission_type_id": -2.7706557993665037,
            "num_medications": -2.956369449852318,
            "number_diagnoses": -3.085689600542814,
            "diabetesMed": -14.621937555430486
        }
    },
    "DecisionTree": {
        "SHAP": {
            "number_inpatient": 78.2271454481101,
            "discharge_disposition_id": -12.924750655573423,
            "number_diagnoses": -3.3688875738203636,
            "payer_code": 2.8341886133344127,
            "diag_1": 1.6822072669799533,
            "num_medications": -0.6394403309153428,
            "medical_specialty": -0.19045011694305844,
            "admission_source_id": 0.13292999432336255,
            "gender": 0.0,
            "race": 0.0,
            "num_lab_procedures": 0.0,
            "time_in_hospital": 0.0,
            "admission_type_id": 0.0,
            "age": 0.0,
            "number_emergency": 0.0,
            "number_outpatient": 0.0,
            "diag_2": 0.0,
            "num_procedures": 0.0,
            "diag_3": 0.0,
            "metformin": 0.0,
            "repaglinide": 0.0,
            "nateglinide": 0.0,
            "chlorpropamide": 0.0,
            "glimepiride": 0.0,
            "acetohexamide": 0.0,
            "glipizide": 0.0,
            "glyburide": 0.0,
            "tolbutamide": 0.0,
            "pioglitazone": 0.0,
            "rosiglitazone": 0.0,
            "acarbose": 0.0,
            "miglitol": 0.0,
            "troglitazone": 0.0,
            "tolazamide": 0.0,
            "insulin": 0.0,
            "glyburide-metformin": 0.0,
            "glipizide-metformin": 0.0,
            "glimepiride-pioglitazone": 0.0,
            "metformin-rosiglitazone": 0.0,
            "metformin-pioglitazone": 0.0,
            "change": 0.0,
            "diabetesMed": 0.0
        },
        "Lime": {
            "race": 0.0,
            "gender": 0.0,
            "age": 0.0,
            "admission_type_id": -2.9884320975358705,
            "discharge_disposition_id": 3.8662899658054672,
            "admission_source_id": 0.0,
            "time_in_hospital": 3.349493070269126,
            "payer_code": 4.752926736646775,
            "medical_specialty": -2.7795870391858832,
            "num_lab_procedures": 0.0,
            "num_procedures": 0.0,
            "num_medications": -2.658308459505391,
            "number_outpatient": 0.0,
            "number_emergency": 0.0,
            "number_inpatient": 56.03586196646152,
            "diag_1": 0.0,
            "diag_2": -7.130346357963846,
            "diag_3": -3.453840318132918,
            "number_diagnoses": -5.100885004021567,
            "metformin": 0.0,
            "repaglinide": 0.0,
            "nateglinide": 0.0,
            "chlorpropamide": 0.0,
            "glimepiride": 4.80734696518689,
            "acetohexamide": 0.0,
            "glipizide": 0.0,
            "glyburide": -3.076682019284756,
            "tolbutamide": 0.0,
            "pioglitazone": 0.0,
            "rosiglitazone": 0.0,
            "acarbose": 0.0,
            "miglitol": 0.0,
            "troglitazone": 0.0,
            "tolazamide": 0.0,
            "insulin": 0.0,
            "glyburide-metformin": 0.0,
            "glipizide-metformin": 0.0,
            "glimepiride-pioglitazone": 0.0,
            "metformin-rosiglitazone": 0.0,
            "metformin-pioglitazone": 0.0,
            "change": 0.0,
            "diabetesMed": 0.0
        },
        "Inherent": {
            "number_inpatient": 93.6099415561071,
            "discharge_disposition_id": -4.424396301835058,
            "diag_1": -1.9656621420578377,
            "age": 0.0,
            "gender": 0.0,
            "admission_source_id": 0.0,
            "time_in_hospital": 0.0,
            "payer_code": 0.0,
            "admission_type_id": 0.0,
            "race": 0.0,
            "num_lab_procedures": 0.0,
            "medical_specialty": 0.0,
            "num_procedures": 0.0,
            "num_medications": 0.0,
            "number_emergency": 0.0,
            "number_outpatient": 0.0,
            "diag_2": 0.0,
            "diag_3": 0.0,
            "number_diagnoses": 0.0,
            "metformin": 0.0,
            "repaglinide": 0.0,
            "nateglinide": 0.0,
            "chlorpropamide": 0.0,
            "glimepiride": 0.0,
            "acetohexamide": 0.0,
            "glipizide": 0.0,
            "glyburide": 0.0,
            "tolbutamide": 0.0,
            "pioglitazone": 0.0,
            "rosiglitazone": 0.0,
            "acarbose": 0.0,
            "miglitol": 0.0,
            "troglitazone": 0.0,
            "tolazamide": 0.0,
            "insulin": 0.0,
            "glyburide-metformin": 0.0,
            "glipizide-metformin": 0.0,
            "glimepiride-pioglitazone": 0.0,
            "metformin-rosiglitazone": 0.0,
            "metformin-pioglitazone": 0.0,
            "change": 0.0,
            "diabetesMed": 0.0
        }
    },
    "XGBOOST": {
        "SHAP": {
            "discharge_disposition_id": -32.511387204135914,
            "number_inpatient": 22.46056810431215,
            "num_lab_procedures": -9.590089511414138,
            "payer_code": 7.156125192357058,
            "num_medications": -5.15926726275751,
            "diabetesMed": -4.099898309236114,
            "time_in_hospital": 3.0160420213532575,
            "diag_3": 2.872761450629287,
            "diag_2": -1.91555127706081,
            "number_diagnoses": 1.7268722737259126,
            "metformin": 1.317900837362289,
            "admission_source_id": 1.0685700601481878,
            "age": 0.8694707617271539,
            "admission_type_id": 0.8659578105788635,
            "gender": -0.7711657007190446,
            "insulin": -0.6207674142281069,
            "number_emergency": -0.5700075469066515,
            "num_procedures": -0.5635995988986244,
            "glimepiride": 0.5191072839806197,
            "number_outpatient": 0.37717340226774293,
            "medical_specialty": -0.3297241100521815,
            "glipizide": -0.30061346176806136,
            "pioglitazone": 0.2946454685359213,
            "glyburide-metformin": 0.22916793865464033,
            "change": 0.1770160687614359,
            "acarbose": 0.17313852516628767,
            "rosiglitazone": 0.16193986883809836,
            "race": 0.129450704216176,
            "diag_1": 0.12204248041615369,
            "glyburide": 0.018906579304783348,
            "repaglinide": 0.011071770486830515,
            "acetohexamide": 0.0,
            "nateglinide": 0.0,
            "chlorpropamide": 0.0,
            "tolazamide": 0.0,
            "troglitazone": 0.0,
            "miglitol": 0.0,
            "tolbutamide": 0.0,
            "glimepiride-pioglitazone": 0.0,
            "glipizide-metformin": 0.0,
            "metformin-pioglitazone": 0.0,
            "metformin-rosiglitazone": 0.0
        },
        "Lime": {
            "race": 0.0,
            "gender": -1.7730975797626989,
            "age": 0.0,
            "admission_type_id": 0.0,
            "discharge_disposition_id": -2.5416987418441472,
            "admission_source_id": 0.0,
            "time_in_hospital": 1.3572290055676113,
            "payer_code": 1.3780741551843663,
            "medical_specialty": 0.0,
            "num_lab_procedures": 0.0,
            "num_procedures": 0.0,
            "num_medications": -2.6415819256354576,
            "number_outpatient": 0.0,
            "number_emergency": -9.812723325723924,
            "number_inpatient": 22.80034568157125,
            "diag_1": -4.953997244475296,
            "diag_2": 0.0,
            "diag_3": 2.3890198429156757,
            "number_diagnoses": -2.423658168312744,
            "metformin": 3.4927179735752127,
            "repaglinide": 0.0,
            "nateglinide": -6.059691609401451,
            "chlorpropamide": -2.7252246704438936,
            "glimepiride": 4.6048918326864845,
            "acetohexamide": 4.664068260062722,
            "glipizide": 0.0,
            "glyburide": 11.304917139050527,
            "tolbutamide": 0.0,
            "pioglitazone": 2.6403124979720296,
            "rosiglitazone": 3.0095086471467742,
            "acarbose": 3.7723385259960933,
            "miglitol": 0.0,
            "troglitazone": 0.0,
            "tolazamide": 0.0,
            "insulin": 0.0,
            "glyburide-metformin": 0.0,
            "glipizide-metformin": 0.0,
            "glimepiride-pioglitazone": 0.0,
            "metformin-rosiglitazone": 0.0,
            "metformin-pioglitazone": 0.0,
            "change": 0.0,
            "diabetesMed": -5.654903172671634
        },
        "Inherent": {
            "race": 0.1929108053445816,
            "gender": -0.8765391111373901,
            "age": 0.6076093912124634,
            "admission_type_id": 0.8241344094276428,
            "discharge_disposition_id": -34.02299118041992,
            "admission_source_id": 0.9775816202163696,
            "time_in_hospital": 1.3518582582473755,
            "payer_code": 6.5840654373168945,
            "medical_specialty": -0.9009553790092468,
            "num_lab_procedures": -8.680120468139648,
            "num_procedures": -0.5715943574905396,
            "num_medications": -5.831918716430664,
            "number_outpatient": 0.5013030171394348,
            "number_emergency": -0.7349089980125427,
            "number_inpatient": 21.32217025756836,
            "diag_1": -1.1575653553009033,
            "diag_2": -2.9485585689544678,
            "diag_3": 1.8871841430664062,
            "number_diagnoses": 2.254906177520752,
            "metformin": 1.1010456085205078,
            "repaglinide": 0.002076171338558197,
            "nateglinide": 9.497730934526771e-05,
            "chlorpropamide": 0.010687294416129589,
            "glimepiride": 0.3256962299346924,
            "acetohexamide": 0.0,
            "glipizide": -0.33271467685699463,
            "glyburide": 0.11935929954051971,
            "tolbutamide": 0.0,
            "pioglitazone": 0.3444685637950897,
            "rosiglitazone": 0.09405223280191422,
            "acarbose": 0.020381899550557137,
            "miglitol": 0.0,
            "troglitazone": 0.0,
            "tolazamide": 0.0,
            "insulin": -0.773865818977356,
            "glyburide-metformin": 0.04455985501408577,
            "glipizide-metformin": 0.0,
            "glimepiride-pioglitazone": 0.0,
            "metformin-rosiglitazone": 0.0,
            "metformin-pioglitazone": 0.0,
            "change": 0.13938254117965698,
            "diabetesMed": -4.462739944458008
        }
    }
}