{
    "LogisticRegression": {
        "SHAP": {
            "metformin": 16.65677835465431,
            "number_inpatient": -15.5886027599318,
            "number_diagnoses": -11.256715983920852,
            "glimepiride": -10.347547259240594,
            "discharge_disposition_id": -6.771346026107248,
            "time_in_hospital": 6.698556526666423,
            "diabetesMed": 5.996584970045489,
            "age": 3.5489994496233717,
            "change": 3.177150542611631,
            "insulin": -2.7696423963015993,
            "admission_source_id": 2.419221970219711,
            "diag_1": -2.233790288361905,
            "number_emergency": -2.1963044311494917,
            "payer_code": -2.0016694836337345,
            "num_procedures": -1.9623612462465936,
            "num_medications": 1.6080371765174593,
            "gender": -0.9654595424356813,
            "num_lab_procedures": 0.8719654014458723,
            "glyburide": 0.467084456586617,
            "pioglitazone": 0.4274485487970661,
            "rosiglitazone": 0.41641000569120357,
            "diag_3": -0.32825810690980206,
            "diag_2": 0.28487974267189986,
            "glyburide-metformin": 0.1866138365981824,
            "acarbose": 0.1789617560157879,
            "number_outpatient": 0.1288117146681924,
            "admission_type_id": -0.11171229519755815,
            "glipizide": 0.08076800032033184,
            "glipizide-metformin": -0.07465699996558886,
            "chlorpropamide": -0.049709612103394335,
            "medical_specialty": -0.0360456485874756,
            "race": 0.026918752295599785,
            "tolazamide": 0.024911534409249068,
            "tolbutamide": -0.021870035408911852,
            "troglitazone": -0.01954404725944982,
            "repaglinide": 0.012931356995972226,
            "miglitol": -0.012900260417151676,
            "metformin-rosiglitazone": -0.01269124069004639,
            "acetohexamide": -0.007178399509570308,
            "nateglinide": 0.006569260277629448,
            "glimepiride-pioglitazone": -0.006441615363589696,
            "metformin-pioglitazone": -0.005948964145962464
        },
        "Lime": {
            "race": 0.0,
            "gender": 0.0,
            "age": 0.0,
            "admission_type_id": 0.0,
            "discharge_disposition_id": -16.37606418806574,
            "admission_source_id": -10.279415086027763,
            "time_in_hospital": 15.16783576100195,
            "payer_code": 0.0,
            "medical_specialty": 0.0,
            "num_lab_procedures": 0.0,
            "num_procedures": 0.0,
            "num_medications": 0.0,
            "number_outpatient": 0.0,
            "number_emergency": -24.677147537349338,
            "number_inpatient": -8.852516236743952,
            "diag_1": 0.0,
            "diag_2": 0.0,
            "diag_3": 0.0,
            "number_diagnoses": -24.647021190811255,
            "metformin": 0.0,
            "repaglinide": 0.0,
            "nateglinide": 0.0,
            "chlorpropamide": 0.0,
            "glimepiride": 0.0,
            "acetohexamide": 0.0,
            "glipizide": 0.0,
            "glyburide": 0.0,
            "tolbutamide": 0.0,
            "pioglitazone": 0.0,
            "rosiglitazone": 0.0,
            "acarbose": 0.0,
            "miglitol": 0.0,
            "troglitazone": 0.0,
            "tolazamide": 0.0,
            "insulin": 0.0,
            "glyburide-metformin": 0.0,
            "glipizide-metformin": 0.0,
            "glimepiride-pioglitazone": 0.0,
            "metformin-rosiglitazone": 0.0,
            "metformin-pioglitazone": 0.0,
            "change": 0.0,
            "diabetesMed": 0.0
        },
        "Inherent": {
            "metformin": 16.07543010883827,
            "time_in_hospital": 7.587435482934028,
            "diabetesMed": 4.73230991991809,
            "age": 4.0498158289678825,
            "change": 3.2295186281870163,
            "admission_source_id": 2.1707258264036877,
            "num_medications": 1.9911750402674306,
            "num_lab_procedures": 0.8501904765582718,
            "pioglitazone": 0.5120233658944219,
            "glyburide": 0.4664108445566041,
            "diag_2": 0.357687079185668,
            "rosiglitazone": 0.33271198506026084,
            "number_outpatient": 0.15832762868119366,
            "glyburide-metformin": 0.0830108994417501,
            "glipizide": 0.06377521008934198,
            "tolazamide": 0.03390422003995287,
            "race": 0.032803642708511,
            "nateglinide": 0.0184835645588412,
            "troglitazone": -0.0,
            "miglitol": -0.0,
            "acarbose": -0.0,
            "glipizide-metformin": -0.0,
            "metformin-pioglitazone": -0.0,
            "chlorpropamide": -0.0,
            "repaglinide": 0.0,
            "acetohexamide": -0.0,
            "metformin-rosiglitazone": -0.0,
            "glimepiride-pioglitazone": -0.0,
            "tolbutamide": -0.0,
            "medical_specialty": -0.0468897078114857,
            "admission_type_id": -0.08988999973915861,
            "diag_3": -0.36833906398992344,
            "gender": -1.025248542826825,
            "num_procedures": -1.9610816135090499,
            "number_emergency": -2.0722448069330284,
            "payer_code": -2.2672497066077932,
            "diag_1": -2.314861488230131,
            "insulin": -2.4952810627745,
            "discharge_disposition_id": -7.179626841882884,
            "number_diagnoses": -9.191808181618635,
            "glimepiride": -10.640310273288481,
            "number_inpatient": -17.601428958496886
        }
    },
    "DecisionTree": {
        "SHAP": {
            "discharge_disposition_id": -30.975303890678223,
            "number_inpatient": -30.075942869264576,
            "number_diagnoses": -20.346866097971944,
            "diag_1": -14.8315719828452,
            "payer_code": -1.3955059554764755,
            "admission_source_id": -1.272687095816762,
            "num_medications": 0.8676861042360182,
            "medical_specialty": -0.2344360037108164,
            "gender": 0.0,
            "race": 0.0,
            "num_lab_procedures": 0.0,
            "time_in_hospital": 0.0,
            "admission_type_id": 0.0,
            "age": 0.0,
            "number_emergency": 0.0,
            "number_outpatient": 0.0,
            "diag_2": 0.0,
            "num_procedures": 0.0,
            "diag_3": 0.0,
            "metformin": 0.0,
            "repaglinide": 0.0,
            "nateglinide": 0.0,
            "chlorpropamide": 0.0,
            "glimepiride": 0.0,
            "acetohexamide": 0.0,
            "glipizide": 0.0,
            "glyburide": 0.0,
            "tolbutamide": 0.0,
            "pioglitazone": 0.0,
            "rosiglitazone": 0.0,
            "acarbose": 0.0,
            "miglitol": 0.0,
            "troglitazone": 0.0,
            "tolazamide": 0.0,
            "insulin": 0.0,
            "glyburide-metformin": 0.0,
            "glipizide-metformin": 0.0,
            "glimepiride-pioglitazone": 0.0,
            "metformin-rosiglitazone": 0.0,
            "metformin-pioglitazone": 0.0,
            "change": 0.0,
            "diabetesMed": 0.0
        },
        "Lime": {
            "race": 0.0,
            "gender": 0.0,
            "age": 0.0,
            "admission_type_id": 0.0,
            "discharge_disposition_id": -18.603983951589147,
            "admission_source_id": 0.0,
            "time_in_hospital": 0.0,
            "payer_code": 0.0,
            "medical_specialty": 0.0,
            "num_lab_procedures": 0.0,
            "num_procedures": 0.0,
            "num_medications": 0.0,
            "number_outpatient": 0.0,
            "number_emergency": 0.0,
            "number_inpatient": -39.54106480836082,
            "diag_1": -2.8961699229372377,
            "diag_2": 0.0,
            "diag_3": -3.346984433930875,
            "number_diagnoses": -8.160611682907104,
            "metformin": -3.8411254045115424,
            "repaglinide": 0.0,
            "nateglinide": 4.784839446107326,
            "chlorpropamide": 4.504357947115459,
            "glimepiride": -2.6562977721062047,
            "acetohexamide": 0.0,
            "glipizide": 0.0,
            "glyburide": 6.439697881911361,
            "tolbutamide": 0.0,
            "pioglitazone": 0.0,
            "rosiglitazone": 0.0,
            "acarbose": 5.224866748522929,
            "miglitol": 0.0,
            "troglitazone": 0.0,
            "tolazamide": 0.0,
            "insulin": 0.0,
            "glyburide-metformin": 0.0,
            "glipizide-metformin": 0.0,
            "glimepiride-pioglitazone": 0.0,
            "metformin-rosiglitazone": 0.0,
            "metformin-pioglitazone": 0.0,
            "change": 0.0,
            "diabetesMed": 0.0
        },
        "Inherent": {
            "number_inpatient": -31.60851789225841,
            "diag_1": -26.957267844138,
            "discharge_disposition_id": -22.027735752003924,
            "number_diagnoses": -19.40647851159967,
            "gender": 0.0,
            "admission_source_id": 0.0,
            "time_in_hospital": 0.0,
            "age": 0.0,
            "admission_type_id": 0.0,
            "race": 0.0,
            "num_lab_procedures": 0.0,
            "medical_specialty": 0.0,
            "payer_code": 0.0,
            "num_procedures": 0.0,
            "number_emergency": 0.0,
            "number_outpatient": 0.0,
            "diag_2": 0.0,
            "num_medications": 0.0,
            "diag_3": 0.0,
            "metformin": 0.0,
            "repaglinide": 0.0,
            "nateglinide": 0.0,
            "chlorpropamide": 0.0,
            "glimepiride": 0.0,
            "acetohexamide": 0.0,
            "glipizide": 0.0,
            "glyburide": 0.0,
            "tolbutamide": 0.0,
            "pioglitazone": 0.0,
            "rosiglitazone": 0.0,
            "acarbose": 0.0,
            "miglitol": 0.0,
            "troglitazone": 0.0,
            "tolazamide": 0.0,
            "insulin": 0.0,
            "glyburide-metformin": 0.0,
            "glipizide-metformin": 0.0,
            "glimepiride-pioglitazone": 0.0,
            "metformin-rosiglitazone": 0.0,
            "metformin-pioglitazone": 0.0,
            "change": 0.0,
            "diabetesMed": 0.0
        }
    },
    "XGBOOST": {
        "SHAP": {
            "number_inpatient": -16.51713220044607,
            "discharge_disposition_id": -14.000204639162192,
            "time_in_hospital": 10.319257537323224,
            "diag_1": -7.464544902098108,
            "number_diagnoses": -7.1654917704871615,
            "glimepiride": -6.349708507442313,
            "num_medications": 4.934989696022435,
            "age": 4.296980467913201,
            "diabetesMed": 4.161245789482317,
            "diag_3": -3.762698753320263,
            "num_lab_procedures": 3.1057338294970998,
            "medical_specialty": 2.680661554613655,
            "admission_source_id": 2.109963590734231,
            "number_emergency": -2.064624838084449,
            "gender": -1.739348099931225,
            "admission_type_id": 1.6973830185028929,
            "metformin": 1.6631121026798108,
            "payer_code": -1.638500210975372,
            "insulin": -0.8710156547475678,
            "num_procedures": -0.8208112737114798,
            "diag_2": 0.6649850015704117,
            "pioglitazone": 0.39698636388851466,
            "glyburide-metformin": 0.3820313985138882,
            "number_outpatient": -0.2967206752961907,
            "acarbose": 0.26451266987043903,
            "glipizide": 0.24503045836372475,
            "glyburide": 0.18667723200228753,
            "race": 0.10779744406190865,
            "rosiglitazone": 0.07195395884498795,
            "repaglinide": 0.017221683721945512,
            "change": -0.0026746766906294555,
            "acetohexamide": 0.0,
            "nateglinide": 0.0,
            "chlorpropamide": 0.0,
            "tolazamide": 0.0,
            "troglitazone": 0.0,
            "miglitol": 0.0,
            "tolbutamide": 0.0,
            "glimepiride-pioglitazone": 0.0,
            "glipizide-metformin": 0.0,
            "metformin-pioglitazone": 0.0,
            "metformin-rosiglitazone": 0.0
        },
        "Lime": {
            "race": 0.0,
            "gender": -2.104470567568395,
            "age": 0.0,
            "admission_type_id": 0.0,
            "discharge_disposition_id": -6.129470394911881,
            "admission_source_id": 0.0,
            "time_in_hospital": 4.249460415663835,
            "payer_code": 0.0,
            "medical_specialty": 2.448169363251839,
            "num_lab_procedures": 0.0,
            "num_procedures": -5.072384530335497,
            "num_medications": 2.7800329366354455,
            "number_outpatient": 0.0,
            "number_emergency": -2.597892355543564,
            "number_inpatient": -23.773257325693436,
            "diag_1": -6.038560477824291,
            "diag_2": -2.8515073245731535,
            "diag_3": 0.0,
            "number_diagnoses": -5.264675232395702,
            "metformin": 10.78594431754725,
            "repaglinide": 1.9968876125331092,
            "nateglinide": -3.8852989165568714,
            "chlorpropamide": 0.0,
            "glimepiride": -2.43417104581491,
            "acetohexamide": 0.0,
            "glipizide": 0.0,
            "glyburide": 1.9984179449032677,
            "tolbutamide": 0.0,
            "pioglitazone": 2.967608375319585,
            "rosiglitazone": 0.0,
            "acarbose": 2.6209554333316625,
            "miglitol": 0.0,
            "troglitazone": 0.0,
            "tolazamide": 0.0,
            "insulin": -1.7763788890009926,
            "glyburide-metformin": 0.0,
            "glipizide-metformin": 0.0,
            "glimepiride-pioglitazone": 0.0,
            "metformin-rosiglitazone": 0.0,
            "metformin-pioglitazone": 0.0,
            "change": 0.0,
            "diabetesMed": 8.224456540595314
        },
        "Inherent": {
            "race": 0.1459096521139145,
            "gender": -2.026095151901245,
            "age": 3.9288647174835205,
            "admission_type_id": 1.2456223964691162,
            "discharge_disposition_id": -13.356356620788574,
            "admission_source_id": 1.8271193504333496,
            "time_in_hospital": 9.215508460998535,
            "payer_code": -2.0446884632110596,
            "medical_specialty": 2.1566264629364014,
            "num_lab_procedures": 3.5249483585357666,
            "num_procedures": -0.8838537335395813,
            "num_medications": 3.0323543548583984,
            "number_outpatient": -0.38486385345458984,
            "number_emergency": -2.083495616912842,
            "number_inpatient": -21.48455047607422,
            "diag_1": -8.965392112731934,
            "diag_2": -0.44599002599716187,
            "diag_3": -5.265874862670898,
            "number_diagnoses": -5.528872966766357,
            "metformin": 2.4928481578826904,
            "repaglinide": 0.0007965596741996706,
            "nateglinide": 0.00976010411977768,
            "chlorpropamide": 0.012625384144484997,
            "glimepiride": -4.869974613189697,
            "acetohexamide": 0.0,
            "glipizide": -0.26857078075408936,
            "glyburide": 0.2595313489437103,
            "tolbutamide": 0.0,
            "pioglitazone": 0.4707455039024353,
            "rosiglitazone": 0.0008933600038290024,
            "acarbose": 0.031079456210136414,
            "miglitol": 0.0,
            "troglitazone": 0.0,
            "tolazamide": 0.0,
            "insulin": -0.8730747699737549,
            "glyburide-metformin": 0.0625346302986145,
            "glipizide-metformin": 0.0,
            "glimepiride-pioglitazone": 0.0,
            "metformin-rosiglitazone": 0.0,
            "metformin-pioglitazone": 0.0,
            "change": -0.008014307357370853,
            "diabetesMed": 3.092555284500122
        }
    }
}