{
    "LogisticRegression": {
        "SHAP": {
            "number_inpatient": -14.995981216216778,
            "number_emergency": 13.445880905658322,
            "number_diagnoses": -10.82877689879005,
            "glimepiride": -9.95417143686111,
            "age": 7.73413669169196,
            "discharge_disposition_id": -6.513924267607207,
            "time_in_hospital": -5.780205627144557,
            "diabetesMed": 5.768616787348517,
            "payer_code": 3.624183752830029,
            "metformin": 3.0023528201758842,
            "num_procedures": 2.752550933070185,
            "diag_1": -2.601772863573216,
            "change": -2.473800191518173,
            "admission_source_id": 2.327252017513881,
            "insulin": 1.5713663256337982,
            "num_medications": -1.552070957742895,
            "num_lab_procedures": -1.1453169535424568,
            "gender": -0.9287563091027194,
            "diag_3": -0.4744501125045384,
            "glyburide": 0.449327617441345,
            "pioglitazone": 0.41119852159783743,
            "rosiglitazone": 0.4005796234438994,
            "diag_2": 0.2740496589578353,
            "glyburide-metformin": 0.1795194624822638,
            "acarbose": 0.1721582859582514,
            "number_outpatient": 0.12391476537960994,
            "admission_type_id": -0.10746540316679257,
            "glipizide": 0.07769749696799548,
            "glipizide-metformin": -0.07181881444953604,
            "medical_specialty": 0.05698096712827892,
            "chlorpropamide": -0.047819834840103714,
            "race": 0.02589539999225516,
            "tolazamide": 0.023964489173362667,
            "tolbutamide": -0.021038616817731573,
            "troglitazone": -0.01880105421281803,
            "repaglinide": 0.012439754197228727,
            "miglitol": -0.012409839796364005,
            "metformin-rosiglitazone": -0.012208766233212705,
            "acetohexamide": -0.006905503069505829,
            "nateglinide": 0.00631952107862945,
            "glimepiride-pioglitazone": -0.006196728756394785,
            "metformin-pioglitazone": -0.0057228063324637896
        },
        "Lime": {
            "race": -22.46457405932995,
            "gender": 0.0,
            "age": 0.0,
            "admission_type_id": 0.0,
            "discharge_disposition_id": -19.95775496988939,
            "admission_source_id": 0.0,
            "time_in_hospital": 0.0,
            "payer_code": 0.0,
            "medical_specialty": 0.0,
            "num_lab_procedures": 0.0,
            "num_procedures": 0.0,
            "num_medications": 0.0,
            "number_outpatient": 0.0,
            "number_emergency": 26.281302236263837,
            "number_inpatient": 0.0,
            "diag_1": 0.0,
            "diag_2": 0.0,
            "diag_3": 0.0,
            "number_diagnoses": -31.29636873451682,
            "metformin": 0.0,
            "repaglinide": 0.0,
            "nateglinide": 0.0,
            "chlorpropamide": 0.0,
            "glimepiride": 0.0,
            "acetohexamide": 0.0,
            "glipizide": 0.0,
            "glyburide": 0.0,
            "tolbutamide": 0.0,
            "pioglitazone": 0.0,
            "rosiglitazone": 0.0,
            "acarbose": 0.0,
            "miglitol": 0.0,
            "troglitazone": 0.0,
            "tolazamide": 0.0,
            "insulin": 0.0,
            "glyburide-metformin": 0.0,
            "glipizide-metformin": 0.0,
            "glimepiride-pioglitazone": 0.0,
            "metformin-rosiglitazone": 0.0,
            "metformin-pioglitazone": 0.0,
            "change": 0.0,
            "diabetesMed": 0.0
        },
        "Inherent": {
            "number_emergency": 13.74149265799499,
            "age": 8.39846482540314,
            "diabetesMed": 4.689106847226914,
            "payer_code": 3.3874328713488953,
            "num_procedures": 2.767556755016797,
            "metformin": 2.7098569500330747,
            "admission_source_id": 2.150908437589822,
            "insulin": 1.8275005060828402,
            "pioglitazone": 0.5073489081622241,
            "glyburide": 0.4621528010298012,
            "diag_2": 0.35442161662208754,
            "rosiglitazone": 0.3296745297120209,
            "number_outpatient": 0.1568821950205315,
            "glyburide-metformin": 0.08225306109569266,
            "glipizide": 0.0631929817306734,
            "medical_specialty": 0.04658569678810384,
            "tolazamide": 0.0335946954087028,
            "race": 0.0325041656699286,
            "nateglinide": 0.01831482100722667,
            "troglitazone": -0.0,
            "acarbose": -0.0,
            "glipizide-metformin": -0.0,
            "glimepiride-pioglitazone": -0.0,
            "miglitol": -0.0,
            "acetohexamide": -0.0,
            "repaglinide": 0.0,
            "metformin-pioglitazone": -0.0,
            "metformin-rosiglitazone": -0.0,
            "chlorpropamide": -0.0,
            "tolbutamide": -0.0,
            "admission_type_id": -0.0890693594474915,
            "diag_3": -0.5260556327369982,
            "gender": -1.0158886555684188,
            "num_lab_procedures": -1.1718172224563972,
            "num_medications": -1.1730117883807643,
            "change": -2.414061577006519,
            "diag_1": -2.7535048899275685,
            "time_in_hospital": -4.891462078749568,
            "discharge_disposition_id": -7.114081274159213,
            "number_diagnoses": -9.107892638521514,
            "glimepiride": -10.543170798914936,
            "number_inpatient": -17.440738761187134
        }
    },
    "DecisionTree": {
        "SHAP": {
            "discharge_disposition_id": -34.88161225940695,
            "number_inpatient": -27.088404366372632,
            "number_diagnoses": -19.079049450038166,
            "diag_1": -13.907414238633494,
            "payer_code": 3.489471375494589,
            "num_medications": -0.6029406887620692,
            "admission_source_id": -0.5114511074947596,
            "medical_specialty": 0.43965651379735776,
            "gender": 0.0,
            "race": 0.0,
            "num_lab_procedures": 0.0,
            "time_in_hospital": 0.0,
            "admission_type_id": 0.0,
            "age": 0.0,
            "number_emergency": 0.0,
            "number_outpatient": 0.0,
            "diag_2": 0.0,
            "num_procedures": 0.0,
            "diag_3": 0.0,
            "metformin": 0.0,
            "repaglinide": 0.0,
            "nateglinide": 0.0,
            "chlorpropamide": 0.0,
            "glimepiride": 0.0,
            "acetohexamide": 0.0,
            "glipizide": 0.0,
            "glyburide": 0.0,
            "tolbutamide": 0.0,
            "pioglitazone": 0.0,
            "rosiglitazone": 0.0,
            "acarbose": 0.0,
            "miglitol": 0.0,
            "troglitazone": 0.0,
            "tolazamide": 0.0,
            "insulin": 0.0,
            "glyburide-metformin": 0.0,
            "glipizide-metformin": 0.0,
            "glimepiride-pioglitazone": 0.0,
            "metformin-rosiglitazone": 0.0,
            "metformin-pioglitazone": 0.0,
            "change": 0.0,
            "diabetesMed": 0.0
        },
        "Lime": {
            "race": 0.0,
            "gender": 0.0,
            "age": 0.0,
            "admission_type_id": 0.0,
            "discharge_disposition_id": -19.472370104426385,
            "admission_source_id": 0.0,
            "time_in_hospital": 0.0,
            "payer_code": 5.401873116674096,
            "medical_specialty": 0.0,
            "num_lab_procedures": 0.0,
            "num_procedures": 0.0,
            "num_medications": 0.0,
            "number_outpatient": 0.0,
            "number_emergency": 0.0,
            "number_inpatient": -33.68936838762647,
            "diag_1": 0.0,
            "diag_2": 0.0,
            "diag_3": 0.0,
            "number_diagnoses": -7.759426583574556,
            "metformin": 0.0,
            "repaglinide": 0.0,
            "nateglinide": 6.514369365025295,
            "chlorpropamide": 4.678997149713192,
            "glimepiride": -2.8837505808746475,
            "acetohexamide": 0.0,
            "glipizide": 5.883555022344877,
            "glyburide": -9.729052104705724,
            "tolbutamide": 0.0,
            "pioglitazone": 0.0,
            "rosiglitazone": 0.0,
            "acarbose": 0.0,
            "miglitol": 0.0,
            "troglitazone": 0.0,
            "tolazamide": 3.987237585034749,
            "insulin": 0.0,
            "glyburide-metformin": 0.0,
            "glipizide-metformin": 0.0,
            "glimepiride-pioglitazone": 0.0,
            "metformin-rosiglitazone": 0.0,
            "metformin-pioglitazone": 0.0,
            "change": 0.0,
            "diabetesMed": 0.0
        },
        "Inherent": {
            "number_inpatient": -31.60851789225841,
            "diag_1": -26.957267844138,
            "discharge_disposition_id": -22.027735752003924,
            "number_diagnoses": -19.40647851159967,
            "gender": 0.0,
            "admission_source_id": 0.0,
            "time_in_hospital": 0.0,
            "age": 0.0,
            "admission_type_id": 0.0,
            "race": 0.0,
            "num_lab_procedures": 0.0,
            "medical_specialty": 0.0,
            "payer_code": 0.0,
            "num_procedures": 0.0,
            "number_emergency": 0.0,
            "number_outpatient": 0.0,
            "diag_2": 0.0,
            "num_medications": 0.0,
            "diag_3": 0.0,
            "metformin": 0.0,
            "repaglinide": 0.0,
            "nateglinide": 0.0,
            "chlorpropamide": 0.0,
            "glimepiride": 0.0,
            "acetohexamide": 0.0,
            "glipizide": 0.0,
            "glyburide": 0.0,
            "tolbutamide": 0.0,
            "pioglitazone": 0.0,
            "rosiglitazone": 0.0,
            "acarbose": 0.0,
            "miglitol": 0.0,
            "troglitazone": 0.0,
            "tolazamide": 0.0,
            "insulin": 0.0,
            "glyburide-metformin": 0.0,
            "glipizide-metformin": 0.0,
            "glimepiride-pioglitazone": 0.0,
            "metformin-rosiglitazone": 0.0,
            "metformin-pioglitazone": 0.0,
            "change": 0.0,
            "diabetesMed": 0.0
        }
    },
    "XGBOOST": {
        "SHAP": {
            "number_inpatient": -14.81978787574389,
            "discharge_disposition_id": -14.035066239080729,
            "glimepiride": -9.303785428599477,
            "diag_3": -7.539783019411008,
            "age": 7.289435996000207,
            "number_emergency": 6.965311426114542,
            "diag_1": -6.625725354916397,
            "number_diagnoses": -6.592530210569987,
            "payer_code": 5.054317403536309,
            "medical_specialty": -4.3743616036237185,
            "diabetesMed": 4.294507538817486,
            "time_in_hospital": -1.7332513449464713,
            "num_procedures": 1.6565351570803193,
            "gender": -1.4402201951178009,
            "admission_source_id": 1.319399519660921,
            "num_lab_procedures": -1.3135090025898828,
            "insulin": -1.2910115867811247,
            "diag_2": -0.9691730368711576,
            "metformin": 0.91572930804475,
            "change": -0.7534843686367565,
            "number_outpatient": -0.44037859782825883,
            "pioglitazone": 0.3657250170356104,
            "acarbose": 0.2636868708455322,
            "glyburide-metformin": 0.19640039306298798,
            "race": 0.17874665637922105,
            "admission_type_id": 0.12693344815651172,
            "num_medications": -0.10233383062221615,
            "glyburide": 0.019626090727417157,
            "repaglinide": 0.014430098916975772,
            "rosiglitazone": -0.004209896749854271,
            "glipizide": 0.0006034835324845465,
            "acetohexamide": 0.0,
            "nateglinide": 0.0,
            "chlorpropamide": 0.0,
            "tolazamide": 0.0,
            "troglitazone": 0.0,
            "miglitol": 0.0,
            "tolbutamide": 0.0,
            "glimepiride-pioglitazone": 0.0,
            "glipizide-metformin": 0.0,
            "metformin-pioglitazone": 0.0,
            "metformin-rosiglitazone": 0.0
        },
        "Lime": {
            "race": 0.0,
            "gender": -1.4759985259151975,
            "age": 1.78781479528702,
            "admission_type_id": -1.5149414344438348,
            "discharge_disposition_id": -5.152495745385783,
            "admission_source_id": 2.9477994374257457,
            "time_in_hospital": -4.361347985916455,
            "payer_code": 4.494729145682089,
            "medical_specialty": -2.0768016957693183,
            "num_lab_procedures": 0.0,
            "num_procedures": 0.0,
            "num_medications": 0.0,
            "number_outpatient": 0.0,
            "number_emergency": 7.083999784547388,
            "number_inpatient": -17.811891771026318,
            "diag_1": -4.919899414733359,
            "diag_2": 2.47295606502499,
            "diag_3": -3.0733112015821824,
            "number_diagnoses": -5.748434277461924,
            "metformin": 4.7472570577101445,
            "repaglinide": -3.1555213969094273,
            "nateglinide": 5.737383500355346,
            "chlorpropamide": 6.653340345359855,
            "glimepiride": 0.0,
            "acetohexamide": 0.0,
            "glipizide": 0.0,
            "glyburide": 2.0476064791451094,
            "tolbutamide": 0.0,
            "pioglitazone": 2.5932922819672117,
            "rosiglitazone": 0.0,
            "acarbose": 5.97363028682602,
            "miglitol": 0.0,
            "troglitazone": 0.0,
            "tolazamide": 0.0,
            "insulin": 0.0,
            "glyburide-metformin": 0.0,
            "glipizide-metformin": 0.0,
            "glimepiride-pioglitazone": 0.0,
            "metformin-rosiglitazone": 0.0,
            "metformin-pioglitazone": 0.0,
            "change": 0.0,
            "diabetesMed": 4.16954737152527
        },
        "Inherent": {
            "race": 0.2468433529138565,
            "gender": -1.544854998588562,
            "age": 6.448232173919678,
            "admission_type_id": 0.23307907581329346,
            "discharge_disposition_id": -13.054839134216309,
            "admission_source_id": 1.106314778327942,
            "time_in_hospital": -2.120525598526001,
            "payer_code": 3.763587713241577,
            "medical_specialty": -4.215275287628174,
            "num_lab_procedures": -1.088974118232727,
            "num_procedures": 1.4592342376708984,
            "num_medications": -1.2778003215789795,
            "number_outpatient": -0.5124865174293518,
            "number_emergency": 6.970123291015625,
            "number_inpatient": -18.500308990478516,
            "diag_1": -7.616443157196045,
            "diag_2": -1.7718943357467651,
            "diag_3": -8.16407585144043,
            "number_diagnoses": -5.091935157775879,
            "metformin": 0.7962387800216675,
            "repaglinide": -0.004513245075941086,
            "nateglinide": -0.003871939843520522,
            "chlorpropamide": 0.010546358302235603,
            "glimepiride": -7.894815444946289,
            "acetohexamide": 0.0,
            "glipizide": -0.23370786011219025,
            "glyburide": 0.04368919879198074,
            "tolbutamide": 0.0,
            "pioglitazone": 0.3891909420490265,
            "rosiglitazone": -0.0546334944665432,
            "acarbose": 0.0388810969889164,
            "miglitol": 0.0,
            "troglitazone": 0.0,
            "tolazamide": 0.0,
            "insulin": -1.3472265005111694,
            "glyburide-metformin": 0.0201190747320652,
            "glipizide-metformin": 0.0,
            "glimepiride-pioglitazone": 0.0,
            "metformin-rosiglitazone": 0.0,
            "metformin-pioglitazone": 0.0,
            "change": -0.8331958055496216,
            "diabetesMed": 3.142548084259033
        }
    }
}