{
    "LogisticRegression": {
        "SHAP": {
            "number_inpatient": -19.522115727791117,
            "age": 15.692428834467567,
            "number_diagnoses": -14.097152614461796,
            "discharge_disposition_id": -8.479977506025213,
            "diabetesMed": 7.5097189632454935,
            "metformin": 3.908532450530802,
            "num_procedures": 3.5833345672589547,
            "insulin": -3.4685135170788772,
            "change": -3.2204503946713583,
            "number_emergency": -2.75050368135421,
            "num_medications": -2.5968532600556657,
            "payer_code": -2.506755987696784,
            "time_in_hospital": -2.220263441723392,
            "diag_1": 1.7585495518079346,
            "glimepiride": 1.6578105981910178,
            "gender": -1.2090764777440575,
            "num_lab_procedures": 1.1426375947957572,
            "admission_type_id": 1.129200036165389,
            "glyburide": 0.5849451010179091,
            "pioglitazone": 0.5353077607918467,
            "rosiglitazone": 0.521483833189255,
            "diag_2": -0.5167343082142456,
            "admission_source_id": 0.251985308261794,
            "glyburide-metformin": 0.23370259481118225,
            "acarbose": 0.22411964469124845,
            "number_outpatient": 0.16131511204527368,
            "glipizide": 0.10114840140827905,
            "glipizide-metformin": -0.09349539632661083,
            "chlorpropamide": -0.062252968736905306,
            "medical_specialty": -0.04514114151505057,
            "race": 0.03371123157446736,
            "tolazamide": 0.03119752714106229,
            "tolbutamide": -0.027388558730938796,
            "troglitazone": -0.024475647898931224,
            "diag_3": -0.016743057096764196,
            "repaglinide": 0.016194360179709624,
            "miglitol": -0.016155416919699593,
            "metformin-rosiglitazone": -0.015893654697338708,
            "acetohexamide": -0.008989743861223625,
            "nateglinide": 0.008226898931282048,
            "glimepiride-pioglitazone": -0.008067045041724155,
            "metformin-pioglitazone": -0.007450081851881596
        },
        "Lime": {
            "race": 0.0,
            "gender": 0.0,
            "age": 0.0,
            "admission_type_id": 0.0,
            "discharge_disposition_id": -17.835769342120738,
            "admission_source_id": 0.0,
            "time_in_hospital": 7.338179201578295,
            "payer_code": 0.0,
            "medical_specialty": 0.0,
            "num_lab_procedures": 0.0,
            "num_procedures": 0.0,
            "num_medications": -9.621142306743694,
            "number_outpatient": 0.0,
            "number_emergency": -32.59444069845701,
            "number_inpatient": 0.0,
            "diag_1": 0.0,
            "diag_2": 0.0,
            "diag_3": 0.0,
            "number_diagnoses": -32.61046845110027,
            "metformin": 0.0,
            "repaglinide": 0.0,
            "nateglinide": 0.0,
            "chlorpropamide": 0.0,
            "glimepiride": 0.0,
            "acetohexamide": 0.0,
            "glipizide": 0.0,
            "glyburide": 0.0,
            "tolbutamide": 0.0,
            "pioglitazone": 0.0,
            "rosiglitazone": 0.0,
            "acarbose": 0.0,
            "miglitol": 0.0,
            "troglitazone": 0.0,
            "tolazamide": 0.0,
            "insulin": 0.0,
            "glyburide-metformin": 0.0,
            "glipizide-metformin": 0.0,
            "glimepiride-pioglitazone": 0.0,
            "metformin-rosiglitazone": 0.0,
            "metformin-pioglitazone": 0.0,
            "change": 0.0,
            "diabetesMed": 0.0
        },
        "Inherent": {
            "age": 16.995320635049318,
            "diabetesMed": 6.233756051235984,
            "num_procedures": 3.679223833197102,
            "metformin": 3.6025170060355225,
            "diag_1": 1.6738515458449246,
            "admission_type_id": 1.1972556244316777,
            "num_lab_procedures": 1.1724402716002373,
            "glimepiride": 1.1364502978104365,
            "pioglitazone": 0.6744758499616218,
            "glyburide": 0.6143915918057922,
            "rosiglitazone": 0.4382733559901833,
            "number_outpatient": 0.20856111076222966,
            "glyburide-metformin": 0.10934822644128686,
            "glipizide": 0.08400952358170212,
            "tolazamide": 0.04466119937473383,
            "race": 0.04321143578869895,
            "nateglinide": 0.02434794727456938,
            "metformin-rosiglitazone": -0.0,
            "troglitazone": -0.0,
            "miglitol": -0.0,
            "glimepiride-pioglitazone": -0.0,
            "glipizide-metformin": -0.0,
            "metformin-pioglitazone": -0.0,
            "repaglinide": 0.0,
            "acetohexamide": -0.0,
            "chlorpropamide": -0.0,
            "tolbutamide": -0.0,
            "acarbose": -0.0,
            "admission_source_id": -0.02015720853260514,
            "medical_specialty": -0.061766664643045074,
            "diag_3": -0.07638985051362267,
            "diag_2": -0.43437556513622894,
            "time_in_hospital": -1.0035986868113003,
            "gender": -1.350534816193572,
            "num_medications": -2.1568937163631294,
            "number_emergency": -2.7297173734311766,
            "payer_code": -2.9865925557288886,
            "change": -3.2092830157240466,
            "insulin": -3.286972680959647,
            "discharge_disposition_id": -9.457546743256916,
            "number_diagnoses": -12.108143981186544,
            "number_inpatient": -23.185931635333258
        }
    },
    "DecisionTree": {
        "SHAP": {
            "number_inpatient": -32.84691517790487,
            "discharge_disposition_id": -32.54683820445884,
            "number_diagnoses": -22.137392717525252,
            "diag_1": 8.772853279259268,
            "payer_code": -1.8300514922440165,
            "num_medications": -1.3677707451187717,
            "medical_specialty": -0.30743685237818796,
            "admission_source_id": 0.19074153111080736,
            "gender": 0.0,
            "race": 0.0,
            "num_lab_procedures": 0.0,
            "time_in_hospital": 0.0,
            "admission_type_id": 0.0,
            "age": 0.0,
            "number_emergency": 0.0,
            "number_outpatient": 0.0,
            "diag_2": 0.0,
            "num_procedures": 0.0,
            "diag_3": 0.0,
            "metformin": 0.0,
            "repaglinide": 0.0,
            "nateglinide": 0.0,
            "chlorpropamide": 0.0,
            "glimepiride": 0.0,
            "acetohexamide": 0.0,
            "glipizide": 0.0,
            "glyburide": 0.0,
            "tolbutamide": 0.0,
            "pioglitazone": 0.0,
            "rosiglitazone": 0.0,
            "acarbose": 0.0,
            "miglitol": 0.0,
            "troglitazone": 0.0,
            "tolazamide": 0.0,
            "insulin": 0.0,
            "glyburide-metformin": 0.0,
            "glipizide-metformin": 0.0,
            "glimepiride-pioglitazone": 0.0,
            "metformin-rosiglitazone": 0.0,
            "metformin-pioglitazone": 0.0,
            "change": 0.0,
            "diabetesMed": 0.0
        },
        "Lime": {
            "race": 0.0,
            "gender": 0.0,
            "age": 0.0,
            "admission_type_id": 0.0,
            "discharge_disposition_id": -20.123061335719488,
            "admission_source_id": 0.0,
            "time_in_hospital": 0.0,
            "payer_code": 0.0,
            "medical_specialty": 0.0,
            "num_lab_procedures": 0.0,
            "num_procedures": 0.0,
            "num_medications": 0.0,
            "number_outpatient": 0.0,
            "number_emergency": -2.7117992104422575,
            "number_inpatient": -38.454556486088585,
            "diag_1": -3.87757226446885,
            "diag_2": 4.364830269209752,
            "diag_3": 4.917262660332791,
            "number_diagnoses": -6.809795199888908,
            "metformin": 0.0,
            "repaglinide": 0.0,
            "nateglinide": -6.087866436610318,
            "chlorpropamide": 3.57114759534253,
            "glimepiride": 0.0,
            "acetohexamide": 0.0,
            "glipizide": 0.0,
            "glyburide": 9.082108541896531,
            "tolbutamide": 0.0,
            "pioglitazone": 0.0,
            "rosiglitazone": 0.0,
            "acarbose": 0.0,
            "miglitol": 0.0,
            "troglitazone": 0.0,
            "tolazamide": 0.0,
            "insulin": 0.0,
            "glyburide-metformin": 0.0,
            "glipizide-metformin": 0.0,
            "glimepiride-pioglitazone": 0.0,
            "metformin-rosiglitazone": 0.0,
            "metformin-pioglitazone": 0.0,
            "change": 0.0,
            "diabetesMed": 0.0
        },
        "Inherent": {
            "number_inpatient": -39.273799514568424,
            "discharge_disposition_id": -27.369612223924538,
            "number_diagnoses": -24.11268218732319,
            "diag_1": 9.243906074183842,
            "gender": 0.0,
            "admission_source_id": 0.0,
            "time_in_hospital": 0.0,
            "age": 0.0,
            "admission_type_id": 0.0,
            "race": 0.0,
            "num_lab_procedures": 0.0,
            "medical_specialty": 0.0,
            "payer_code": 0.0,
            "num_procedures": 0.0,
            "number_emergency": 0.0,
            "number_outpatient": 0.0,
            "diag_2": 0.0,
            "num_medications": 0.0,
            "diag_3": 0.0,
            "metformin": 0.0,
            "repaglinide": 0.0,
            "nateglinide": 0.0,
            "chlorpropamide": 0.0,
            "glimepiride": 0.0,
            "acetohexamide": 0.0,
            "glipizide": 0.0,
            "glyburide": 0.0,
            "tolbutamide": 0.0,
            "pioglitazone": 0.0,
            "rosiglitazone": 0.0,
            "acarbose": 0.0,
            "miglitol": 0.0,
            "troglitazone": 0.0,
            "tolazamide": 0.0,
            "insulin": 0.0,
            "glyburide-metformin": 0.0,
            "glipizide-metformin": 0.0,
            "glimepiride-pioglitazone": 0.0,
            "metformin-rosiglitazone": 0.0,
            "metformin-pioglitazone": 0.0,
            "change": 0.0,
            "diabetesMed": 0.0
        }
    },
    "XGBOOST": {
        "SHAP": {
            "number_inpatient": -22.086950658063024,
            "discharge_disposition_id": -17.529216388521395,
            "number_diagnoses": -10.538819349304806,
            "time_in_hospital": 6.981020611738326,
            "diabetesMed": 6.516852760626278,
            "diag_1": 6.507127091112454,
            "diag_3": -5.827085048030917,
            "diag_2": -4.304945815199346,
            "num_lab_procedures": -3.32536171996213,
            "num_medications": -2.7424660138817742,
            "number_emergency": -2.695616417690154,
            "medical_specialty": 1.8480731380382518,
            "insulin": -1.3322638417372161,
            "gender": -1.3157878973643582,
            "age": 0.9978791709548703,
            "glimepiride": 0.9389501610383334,
            "metformin": 0.7667633835555571,
            "pioglitazone": 0.6823512989218015,
            "glyburide-metformin": 0.6438558102699707,
            "payer_code": 0.5869351050194512,
            "glipizide": -0.4702409747999596,
            "acarbose": 0.39580141905515354,
            "race": 0.25464359901470135,
            "change": 0.2261818632911779,
            "rosiglitazone": 0.2033710422054993,
            "num_procedures": -0.08094670683573828,
            "glyburide": 0.07870509904655319,
            "admission_source_id": -0.04510269156028496,
            "admission_type_id": -0.03608537591802774,
            "repaglinide": 0.024905740826390896,
            "number_outpatient": -0.01569380641610573,
            "acetohexamide": 0.0,
            "nateglinide": 0.0,
            "chlorpropamide": 0.0,
            "tolazamide": 0.0,
            "troglitazone": 0.0,
            "miglitol": 0.0,
            "tolbutamide": 0.0,
            "glimepiride-pioglitazone": 0.0,
            "glipizide-metformin": 0.0,
            "metformin-pioglitazone": 0.0,
            "metformin-rosiglitazone": 0.0
        },
        "Lime": {
            "race": 0.0,
            "gender": 0.0,
            "age": 0.0,
            "admission_type_id": 0.0,
            "discharge_disposition_id": -7.6102407335737645,
            "admission_source_id": 0.0,
            "time_in_hospital": 0.0,
            "payer_code": 0.0,
            "medical_specialty": 6.883324829932926,
            "num_lab_procedures": 0.0,
            "num_procedures": 0.0,
            "num_medications": 0.0,
            "number_outpatient": -2.9847478306801265,
            "number_emergency": -12.92098061885313,
            "number_inpatient": -28.64382467656702,
            "diag_1": 0.0,
            "diag_2": 0.0,
            "diag_3": -2.222993754626927,
            "number_diagnoses": -6.540750183764585,
            "metformin": 0.0,
            "repaglinide": 2.4771151092720287,
            "nateglinide": 4.3203862820989025,
            "chlorpropamide": 0.0,
            "glimepiride": 6.909075830148959,
            "acetohexamide": 0.0,
            "glipizide": 0.0,
            "glyburide": 6.617676985281061,
            "tolbutamide": 0.0,
            "pioglitazone": 2.2669832195531168,
            "rosiglitazone": 0.0,
            "acarbose": 3.686577520897569,
            "miglitol": 0.0,
            "troglitazone": 0.0,
            "tolazamide": 0.0,
            "insulin": 0.0,
            "glyburide-metformin": 0.0,
            "glipizide-metformin": 0.0,
            "glimepiride-pioglitazone": 0.0,
            "metformin-rosiglitazone": 0.0,
            "metformin-pioglitazone": 0.0,
            "change": -2.5773712413889207,
            "diabetesMed": 3.337951183360964
        },
        "Inherent": {
            "race": 0.34698525071144104,
            "gender": -1.3855502605438232,
            "age": 0.3284633457660675,
            "admission_type_id": 0.1994251310825348,
            "discharge_disposition_id": -16.768646240234375,
            "admission_source_id": -0.5204975008964539,
            "time_in_hospital": 5.953332901000977,
            "payer_code": 0.29617106914520264,
            "medical_specialty": 0.8860094547271729,
            "num_lab_procedures": -2.40547251701355,
            "num_procedures": 0.07543673366308212,
            "num_medications": -4.518470287322998,
            "number_outpatient": -0.17221146821975708,
            "number_emergency": -2.7112255096435547,
            "number_inpatient": -28.565263748168945,
            "diag_1": 4.062254428863525,
            "diag_2": -5.294735908508301,
            "diag_3": -7.952699661254883,
            "number_diagnoses": -8.227936744689941,
            "metformin": 0.6193583607673645,
            "repaglinide": 0.004954335279762745,
            "nateglinide": -0.013373011723160744,
            "chlorpropamide": 0.025632554665207863,
            "glimepiride": 0.511067271232605,
            "acetohexamide": 0.0,
            "glipizide": -0.5509750247001648,
            "glyburide": 0.18879655003547668,
            "tolbutamide": 0.0,
            "pioglitazone": 0.7276107668876648,
            "rosiglitazone": 0.09604047238826752,
            "acarbose": 0.04920118302106857,
            "miglitol": 0.0,
            "troglitazone": 0.0,
            "tolazamide": 0.0,
            "insulin": -1.523927092552185,
            "glyburide-metformin": 0.11693115532398224,
            "glipizide-metformin": 0.0,
            "glimepiride-pioglitazone": 0.0,
            "metformin-rosiglitazone": 0.0,
            "metformin-pioglitazone": 0.0,
            "change": 0.09336896240711212,
            "diabetesMed": 4.807983875274658
        }
    }
}