{
    "LogisticRegression": {
        "SHAP": {
            "time_in_hospital": 16.92856783399636,
            "number_inpatient": -15.264608351247865,
            "num_medications": 8.334235508142367,
            "number_diagnoses": 7.426627344844554,
            "discharge_disposition_id": 6.19899179000323,
            "insulin": 5.911107276220841,
            "diabetesMed": 5.8719516060799455,
            "age": -5.319650289818747,
            "num_procedures": -4.283292194712048,
            "payer_code": 3.6891047529507905,
            "diag_1": 3.1771876001547183,
            "change": 3.111116464560764,
            "metformin": 3.0561347918126707,
            "diag_2": -2.279582334915084,
            "number_emergency": -2.1506563146108357,
            "glimepiride": 1.2962647007521415,
            "gender": -0.9453933762515174,
            "admission_type_id": 0.8829368979583389,
            "number_outpatient": -0.799189631720481,
            "diag_3": 0.6711382772717962,
            "glyburide": 0.4573765466059858,
            "pioglitazone": 0.4185644337841233,
            "rosiglitazone": 0.40775531638763285,
            "admission_source_id": -0.23735124841227462,
            "glyburide-metformin": 0.18273524397689395,
            "acarbose": 0.17524220467367474,
            "race": -0.08900988475187772,
            "medical_specialty": 0.08288119129606733,
            "glipizide": 0.079089313595975,
            "glipizide-metformin": -0.07310532462107752,
            "chlorpropamide": -0.048676444690805946,
            "tolazamide": 0.024393771657536648,
            "num_lab_procedures": 0.02221123004404511,
            "tolbutamide": -0.0214154873458603,
            "troglitazone": -0.019137842666733393,
            "repaglinide": 0.012662590934772703,
            "miglitol": -0.012632140669019607,
            "metformin-rosiglitazone": -0.012427465219841576,
            "acetohexamide": -0.007029203244823715,
            "nateglinide": 0.006432724397414952,
            "glimepiride-pioglitazone": -0.006307732462547401,
            "metformin-pioglitazone": -0.005825320535920183
        },
        "Lime": {
            "race": 0.0,
            "gender": 0.0,
            "age": 0.0,
            "admission_type_id": 0.0,
            "discharge_disposition_id": 29.40440617541506,
            "admission_source_id": 0.0,
            "time_in_hospital": 14.755337503018106,
            "payer_code": 0.0,
            "medical_specialty": 0.0,
            "num_lab_procedures": 0.0,
            "num_procedures": -9.066637129109221,
            "num_medications": 15.64620506510771,
            "number_outpatient": 0.0,
            "number_emergency": -20.267005623170032,
            "number_inpatient": -10.860408504179867,
            "diag_1": 0.0,
            "diag_2": 0.0,
            "diag_3": 0.0,
            "number_diagnoses": 0.0,
            "metformin": 0.0,
            "repaglinide": 0.0,
            "nateglinide": 0.0,
            "chlorpropamide": 0.0,
            "glimepiride": 0.0,
            "acetohexamide": 0.0,
            "glipizide": 0.0,
            "glyburide": 0.0,
            "tolbutamide": 0.0,
            "pioglitazone": 0.0,
            "rosiglitazone": 0.0,
            "acarbose": 0.0,
            "miglitol": 0.0,
            "troglitazone": 0.0,
            "tolazamide": 0.0,
            "insulin": 0.0,
            "glyburide-metformin": 0.0,
            "glipizide-metformin": 0.0,
            "glimepiride-pioglitazone": 0.0,
            "metformin-rosiglitazone": 0.0,
            "metformin-pioglitazone": 0.0,
            "change": 0.0,
            "diabetesMed": 0.0
        },
        "Inherent": {
            "time_in_hospital": 17.554155564004972,
            "number_diagnoses": 9.13301428057757,
            "num_medications": 8.565441105695365,
            "insulin": 6.0227314005492065,
            "discharge_disposition_id": 5.5838925917628925,
            "diabetesMed": 4.608930759459152,
            "payer_code": 3.329513287929446,
            "change": 3.145319726641043,
            "diag_1": 3.004140716942974,
            "metformin": 2.663522810986442,
            "admission_type_id": 0.8851915649289086,
            "glimepiride": 0.8402351152539114,
            "diag_3": 0.6142437537354005,
            "pioglitazone": 0.4986740683867668,
            "glyburide": 0.45425074105447877,
            "rosiglitazone": 0.3240376323475221,
            "glyburide-metformin": 0.0808466677546078,
            "medical_specialty": 0.07017752332397159,
            "glipizide": 0.06211248469475251,
            "tolazamide": 0.03302028084845189,
            "nateglinide": 0.018001667405833546,
            "num_lab_procedures": 0.012810507206644431,
            "troglitazone": -0.0,
            "miglitol": -0.0,
            "acarbose": -0.0,
            "tolbutamide": -0.0,
            "metformin-pioglitazone": -0.0,
            "glipizide-metformin": -0.0,
            "metformin-rosiglitazone": -0.0,
            "chlorpropamide": -0.0,
            "glimepiride-pioglitazone": -0.0,
            "acetohexamide": -0.0,
            "repaglinide": 0.0,
            "race": -0.0811432747909531,
            "admission_source_id": -0.44071017255785505,
            "number_outpatient": -0.7528576765297702,
            "gender": -0.998518614606504,
            "number_emergency": -2.0182179513653744,
            "diag_2": -2.1596717870477242,
            "num_procedures": -4.225047471519904,
            "age": -4.67703825791284,
            "number_inpatient": -17.142530542178754
        }
    },
    "DecisionTree": {
        "SHAP": {
            "number_inpatient": -55.59641551645376,
            "payer_code": 13.05871134957168,
            "discharge_disposition_id": 10.414543174320464,
            "diag_1": 10.000646055460688,
            "number_diagnoses": 5.9936737887506535,
            "num_medications": 2.7802722784595577,
            "medical_specialty": 1.6453344615342802,
            "admission_source_id": 0.5104033754488996,
            "gender": 0.0,
            "race": 0.0,
            "num_lab_procedures": 0.0,
            "time_in_hospital": 0.0,
            "admission_type_id": 0.0,
            "age": 0.0,
            "number_emergency": 0.0,
            "number_outpatient": 0.0,
            "diag_2": 0.0,
            "num_procedures": 0.0,
            "diag_3": 0.0,
            "metformin": 0.0,
            "repaglinide": 0.0,
            "nateglinide": 0.0,
            "chlorpropamide": 0.0,
            "glimepiride": 0.0,
            "acetohexamide": 0.0,
            "glipizide": 0.0,
            "glyburide": 0.0,
            "tolbutamide": 0.0,
            "pioglitazone": 0.0,
            "rosiglitazone": 0.0,
            "acarbose": 0.0,
            "miglitol": 0.0,
            "troglitazone": 0.0,
            "tolazamide": 0.0,
            "insulin": 0.0,
            "glyburide-metformin": 0.0,
            "glipizide-metformin": 0.0,
            "glimepiride-pioglitazone": 0.0,
            "metformin-rosiglitazone": 0.0,
            "metformin-pioglitazone": 0.0,
            "change": 0.0,
            "diabetesMed": 0.0
        },
        "Lime": {
            "race": 0.0,
            "gender": 0.0,
            "age": 2.6967728742197807,
            "admission_type_id": 0.0,
            "discharge_disposition_id": 0.0,
            "admission_source_id": 0.0,
            "time_in_hospital": 0.0,
            "payer_code": 2.339288310873562,
            "medical_specialty": 0.0,
            "num_lab_procedures": 0.0,
            "num_procedures": 0.0,
            "num_medications": 0.0,
            "number_outpatient": 0.0,
            "number_emergency": 0.0,
            "number_inpatient": -34.78689694441834,
            "diag_1": -4.961020306495309,
            "diag_2": 7.548965082663268,
            "diag_3": 0.0,
            "number_diagnoses": 3.9241266549806983,
            "metformin": 0.0,
            "repaglinide": 6.074533474049796,
            "nateglinide": 0.0,
            "chlorpropamide": -25.458264684624186,
            "glimepiride": 3.412174967483291,
            "acetohexamide": 0.0,
            "glipizide": 0.0,
            "glyburide": 2.7946959250104424,
            "tolbutamide": 0.0,
            "pioglitazone": 0.0,
            "rosiglitazone": 0.0,
            "acarbose": 3.352950240528153,
            "miglitol": 0.0,
            "troglitazone": 0.0,
            "tolazamide": 0.0,
            "insulin": 0.0,
            "glyburide-metformin": 0.0,
            "glipizide-metformin": 0.0,
            "glimepiride-pioglitazone": 0.0,
            "metformin-rosiglitazone": 0.0,
            "metformin-pioglitazone": 0.0,
            "change": -2.6503105346531655,
            "diabetesMed": 0.0
        },
        "Inherent": {
            "number_inpatient": -64.94048756620666,
            "discharge_disposition_id": 35.05951243379335,
            "gender": 0.0,
            "age": 0.0,
            "admission_type_id": 0.0,
            "admission_source_id": 0.0,
            "time_in_hospital": 0.0,
            "payer_code": 0.0,
            "medical_specialty": 0.0,
            "race": 0.0,
            "num_lab_procedures": 0.0,
            "num_procedures": 0.0,
            "number_outpatient": 0.0,
            "num_medications": 0.0,
            "number_emergency": 0.0,
            "diag_1": 0.0,
            "diag_2": 0.0,
            "diag_3": 0.0,
            "number_diagnoses": 0.0,
            "metformin": 0.0,
            "repaglinide": 0.0,
            "nateglinide": 0.0,
            "chlorpropamide": 0.0,
            "glimepiride": 0.0,
            "acetohexamide": 0.0,
            "glipizide": 0.0,
            "glyburide": 0.0,
            "tolbutamide": 0.0,
            "pioglitazone": 0.0,
            "rosiglitazone": 0.0,
            "acarbose": 0.0,
            "miglitol": 0.0,
            "troglitazone": 0.0,
            "tolazamide": 0.0,
            "insulin": 0.0,
            "glyburide-metformin": 0.0,
            "glipizide-metformin": 0.0,
            "glimepiride-pioglitazone": 0.0,
            "metformin-rosiglitazone": 0.0,
            "metformin-pioglitazone": 0.0,
            "change": 0.0,
            "diabetesMed": 0.0
        }
    },
    "XGBOOST": {
        "SHAP": {
            "number_inpatient": -16.662843727386825,
            "payer_code": 12.174291769089075,
            "num_medications": 11.270992417287502,
            "diag_1": 6.860517114021583,
            "insulin": 6.83112015870522,
            "diag_3": 6.287838171047253,
            "time_in_hospital": -5.315431714141456,
            "age": -5.054845792904385,
            "diabetesMed": 3.8221107771210043,
            "diag_2": -3.691943098813492,
            "num_lab_procedures": 2.7265731413112078,
            "metformin": 2.0181002936018992,
            "number_emergency": -1.85151715825476,
            "number_outpatient": 1.7914595194646932,
            "number_diagnoses": 1.7001994734242316,
            "discharge_disposition_id": 1.6718089762545205,
            "medical_specialty": 1.6174301700189841,
            "gender": -1.4925683791983542,
            "rosiglitazone": 1.0123518275205383,
            "admission_source_id": 0.89115570421182,
            "glyburide": 0.858985601430997,
            "glimepiride": 0.8139739471960465,
            "num_procedures": 0.7431592853740753,
            "race": -0.6748159313677121,
            "admission_type_id": 0.609735636248562,
            "acarbose": 0.4281171973139171,
            "glyburide-metformin": 0.3902399897858454,
            "pioglitazone": 0.3654165908023906,
            "glipizide": -0.26927303950836545,
            "change": 0.0868855387889332,
            "repaglinide": 0.014297858404366082,
            "acetohexamide": 0.0,
            "nateglinide": 0.0,
            "chlorpropamide": 0.0,
            "tolazamide": 0.0,
            "troglitazone": 0.0,
            "miglitol": 0.0,
            "tolbutamide": 0.0,
            "glimepiride-pioglitazone": 0.0,
            "glipizide-metformin": 0.0,
            "metformin-pioglitazone": 0.0,
            "metformin-rosiglitazone": 0.0
        },
        "Lime": {
            "race": 0.0,
            "gender": 0.0,
            "age": -4.082064277050768,
            "admission_type_id": 0.0,
            "discharge_disposition_id": -5.816470970454433,
            "admission_source_id": 0.0,
            "time_in_hospital": 3.905506425351431,
            "payer_code": 2.829450330182979,
            "medical_specialty": 0.0,
            "num_lab_procedures": 0.0,
            "num_procedures": 0.0,
            "num_medications": 0.0,
            "number_outpatient": -2.7674892093524472,
            "number_emergency": -2.882090559929112,
            "number_inpatient": -21.377231080924854,
            "diag_1": 9.922698339484052,
            "diag_2": 2.03565013552328,
            "diag_3": 3.4630820472527413,
            "number_diagnoses": 3.526010471835551,
            "metformin": 4.191198593624889,
            "repaglinide": 0.0,
            "nateglinide": 3.929524092401609,
            "chlorpropamide": 0.0,
            "glimepiride": 2.7205581720448864,
            "acetohexamide": 0.0,
            "glipizide": 0.0,
            "glyburide": 3.3420688108643466,
            "tolbutamide": 0.0,
            "pioglitazone": 0.0,
            "rosiglitazone": 0.0,
            "acarbose": 8.504431540382944,
            "miglitol": 0.0,
            "troglitazone": 0.0,
            "tolazamide": 5.8552106737542315,
            "insulin": 2.6808395581330045,
            "glyburide-metformin": 0.0,
            "glipizide-metformin": 0.0,
            "glimepiride-pioglitazone": 0.0,
            "metformin-rosiglitazone": 0.0,
            "metformin-pioglitazone": 0.0,
            "change": 0.0,
            "diabetesMed": 6.168424711452432
        },
        "Inherent": {
            "race": -0.21413636207580566,
            "gender": -1.8237667083740234,
            "age": -5.989547252655029,
            "admission_type_id": 0.8626255393028259,
            "discharge_disposition_id": 2.805201768875122,
            "admission_source_id": 0.21511515974998474,
            "time_in_hospital": -2.497818946838379,
            "payer_code": 10.861114501953125,
            "medical_specialty": 0.9118502736091614,
            "num_lab_procedures": 2.151470184326172,
            "num_procedures": 0.6574752926826477,
            "num_medications": 9.173274993896484,
            "number_outpatient": 1.590997338294983,
            "number_emergency": -2.0069479942321777,
            "number_inpatient": -24.7021484375,
            "diag_1": 5.715142250061035,
            "diag_2": -4.575870037078857,
            "diag_3": 4.504505634307861,
            "number_diagnoses": 2.9432520866394043,
            "metformin": 1.8421796560287476,
            "repaglinide": 0.003117969725281,
            "nateglinide": 0.011669429019093513,
            "chlorpropamide": 0.02185383066534996,
            "glimepiride": 0.43815913796424866,
            "acetohexamide": 0.0,
            "glipizide": -0.2652464509010315,
            "glyburide": 0.6067444086074829,
            "tolbutamide": 0.0,
            "pioglitazone": 0.4544227421283722,
            "rosiglitazone": 0.6508760452270508,
            "acarbose": 0.07173413783311844,
            "miglitol": 0.0,
            "troglitazone": 0.0,
            "tolazamide": 0.0,
            "insulin": 8.093332290649414,
            "glyburide-metformin": 0.07660520076751709,
            "glipizide-metformin": 0.0,
            "glimepiride-pioglitazone": 0.0,
            "metformin-rosiglitazone": 0.0,
            "metformin-pioglitazone": 0.0,
            "change": 0.14096522331237793,
            "diabetesMed": 3.120837450027466
        }
    }
}