{
    "LogisticRegression": {
        "SHAP": {
            "number_inpatient": -19.194394649351825,
            "age": 9.899457047320817,
            "num_procedures": -8.355728604833065,
            "diabetesMed": 7.383652033219702,
            "glyburide": -6.280144452365116,
            "diag_2": -5.442952600218502,
            "time_in_hospital": -4.79073844660401,
            "payer_code": 4.638843716232548,
            "num_medications": 4.246616895759417,
            "diag_1": -3.945024715135688,
            "change": 3.9120556418333376,
            "metformin": 3.842919251241165,
            "number_diagnoses": 3.5388022970584445,
            "insulin": -3.4102869904949697,
            "number_emergency": -2.704330508053048,
            "discharge_disposition_id": -1.8846188700785464,
            "glimepiride": 1.62998064960026,
            "gender": -1.1887795051860173,
            "num_lab_procedures": 0.7748793107819597,
            "pioglitazone": 0.5263214583280268,
            "rosiglitazone": 0.5127295953502615,
            "medical_specialty": -0.38851390421083076,
            "admission_source_id": -0.29845597264662915,
            "glyburide-metformin": 0.2297793895872448,
            "acarbose": 0.22035731008152745,
            "number_outpatient": 0.1586070878113648,
            "admission_type_id": -0.1375524101953704,
            "glipizide": 0.09945040598328816,
            "glipizide-metformin": -0.09192587320009607,
            "chlorpropamide": -0.06120791755828418,
            "race": 0.03314531539401086,
            "tolazamide": 0.030673808944639894,
            "tolbutamide": -0.026928782335318754,
            "troglitazone": -0.02406477103308418,
            "diag_3": -0.01646198854842489,
            "repaglinide": 0.015922502699878504,
            "miglitol": -0.015884213187000513,
            "metformin-rosiglitazone": -0.015626845211605633,
            "acetohexamide": -0.008838831501407051,
            "nateglinide": 0.008088792579103596,
            "glimepiride-pioglitazone": -0.007931622183989087,
            "metformin-pioglitazone": -0.007325016060191616
        },
        "Lime": {
            "race": -22.095700639523347,
            "gender": 0.0,
            "age": 0.0,
            "admission_type_id": 0.0,
            "discharge_disposition_id": 0.0,
            "admission_source_id": 0.0,
            "time_in_hospital": -8.72964463165022,
            "payer_code": 0.0,
            "medical_specialty": 0.0,
            "num_lab_procedures": 0.0,
            "num_procedures": -14.140800032970443,
            "num_medications": 9.586980010060739,
            "number_outpatient": 0.0,
            "number_emergency": -24.670045046440013,
            "number_inpatient": 0.0,
            "diag_1": 0.0,
            "diag_2": 0.0,
            "diag_3": 0.0,
            "number_diagnoses": 20.776829639355242,
            "metformin": 0.0,
            "repaglinide": 0.0,
            "nateglinide": 0.0,
            "chlorpropamide": 0.0,
            "glimepiride": 0.0,
            "acetohexamide": 0.0,
            "glipizide": 0.0,
            "glyburide": 0.0,
            "tolbutamide": 0.0,
            "pioglitazone": 0.0,
            "rosiglitazone": 0.0,
            "acarbose": 0.0,
            "miglitol": 0.0,
            "troglitazone": 0.0,
            "tolazamide": 0.0,
            "insulin": 0.0,
            "glyburide-metformin": 0.0,
            "glipizide-metformin": 0.0,
            "glimepiride-pioglitazone": 0.0,
            "metformin-rosiglitazone": 0.0,
            "metformin-pioglitazone": 0.0,
            "change": 0.0,
            "diabetesMed": 0.0
        },
        "Inherent": {
            "age": 10.322805510741974,
            "number_diagnoses": 5.7670102257349924,
            "diabetesMed": 5.763522144737733,
            "num_medications": 4.634700422638724,
            "payer_code": 4.163595542587793,
            "change": 3.933259326921062,
            "metformin": 3.3307666149308544,
            "glimepiride": 1.0507238980783606,
            "num_lab_procedures": 0.7441874169987499,
            "pioglitazone": 0.6235977900633206,
            "rosiglitazone": 0.405212871972606,
            "number_outpatient": 0.1928286205827507,
            "glyburide-metformin": 0.1010997092927939,
            "glipizide": 0.07767239294454023,
            "tolazamide": 0.04129224972731951,
            "race": 0.0399518468523803,
            "nateglinide": 0.02251129690390495,
            "glimepiride-pioglitazone": -0.0,
            "metformin-pioglitazone": -0.0,
            "troglitazone": -0.0,
            "acarbose": -0.0,
            "glipizide-metformin": -0.0,
            "metformin-rosiglitazone": -0.0,
            "acetohexamide": -0.0,
            "chlorpropamide": -0.0,
            "repaglinide": 0.0,
            "miglitol": -0.0,
            "tolbutamide": -0.0,
            "diag_3": -0.07062749832521514,
            "admission_type_id": -0.10947782644296401,
            "medical_specialty": -0.39258471608012385,
            "admission_source_id": -0.5511132563090302,
            "gender": -1.2486592764289568,
            "discharge_disposition_id": -2.4533892983884797,
            "number_emergency": -2.5238052951280507,
            "insulin": -3.039024896090166,
            "time_in_hospital": -3.4700683936762524,
            "diag_1": -3.983790938908533,
            "diag_2": -5.212413076774104,
            "glyburide": -6.1148470038914855,
            "num_procedures": -8.17852449479903,
            "number_inpatient": -21.43693614704776
        }
    },
    "DecisionTree": {
        "SHAP": {
            "discharge_disposition_id": 60.15846768821363,
            "payer_code": 19.95727041509941,
            "number_inpatient": -13.165009478701005,
            "diag_1": -3.2991356695974203,
            "number_diagnoses": 2.1195010704410344,
            "num_medications": 0.879106317102581,
            "medical_specialty": -0.2601227099388207,
            "admission_source_id": 0.16138665090608134,
            "gender": 0.0,
            "race": 0.0,
            "num_lab_procedures": 0.0,
            "time_in_hospital": 0.0,
            "admission_type_id": 0.0,
            "age": 0.0,
            "number_emergency": 0.0,
            "number_outpatient": 0.0,
            "diag_2": 0.0,
            "num_procedures": 0.0,
            "diag_3": 0.0,
            "metformin": 0.0,
            "repaglinide": 0.0,
            "nateglinide": 0.0,
            "chlorpropamide": 0.0,
            "glimepiride": 0.0,
            "acetohexamide": 0.0,
            "glipizide": 0.0,
            "glyburide": 0.0,
            "tolbutamide": 0.0,
            "pioglitazone": 0.0,
            "rosiglitazone": 0.0,
            "acarbose": 0.0,
            "miglitol": 0.0,
            "troglitazone": 0.0,
            "tolazamide": 0.0,
            "insulin": 0.0,
            "glyburide-metformin": 0.0,
            "glipizide-metformin": 0.0,
            "glimepiride-pioglitazone": 0.0,
            "metformin-rosiglitazone": 0.0,
            "metformin-pioglitazone": 0.0,
            "change": 0.0,
            "diabetesMed": 0.0
        },
        "Lime": {
            "race": -2.357145131895938,
            "gender": 0.0,
            "age": 0.0,
            "admission_type_id": 2.324239081798734,
            "discharge_disposition_id": 23.203095606121177,
            "admission_source_id": 0.0,
            "time_in_hospital": 0.0,
            "payer_code": 4.588946228716371,
            "medical_specialty": 0.0,
            "num_lab_procedures": 0.0,
            "num_procedures": 0.0,
            "num_medications": 0.0,
            "number_outpatient": 0.0,
            "number_emergency": 0.0,
            "number_inpatient": -26.88234558829422,
            "diag_1": 5.64000415638789,
            "diag_2": 5.640004156387888,
            "diag_3": 0.0,
            "number_diagnoses": 2.583388095644574,
            "metformin": 0.0,
            "repaglinide": -6.618969496900109,
            "nateglinide": -4.397883922669976,
            "chlorpropamide": 0.0,
            "glimepiride": 0.0,
            "acetohexamide": 0.0,
            "glipizide": -2.672438208627178,
            "glyburide": -2.693775627749544,
            "tolbutamide": 0.0,
            "pioglitazone": -3.641873739043749,
            "rosiglitazone": 0.0,
            "acarbose": -6.755890959762666,
            "miglitol": 0.0,
            "troglitazone": 0.0,
            "tolazamide": 0.0,
            "insulin": 0.0,
            "glyburide-metformin": 0.0,
            "glipizide-metformin": 0.0,
            "glimepiride-pioglitazone": 0.0,
            "metformin-rosiglitazone": 0.0,
            "metformin-pioglitazone": 0.0,
            "change": 0.0,
            "diabetesMed": 0.0
        },
        "Inherent": {
            "discharge_disposition_id": 47.01241800020962,
            "payer_code": 32.571767198701664,
            "number_inpatient": -20.415814801088715,
            "gender": 0.0,
            "admission_type_id": 0.0,
            "race": 0.0,
            "admission_source_id": 0.0,
            "time_in_hospital": 0.0,
            "medical_specialty": 0.0,
            "age": 0.0,
            "num_lab_procedures": 0.0,
            "num_procedures": 0.0,
            "number_outpatient": 0.0,
            "num_medications": 0.0,
            "number_emergency": 0.0,
            "diag_1": 0.0,
            "diag_2": 0.0,
            "diag_3": 0.0,
            "number_diagnoses": 0.0,
            "metformin": 0.0,
            "repaglinide": 0.0,
            "nateglinide": 0.0,
            "chlorpropamide": 0.0,
            "glimepiride": 0.0,
            "acetohexamide": 0.0,
            "glipizide": 0.0,
            "glyburide": 0.0,
            "tolbutamide": 0.0,
            "pioglitazone": 0.0,
            "rosiglitazone": 0.0,
            "acarbose": 0.0,
            "miglitol": 0.0,
            "troglitazone": 0.0,
            "tolazamide": 0.0,
            "insulin": 0.0,
            "glyburide-metformin": 0.0,
            "glipizide-metformin": 0.0,
            "glimepiride-pioglitazone": 0.0,
            "metformin-rosiglitazone": 0.0,
            "metformin-pioglitazone": 0.0,
            "change": 0.0,
            "diabetesMed": 0.0
        }
    },
    "XGBOOST": {
        "SHAP": {
            "discharge_disposition_id": 27.555491972999462,
            "number_inpatient": -12.59406128178214,
            "payer_code": 10.401130780138962,
            "num_medications": 7.593024580092672,
            "medical_specialty": -5.283216454060495,
            "diabetesMed": 5.087904109430277,
            "age": 3.5161571483060956,
            "diag_3": -3.403324548606019,
            "num_procedures": -3.149265348163657,
            "glyburide": -2.9033783646894604,
            "num_lab_procedures": 2.884264837728028,
            "time_in_hospital": -2.741654517788884,
            "number_diagnoses": 2.5665410912179802,
            "diag_2": -2.2203101989479075,
            "number_emergency": -1.4877501752676536,
            "metformin": 1.177476938793853,
            "admission_type_id": -1.006131900483754,
            "gender": -0.7576693267100225,
            "admission_source_id": 0.6536187128401029,
            "glimepiride": 0.6103826429061618,
            "change": 0.4479856686718662,
            "diag_1": -0.4354713350954855,
            "glipizide": -0.3817296169449126,
            "pioglitazone": 0.3522804333330325,
            "acarbose": 0.3199324184498144,
            "glyburide-metformin": 0.22672042847687734,
            "insulin": 0.07456728382291421,
            "race": -0.06531704518181532,
            "rosiglitazone": 0.059008763070129824,
            "number_outpatient": -0.026865035025522132,
            "repaglinide": 0.01736704097404563,
            "acetohexamide": 0.0,
            "nateglinide": 0.0,
            "chlorpropamide": 0.0,
            "tolazamide": 0.0,
            "troglitazone": 0.0,
            "miglitol": 0.0,
            "tolbutamide": 0.0,
            "glimepiride-pioglitazone": 0.0,
            "glipizide-metformin": 0.0,
            "metformin-pioglitazone": 0.0,
            "metformin-rosiglitazone": 0.0
        },
        "Lime": {
            "race": 0.0,
            "gender": 0.0,
            "age": 2.649473717307155,
            "admission_type_id": 0.0,
            "discharge_disposition_id": 17.936962794984115,
            "admission_source_id": 0.0,
            "time_in_hospital": 0.0,
            "payer_code": 4.154226797835346,
            "medical_specialty": -5.285373788405289,
            "num_lab_procedures": 0.0,
            "num_procedures": 0.0,
            "num_medications": 0.0,
            "number_outpatient": 0.0,
            "number_emergency": -8.202805496320018,
            "number_inpatient": -19.411813926551066,
            "diag_1": 0.0,
            "diag_2": 4.963957187621001,
            "diag_3": 0.0,
            "number_diagnoses": 0.0,
            "metformin": 4.286316241469937,
            "repaglinide": 0.0,
            "nateglinide": 2.1241919990542253,
            "chlorpropamide": 0.0,
            "glimepiride": 3.889856769701598,
            "acetohexamide": 0.0,
            "glipizide": 0.0,
            "glyburide": 5.858577041870205,
            "tolbutamide": 0.0,
            "pioglitazone": 5.1028405237423415,
            "rosiglitazone": 4.044993004389211,
            "acarbose": 1.5766665504660906,
            "miglitol": 0.0,
            "troglitazone": -2.861861403357325,
            "tolazamide": 0.0,
            "insulin": -3.367462989345561,
            "glyburide-metformin": 0.0,
            "glipizide-metformin": 0.0,
            "glimepiride-pioglitazone": 0.0,
            "metformin-rosiglitazone": 0.0,
            "metformin-pioglitazone": 0.0,
            "change": 0.0,
            "diabetesMed": 4.282619767579508
        },
        "Inherent": {
            "race": -0.12015573680400848,
            "gender": -0.8086330890655518,
            "age": 2.891650915145874,
            "admission_type_id": -0.8246423602104187,
            "discharge_disposition_id": 26.940044403076172,
            "admission_source_id": 0.3730213940143585,
            "time_in_hospital": -3.2981209754943848,
            "payer_code": 8.690909385681152,
            "medical_specialty": -5.369772911071777,
            "num_lab_procedures": 2.8002121448516846,
            "num_procedures": -2.920755624771118,
            "num_medications": 5.828316688537598,
            "number_outpatient": -0.12045318633317947,
            "number_emergency": -1.5955815315246582,
            "number_inpatient": -16.201311111450195,
            "diag_1": -1.831458330154419,
            "diag_2": -2.0497853755950928,
            "diag_3": -4.622546195983887,
            "number_diagnoses": 3.615049362182617,
            "metformin": 0.9269699454307556,
            "repaglinide": -0.0065783606842160225,
            "nateglinide": -0.002748158760368824,
            "chlorpropamide": 0.013076694682240486,
            "glimepiride": 0.30086225271224976,
            "acetohexamide": 0.0,
            "glipizide": -0.3560014069080353,
            "glyburide": -2.7817394733428955,
            "tolbutamide": 0.0,
            "pioglitazone": 0.4004122316837311,
            "rosiglitazone": -0.019574958831071854,
            "acarbose": 0.051784683018922806,
            "miglitol": 0.0,
            "troglitazone": 0.0,
            "tolazamide": 0.0,
            "insulin": -0.039895158261060715,
            "glyburide-metformin": 0.02923649176955223,
            "glipizide-metformin": 0.0,
            "glimepiride-pioglitazone": 0.0,
            "metformin-rosiglitazone": 0.0,
            "metformin-pioglitazone": 0.0,
            "change": 0.4393223524093628,
            "diabetesMed": 3.7293739318847656
        }
    }
}