{
    "LogisticRegression": {
        "SHAP": {
            "diabetesMed": -19.73734919030954,
            "time_in_hospital": 16.500926629318453,
            "number_inpatient": -14.879001277555853,
            "age": 7.673804605198617,
            "number_diagnoses": 7.239019515547546,
            "discharge_disposition_id": 6.042395889932951,
            "diag_1": -4.8827967316277645,
            "metformin": 2.978932208768154,
            "num_procedures": 2.7310789643694355,
            "change": -2.4545026883744483,
            "number_emergency": -2.0963274861920875,
            "payer_code": -1.9105524249282493,
            "insulin": 1.5591084857674944,
            "glimepiride": 1.2635190955924505,
            "gender": 1.2606757404225697,
            "admission_type_id": -1.0738867619861563,
            "admission_source_id": 1.038871151600935,
            "diag_2": 0.8108497204460787,
            "diag_3": 0.7371946595497323,
            "num_lab_procedures": 0.6392676129209838,
            "glyburide": 0.445822523885339,
            "pioglitazone": 0.40799086368333165,
            "rosiglitazone": 0.39745480092620983,
            "num_medications": -0.2221913051671599,
            "glyburide-metformin": 0.17811907557814394,
            "acarbose": 0.17081532177064704,
            "race": -0.14298873902931347,
            "number_outpatient": 0.12294813695801561,
            "medical_specialty": 0.08078748716004396,
            "glipizide": 0.0770913980206592,
            "glipizide-metformin": -0.07125857364982618,
            "chlorpropamide": -0.04744680414169756,
            "tolazamide": 0.023777548123415978,
            "tolbutamide": -0.020874499774014052,
            "troglitazone": -0.01865439184128893,
            "repaglinide": 0.012342714752995818,
            "miglitol": -0.01231303370696982,
            "metformin-rosiglitazone": -0.012113528668928324,
            "acetohexamide": -0.0068516349488509385,
            "nateglinide": 0.0062702240584821415,
            "glimepiride-pioglitazone": -0.00614838960876785,
            "metformin-pioglitazone": -0.005678164136392216
        },
        "Lime": {
            "race": -25.90944062381774,
            "gender": 0.0,
            "age": 0.0,
            "admission_type_id": 0.0,
            "discharge_disposition_id": 31.249169746663334,
            "admission_source_id": 0.0,
            "time_in_hospital": 13.370066874461928,
            "payer_code": 0.0,
            "medical_specialty": 0.0,
            "num_lab_procedures": 0.0,
            "num_procedures": 0.0,
            "num_medications": 0.0,
            "number_outpatient": 8.00235201876162,
            "number_emergency": -21.468970736295383,
            "number_inpatient": 0.0,
            "diag_1": 0.0,
            "diag_2": 0.0,
            "diag_3": 0.0,
            "number_diagnoses": 0.0,
            "metformin": 0.0,
            "repaglinide": 0.0,
            "nateglinide": 0.0,
            "chlorpropamide": 0.0,
            "glimepiride": 0.0,
            "acetohexamide": 0.0,
            "glipizide": 0.0,
            "glyburide": 0.0,
            "tolbutamide": 0.0,
            "pioglitazone": 0.0,
            "rosiglitazone": 0.0,
            "acarbose": 0.0,
            "miglitol": 0.0,
            "troglitazone": 0.0,
            "tolazamide": 0.0,
            "insulin": 0.0,
            "glyburide-metformin": 0.0,
            "glipizide-metformin": 0.0,
            "glimepiride-pioglitazone": 0.0,
            "metformin-rosiglitazone": 0.0,
            "metformin-pioglitazone": 0.0,
            "change": 0.0,
            "diabetesMed": 0.0
        },
        "Inherent": {
            "time_in_hospital": 16.61929047268255,
            "number_diagnoses": 8.646625960824457,
            "age": 7.8152432196616735,
            "discharge_disposition_id": 5.28651649533379,
            "num_procedures": 2.575367000317901,
            "metformin": 2.5216740910720508,
            "insulin": 1.7005918624427427,
            "gender": 1.1323320681296112,
            "diag_2": 0.8429352190654306,
            "glimepiride": 0.7954875069232181,
            "admission_source_id": 0.7921507099857568,
            "diag_3": 0.6605662107949695,
            "num_lab_procedures": 0.6001656091611937,
            "pioglitazone": 0.47211665428714167,
            "glyburide": 0.43005913816188784,
            "rosiglitazone": 0.306780666060996,
            "num_medications": 0.1631056731788805,
            "number_outpatient": 0.14598769375223233,
            "glyburide-metformin": 0.07654109309122131,
            "medical_specialty": 0.06644014521359566,
            "glipizide": 0.05880461873306027,
            "tolazamide": 0.031261750923254096,
            "nateglinide": 0.01704296959881292,
            "troglitazone": -0.0,
            "glipizide-metformin": -0.0,
            "miglitol": -0.0,
            "metformin-rosiglitazone": -0.0,
            "metformin-pioglitazone": -0.0,
            "glimepiride-pioglitazone": -0.0,
            "acetohexamide": -0.0,
            "repaglinide": 0.0,
            "chlorpropamide": -0.0,
            "tolbutamide": -0.0,
            "acarbose": -0.0,
            "race": -0.1303563318858252,
            "admission_type_id": -1.003817836487542,
            "number_emergency": -1.9107356231763402,
            "payer_code": -2.0905419893237656,
            "change": -2.246419883129098,
            "diag_1": -4.753391343567979,
            "number_inpatient": -16.2295869760597,
            "diabetesMed": -19.878063186973336
        }
    },
    "DecisionTree": {
        "SHAP": {
            "number_inpatient": -41.564090538306154,
            "discharge_disposition_id": 39.55871250450668,
            "diag_1": -7.603669581614773,
            "number_diagnoses": 4.884911513650789,
            "payer_code": -3.5686891083741767,
            "num_medications": -1.341926881501907,
            "medical_specialty": 1.1990335258267006,
            "admission_source_id": 0.27896634621883526,
            "gender": 0.0,
            "race": 0.0,
            "num_lab_procedures": 0.0,
            "time_in_hospital": 0.0,
            "admission_type_id": 0.0,
            "age": 0.0,
            "number_emergency": 0.0,
            "number_outpatient": 0.0,
            "diag_2": 0.0,
            "num_procedures": 0.0,
            "diag_3": 0.0,
            "metformin": 0.0,
            "repaglinide": 0.0,
            "nateglinide": 0.0,
            "chlorpropamide": 0.0,
            "glimepiride": 0.0,
            "acetohexamide": 0.0,
            "glipizide": 0.0,
            "glyburide": 0.0,
            "tolbutamide": 0.0,
            "pioglitazone": 0.0,
            "rosiglitazone": 0.0,
            "acarbose": 0.0,
            "miglitol": 0.0,
            "troglitazone": 0.0,
            "tolazamide": 0.0,
            "insulin": 0.0,
            "glyburide-metformin": 0.0,
            "glipizide-metformin": 0.0,
            "glimepiride-pioglitazone": 0.0,
            "metformin-rosiglitazone": 0.0,
            "metformin-pioglitazone": 0.0,
            "change": 0.0,
            "diabetesMed": 0.0
        },
        "Lime": {
            "race": 5.737586619911265,
            "gender": 0.0,
            "age": 0.0,
            "admission_type_id": 0.0,
            "discharge_disposition_id": 0.0,
            "admission_source_id": 0.0,
            "time_in_hospital": 0.0,
            "payer_code": -5.030674919911935,
            "medical_specialty": 0.0,
            "num_lab_procedures": 0.0,
            "num_procedures": 0.0,
            "num_medications": 0.0,
            "number_outpatient": 0.0,
            "number_emergency": 0.0,
            "number_inpatient": -38.30555936617809,
            "diag_1": 0.0,
            "diag_2": 0.0,
            "diag_3": 5.3721877824213315,
            "number_diagnoses": 6.16185601779824,
            "metformin": 0.0,
            "repaglinide": 0.0,
            "nateglinide": 7.139876850223841,
            "chlorpropamide": 0.0,
            "glimepiride": 5.548587751375361,
            "acetohexamide": 0.0,
            "glipizide": -2.7326051240868305,
            "glyburide": 7.622819270494335,
            "tolbutamide": 0.0,
            "pioglitazone": 0.0,
            "rosiglitazone": 0.0,
            "acarbose": 8.113743930283945,
            "miglitol": 0.0,
            "troglitazone": 0.0,
            "tolazamide": -8.234502367314843,
            "insulin": 0.0,
            "glyburide-metformin": 0.0,
            "glipizide-metformin": 0.0,
            "glimepiride-pioglitazone": 0.0,
            "metformin-rosiglitazone": 0.0,
            "metformin-pioglitazone": 0.0,
            "change": 0.0,
            "diabetesMed": 0.0
        },
        "Inherent": {
            "number_inpatient": -64.94048756620666,
            "discharge_disposition_id": 35.05951243379335,
            "gender": 0.0,
            "age": 0.0,
            "admission_type_id": 0.0,
            "admission_source_id": 0.0,
            "time_in_hospital": 0.0,
            "payer_code": 0.0,
            "medical_specialty": 0.0,
            "race": 0.0,
            "num_lab_procedures": 0.0,
            "num_procedures": 0.0,
            "number_outpatient": 0.0,
            "num_medications": 0.0,
            "number_emergency": 0.0,
            "diag_1": 0.0,
            "diag_2": 0.0,
            "diag_3": 0.0,
            "number_diagnoses": 0.0,
            "metformin": 0.0,
            "repaglinide": 0.0,
            "nateglinide": 0.0,
            "chlorpropamide": 0.0,
            "glimepiride": 0.0,
            "acetohexamide": 0.0,
            "glipizide": 0.0,
            "glyburide": 0.0,
            "tolbutamide": 0.0,
            "pioglitazone": 0.0,
            "rosiglitazone": 0.0,
            "acarbose": 0.0,
            "miglitol": 0.0,
            "troglitazone": 0.0,
            "tolazamide": 0.0,
            "insulin": 0.0,
            "glyburide-metformin": 0.0,
            "glipizide-metformin": 0.0,
            "glimepiride-pioglitazone": 0.0,
            "metformin-rosiglitazone": 0.0,
            "metformin-pioglitazone": 0.0,
            "change": 0.0,
            "diabetesMed": 0.0
        }
    },
    "XGBOOST": {
        "SHAP": {
            "time_in_hospital": -25.41405509207723,
            "number_inpatient": -15.452760753653397,
            "diabetesMed": -11.944787652560652,
            "race": -11.711706218188082,
            "admission_source_id": -6.5146708512467635,
            "age": 4.052582319211573,
            "payer_code": -3.1608961904037156,
            "admission_type_id": -2.991105160039843,
            "discharge_disposition_id": -2.2382862468680464,
            "num_procedures": -2.1983726943431057,
            "medical_specialty": 2.0197365757510126,
            "num_medications": -1.9259997229121515,
            "number_emergency": -1.8577561687665938,
            "metformin": 1.5616867917685309,
            "insulin": -1.3257593014101772,
            "diag_2": -1.2088470774664832,
            "diag_1": 0.9663131796335227,
            "gender": 0.5980866975394528,
            "glipizide": -0.5517809197160867,
            "number_outpatient": -0.43408235712228604,
            "acarbose": 0.3691944517359498,
            "change": 0.3635639173988287,
            "glimepiride": 0.27931527483971624,
            "pioglitazone": 0.23712831685039829,
            "glyburide-metformin": 0.2003182789711081,
            "rosiglitazone": 0.19818958976445425,
            "glyburide": 0.10230956257481914,
            "num_lab_procedures": 0.054244907457712245,
            "diag_3": 0.03036719371497225,
            "number_diagnoses": 0.024406419421079927,
            "repaglinide": 0.011690116592268112,
            "acetohexamide": 0.0,
            "nateglinide": 0.0,
            "chlorpropamide": 0.0,
            "tolazamide": 0.0,
            "troglitazone": 0.0,
            "miglitol": 0.0,
            "tolbutamide": 0.0,
            "glimepiride-pioglitazone": 0.0,
            "glipizide-metformin": 0.0,
            "metformin-pioglitazone": 0.0,
            "metformin-rosiglitazone": 0.0
        },
        "Lime": {
            "race": -4.207190165250805,
            "gender": 0.0,
            "age": 3.4773850741458703,
            "admission_type_id": 0.0,
            "discharge_disposition_id": -5.994488414698148,
            "admission_source_id": 0.0,
            "time_in_hospital": 0.0,
            "payer_code": -3.4474544081884178,
            "medical_specialty": 0.0,
            "num_lab_procedures": 0.0,
            "num_procedures": 0.0,
            "num_medications": 0.0,
            "number_outpatient": 0.0,
            "number_emergency": -5.093585367894652,
            "number_inpatient": -15.810213390235228,
            "diag_1": 13.952370289025046,
            "diag_2": -7.208373227147953,
            "diag_3": -7.208373227147949,
            "number_diagnoses": 1.8004321452347656,
            "metformin": 0.0,
            "repaglinide": 5.90016223954143,
            "nateglinide": 1.5201430476416433,
            "chlorpropamide": 0.0,
            "glimepiride": 1.2812797593996315,
            "acetohexamide": 0.0,
            "glipizide": 0.0,
            "glyburide": 7.707156017806348,
            "tolbutamide": 0.0,
            "pioglitazone": 3.038565303474902,
            "rosiglitazone": 0.0,
            "acarbose": 3.2643251873546255,
            "miglitol": 4.240172911446958,
            "troglitazone": 0.0,
            "tolazamide": 0.0,
            "insulin": 1.6006485883733386,
            "glyburide-metformin": 0.0,
            "glipizide-metformin": 0.0,
            "glimepiride-pioglitazone": 0.0,
            "metformin-rosiglitazone": 0.0,
            "metformin-pioglitazone": 0.0,
            "change": 0.0,
            "diabetesMed": -3.247681235992282
        },
        "Inherent": {
            "race": -9.904386520385742,
            "gender": 0.28211501240730286,
            "age": 3.4957633018493652,
            "admission_type_id": -2.8498363494873047,
            "discharge_disposition_id": -1.3887736797332764,
            "admission_source_id": -6.190908908843994,
            "time_in_hospital": -21.787620544433594,
            "payer_code": -3.8492214679718018,
            "medical_specialty": 1.330871820449829,
            "num_lab_procedures": -0.37666085362434387,
            "num_procedures": -2.569746494293213,
            "num_medications": -5.250141620635986,
            "number_outpatient": -0.5541485548019409,
            "number_emergency": -1.8223546743392944,
            "number_inpatient": -19.080080032348633,
            "diag_1": -0.1958448439836502,
            "diag_2": -2.066232919692993,
            "diag_3": -1.3582273721694946,
            "number_diagnoses": -0.05991930887103081,
            "metformin": 0.9775969386100769,
            "repaglinide": 0.00018112744146492332,
            "nateglinide": 0.00861749891191721,
            "chlorpropamide": 0.011339995078742504,
            "glimepiride": 0.07252400368452072,
            "acetohexamide": 0.0,
            "glipizide": -0.4059513211250305,
            "glyburide": 0.22509640455245972,
            "tolbutamide": 0.0,
            "pioglitazone": 0.23984341323375702,
            "rosiglitazone": 0.10418045520782471,
            "acarbose": 0.0550260953605175,
            "miglitol": 0.0,
            "troglitazone": 0.0,
            "tolazamide": 0.0,
            "insulin": -1.2968946695327759,
            "glyburide-metformin": 0.024525940418243408,
            "glipizide-metformin": 0.0,
            "glimepiride-pioglitazone": 0.0,
            "metformin-rosiglitazone": 0.0,
            "metformin-pioglitazone": 0.0,
            "change": 0.2657147943973541,
            "diabetesMed": -11.899649620056152
        }
    }
}