{
    "LogisticRegression": {
        "SHAP": {
            "discharge_disposition_id": 40.72575100091575,
            "number_inpatient": -13.15584618858284,
            "payer_code": -5.9494492164514075,
            "number_diagnoses": -5.524830102574365,
            "diabetesMed": 5.060758217886055,
            "time_in_hospital": -3.2835741519663384,
            "rosiglitazone": -3.2097856641337437,
            "age": 2.9951427720398534,
            "metformin": 2.6339384756882636,
            "change": -2.170243770758095,
            "number_emergency": -1.8535492708669203,
            "diag_1": -1.8129436297166175,
            "num_medications": 1.7454734839282966,
            "admission_source_id": 1.6673049499752675,
            "num_procedures": -1.6561152477638013,
            "insulin": 1.3785462510183226,
            "glimepiride": 1.1171894247382008,
            "admission_type_id": -0.9495186404719436,
            "gender": -0.8147899742644391,
            "num_lab_procedures": -0.5610782886204747,
            "glyburide": 0.3941912795241578,
            "pioglitazone": 0.36074094953278235,
            "diag_2": 0.16567274783038619,
            "glyburide-metformin": 0.1574908905407094,
            "acarbose": 0.15103299327339434,
            "number_outpatient": 0.10870936488407724,
            "medical_specialty": -0.07866593569326444,
            "glipizide": 0.06816335020768366,
            "glipizide-metformin": -0.06300603226434506,
            "chlorpropamide": -0.04195193251105932,
            "race": 0.02271781315126805,
            "tolazamide": 0.021023841588423638,
            "tolbutamide": -0.018456998770797053,
            "troglitazone": -0.016494004216247072,
            "diag_3": -0.01128305389451828,
            "repaglinide": 0.010913290066377286,
            "miglitol": -0.010887046418100753,
            "metformin-rosiglitazone": -0.010710646299211023,
            "acetohexamide": -0.006058138839155245,
            "nateglinide": 0.005544061845452924,
            "glimepiride-pioglitazone": -0.005436337190349248,
            "metformin-pioglitazone": -0.005020569097240802
        },
        "Lime": {
            "race": 0.0,
            "gender": 0.0,
            "age": 0.0,
            "admission_type_id": 0.0,
            "discharge_disposition_id": 47.94065981062026,
            "admission_source_id": 0.0,
            "time_in_hospital": 0.0,
            "payer_code": 0.0,
            "medical_specialty": 0.0,
            "num_lab_procedures": 0.0,
            "num_procedures": 0.0,
            "num_medications": 17.61204996081716,
            "number_outpatient": 0.0,
            "number_emergency": -34.44729022856258,
            "number_inpatient": 0.0,
            "diag_1": 0.0,
            "diag_2": 0.0,
            "diag_3": 0.0,
            "number_diagnoses": 0.0,
            "metformin": 0.0,
            "repaglinide": 0.0,
            "nateglinide": 0.0,
            "chlorpropamide": 0.0,
            "glimepiride": 0.0,
            "acetohexamide": 0.0,
            "glipizide": 0.0,
            "glyburide": 0.0,
            "tolbutamide": 0.0,
            "pioglitazone": 0.0,
            "rosiglitazone": 0.0,
            "acarbose": 0.0,
            "miglitol": 0.0,
            "troglitazone": 0.0,
            "tolazamide": 0.0,
            "insulin": 0.0,
            "glyburide-metformin": 0.0,
            "glipizide-metformin": 0.0,
            "glimepiride-pioglitazone": 0.0,
            "metformin-rosiglitazone": 0.0,
            "metformin-pioglitazone": 0.0,
            "change": 0.0,
            "diabetesMed": 0.0
        },
        "Inherent": {
            "discharge_disposition_id": 40.986932198601615,
            "diabetesMed": 4.122048932848857,
            "age": 3.527566727142928,
            "metformin": 2.3821515083758023,
            "num_medications": 2.129480407637144,
            "insulin": 1.6064992239053961,
            "admission_source_id": 1.5099719379416496,
            "glimepiride": 0.7514737020221487,
            "pioglitazone": 0.44599474774367953,
            "glyburide": 0.40626424655360716,
            "diag_2": 0.23552421728430528,
            "number_outpatient": 0.13791028987744336,
            "glyburide-metformin": 0.07230612433443757,
            "glipizide": 0.05555099753389226,
            "tolazamide": 0.02953205863515793,
            "race": 0.028573407639902296,
            "nateglinide": 0.016099993207193217,
            "metformin-rosiglitazone": -0.0,
            "glimepiride-pioglitazone": -0.0,
            "troglitazone": -0.0,
            "acarbose": -0.0,
            "glipizide-metformin": -0.0,
            "metformin-pioglitazone": -0.0,
            "repaglinide": 0.0,
            "acetohexamide": -0.0,
            "chlorpropamide": -0.0,
            "miglitol": -0.0,
            "tolbutamide": -0.0,
            "diag_3": -0.05051251592171776,
            "medical_specialty": -0.0899200062673042,
            "num_lab_procedures": -0.578763246817735,
            "gender": -0.8930363254690022,
            "admission_type_id": -0.9482772503352055,
            "num_procedures": -1.708187863641528,
            "number_emergency": -1.8050158674239418,
            "diag_1": -1.9428591626611011,
            "change": -2.122126936223684,
            "time_in_hospital": -2.4817796062648134,
            "rosiglitazone": -3.3327769569147763,
            "number_diagnoses": -3.962796787353061,
            "payer_code": -6.308452238993121,
            "number_inpatient": -15.33161451442784
        }
    },
    "DecisionTree": {
        "SHAP": {
            "discharge_disposition_id": 74.67709826001322,
            "number_inpatient": -9.744494056193872,
            "medical_specialty": -7.495207026061684,
            "number_diagnoses": -3.9750516101142823,
            "diag_1": -2.5753354359476734,
            "payer_code": -0.9167679384912836,
            "num_medications": 0.5204933234204925,
            "admission_source_id": 0.09555234975749498,
            "gender": 0.0,
            "race": 0.0,
            "num_lab_procedures": 0.0,
            "time_in_hospital": 0.0,
            "admission_type_id": 0.0,
            "age": 0.0,
            "number_emergency": 0.0,
            "number_outpatient": 0.0,
            "diag_2": 0.0,
            "num_procedures": 0.0,
            "diag_3": 0.0,
            "metformin": 0.0,
            "repaglinide": 0.0,
            "nateglinide": 0.0,
            "chlorpropamide": 0.0,
            "glimepiride": 0.0,
            "acetohexamide": 0.0,
            "glipizide": 0.0,
            "glyburide": 0.0,
            "tolbutamide": 0.0,
            "pioglitazone": 0.0,
            "rosiglitazone": 0.0,
            "acarbose": 0.0,
            "miglitol": 0.0,
            "troglitazone": 0.0,
            "tolazamide": 0.0,
            "insulin": 0.0,
            "glyburide-metformin": 0.0,
            "glipizide-metformin": 0.0,
            "glimepiride-pioglitazone": 0.0,
            "metformin-rosiglitazone": 0.0,
            "metformin-pioglitazone": 0.0,
            "change": 0.0,
            "diabetesMed": 0.0
        },
        "Lime": {
            "race": 0.0,
            "gender": 0.0,
            "age": 0.0,
            "admission_type_id": 0.0,
            "discharge_disposition_id": 0.0,
            "admission_source_id": 3.2732478278324666,
            "time_in_hospital": 0.0,
            "payer_code": 0.0,
            "medical_specialty": 0.0,
            "num_lab_procedures": 0.0,
            "num_procedures": 0.0,
            "num_medications": 0.0,
            "number_outpatient": 0.0,
            "number_emergency": -4.35721750246498,
            "number_inpatient": -36.83973580368778,
            "diag_1": -4.336304772640711,
            "diag_2": 9.85337296630553,
            "diag_3": 0.0,
            "number_diagnoses": -8.733173636010227,
            "metformin": 0.0,
            "repaglinide": 0.0,
            "nateglinide": -4.092922044250066,
            "chlorpropamide": 0.0,
            "glimepiride": 0.0,
            "acetohexamide": 0.0,
            "glipizide": 0.0,
            "glyburide": 11.86764447288817,
            "tolbutamide": 0.0,
            "pioglitazone": 0.0,
            "rosiglitazone": 0.0,
            "acarbose": 3.3625020454700443,
            "miglitol": 10.4247688915695,
            "troglitazone": 0.0,
            "tolazamide": 0.0,
            "insulin": -2.859110036880527,
            "glyburide-metformin": 0.0,
            "glipizide-metformin": 0.0,
            "glimepiride-pioglitazone": 0.0,
            "metformin-rosiglitazone": 0.0,
            "metformin-pioglitazone": 0.0,
            "change": 0.0,
            "diabetesMed": 0.0
        },
        "Inherent": {
            "discharge_disposition_id": 72.57243296285894,
            "medical_specialty": -15.557215885879286,
            "number_inpatient": -11.870351151261785,
            "gender": 0.0,
            "admission_type_id": 0.0,
            "race": 0.0,
            "admission_source_id": 0.0,
            "time_in_hospital": 0.0,
            "payer_code": 0.0,
            "age": 0.0,
            "num_lab_procedures": 0.0,
            "num_procedures": 0.0,
            "number_outpatient": 0.0,
            "num_medications": 0.0,
            "number_emergency": 0.0,
            "diag_1": 0.0,
            "diag_2": 0.0,
            "diag_3": 0.0,
            "number_diagnoses": 0.0,
            "metformin": 0.0,
            "repaglinide": 0.0,
            "nateglinide": 0.0,
            "chlorpropamide": 0.0,
            "glimepiride": 0.0,
            "acetohexamide": 0.0,
            "glipizide": 0.0,
            "glyburide": 0.0,
            "tolbutamide": 0.0,
            "pioglitazone": 0.0,
            "rosiglitazone": 0.0,
            "acarbose": 0.0,
            "miglitol": 0.0,
            "troglitazone": 0.0,
            "tolazamide": 0.0,
            "insulin": 0.0,
            "glyburide-metformin": 0.0,
            "glipizide-metformin": 0.0,
            "glimepiride-pioglitazone": 0.0,
            "metformin-rosiglitazone": 0.0,
            "metformin-pioglitazone": 0.0,
            "change": 0.0,
            "diabetesMed": 0.0
        }
    },
    "XGBOOST": {
        "SHAP": {
            "discharge_disposition_id": 59.665810225601,
            "number_inpatient": -6.785893778610267,
            "diabetesMed": 4.63012860033092,
            "medical_specialty": -4.608733413957741,
            "admission_source_id": -3.90332948685898,
            "diag_1": -3.663864313552552,
            "age": 3.301170780181992,
            "num_medications": 1.6911767017842514,
            "payer_code": 1.5972974650980984,
            "number_diagnoses": 1.3643277988530125,
            "admission_type_id": -1.2368985240006318,
            "insulin": -0.8871133826195439,
            "number_emergency": 0.7182365140217388,
            "metformin": 0.6816734493677443,
            "diag_3": -0.5955883358228649,
            "diag_2": 0.5812253839439994,
            "rosiglitazone": -0.5575743584580903,
            "num_procedures": -0.5497140291951258,
            "race": 0.5225733692985014,
            "time_in_hospital": -0.4785616878559241,
            "num_lab_procedures": 0.3878568928706867,
            "glimepiride": 0.3840672341747872,
            "gender": 0.3727992910208746,
            "acarbose": 0.22847267314635678,
            "pioglitazone": 0.21134223256227702,
            "glyburide-metformin": 0.11181245062464137,
            "glipizide": -0.095587017604562,
            "number_outpatient": -0.07201443320831154,
            "change": -0.06537421848003629,
            "glyburide": 0.03821739511642958,
            "repaglinide": 0.011564561778069235,
            "acetohexamide": 0.0,
            "nateglinide": 0.0,
            "chlorpropamide": 0.0,
            "tolazamide": 0.0,
            "troglitazone": 0.0,
            "miglitol": 0.0,
            "tolbutamide": 0.0,
            "glimepiride-pioglitazone": 0.0,
            "glipizide-metformin": 0.0,
            "metformin-pioglitazone": 0.0,
            "metformin-rosiglitazone": 0.0
        },
        "Lime": {
            "race": 1.6051922861801147,
            "gender": -1.9509921052941366,
            "age": 0.0,
            "admission_type_id": 0.0,
            "discharge_disposition_id": -2.8981678631674086,
            "admission_source_id": -2.0593797992198626,
            "time_in_hospital": 2.113949279379692,
            "payer_code": 0.0,
            "medical_specialty": 5.2280962998409555,
            "num_lab_procedures": 0.0,
            "num_procedures": 0.0,
            "num_medications": 3.2482487426313087,
            "number_outpatient": 3.04048813982822,
            "number_emergency": -7.47884269742239,
            "number_inpatient": -20.135547637168294,
            "diag_1": -2.81757436240636,
            "diag_2": 3.748249877911029,
            "diag_3": 0.0,
            "number_diagnoses": -4.084872252472496,
            "metformin": 6.622188940126699,
            "repaglinide": 0.0,
            "nateglinide": -3.1095253670096876,
            "chlorpropamide": 0.0,
            "glimepiride": 5.827423906522109,
            "acetohexamide": 0.0,
            "glipizide": 0.0,
            "glyburide": 9.845564893524402,
            "tolbutamide": 0.0,
            "pioglitazone": 1.611738056611317,
            "rosiglitazone": 0.0,
            "acarbose": 4.103523301429512,
            "miglitol": 3.3623298223642393,
            "troglitazone": 0.0,
            "tolazamide": 0.0,
            "insulin": 0.0,
            "glyburide-metformin": 0.0,
            "glipizide-metformin": 0.0,
            "glimepiride-pioglitazone": 0.0,
            "metformin-rosiglitazone": 0.0,
            "metformin-pioglitazone": 0.0,
            "change": 0.0,
            "diabetesMed": 5.108104369489763
        },
        "Inherent": {
            "race": 0.48634788393974304,
            "gender": 0.37617868185043335,
            "age": 2.8454904556274414,
            "admission_type_id": -1.101590633392334,
            "discharge_disposition_id": 57.797752380371094,
            "admission_source_id": -3.6275808811187744,
            "time_in_hospital": -1.0112005472183228,
            "payer_code": 2.311612367630005,
            "medical_specialty": -5.19514274597168,
            "num_lab_procedures": 0.14622725546360016,
            "num_procedures": -0.6512329578399658,
            "num_medications": 0.6921509504318237,
            "number_outpatient": -0.08037963509559631,
            "number_emergency": -0.07842100411653519,
            "number_inpatient": -8.741884231567383,
            "diag_1": -4.411644458770752,
            "diag_2": 0.3157244622707367,
            "diag_3": -1.9089659452438354,
            "number_diagnoses": 1.8321762084960938,
            "metformin": 0.5808961391448975,
            "repaglinide": -0.0028393969405442476,
            "nateglinide": 0.022566724568605423,
            "chlorpropamide": 0.006811246741563082,
            "glimepiride": 0.21684621274471283,
            "acetohexamide": 0.0,
            "glipizide": -0.13768576085567474,
            "glyburide": 0.0941879153251648,
            "tolbutamide": 0.0,
            "pioglitazone": 0.23493221402168274,
            "rosiglitazone": -0.5156329274177551,
            "acarbose": 0.035163119435310364,
            "miglitol": 0.0,
            "troglitazone": 0.0,
            "tolazamide": 0.0,
            "insulin": -1.0511589050292969,
            "glyburide-metformin": 0.010002768598496914,
            "glipizide-metformin": 0.0,
            "glimepiride-pioglitazone": 0.0,
            "metformin-rosiglitazone": 0.0,
            "metformin-pioglitazone": 0.0,
            "change": -0.10680142045021057,
            "diabetesMed": 3.372774362564087
        }
    }
}