{
    "LogisticRegression": {
        "SHAP": {
            "number_inpatient": -18.3634406411103,
            "glimepiride": -12.18945487305365,
            "time_in_hospital": -9.573047596096968,
            "discharge_disposition_id": -7.976674543946273,
            "number_diagnoses": -7.71177225596406,
            "diabetesMed": 7.064002710354926,
            "num_medications": -4.611224874030484,
            "metformin": 3.6765535380471204,
            "num_procedures": 3.3706567741233173,
            "diag_1": -3.1860203645901697,
            "change": -3.0293104745813904,
            "admission_source_id": 2.8498538151211403,
            "number_emergency": -2.5872560018584805,
            "payer_code": -2.357975202261861,
            "num_lab_procedures": -1.9265562063944277,
            "insulin": 1.9242283535945661,
            "gender": 1.5559071267678863,
            "admission_type_id": -1.3253749657750107,
            "age": -1.1094217445591592,
            "diag_3": -0.5809914238038245,
            "glyburide": 0.5502274851059923,
            "pioglitazone": 0.5035362164170001,
            "rosiglitazone": 0.4905327654848955,
            "diag_2": 0.46601093279518513,
            "glyburide-metformin": 0.21983189667189726,
            "acarbose": 0.2108177130584065,
            "number_outpatient": 0.15174075012476215,
            "glipizide": 0.09514504939441285,
            "glipizide-metformin": -0.08794626487213551,
            "chlorpropamide": -0.05855813540259164,
            "race": 0.03171040519318236,
            "tolazamide": 0.02934589394881876,
            "tolbutamide": -0.025762995134035366,
            "troglitazone": -0.02302297115803414,
            "repaglinide": 0.015233193780196197,
            "miglitol": -0.015196561877510185,
            "metformin-rosiglitazone": -0.014950335746109565,
            "medical_specialty": 0.009915990253404797,
            "acetohexamide": -0.008456185286278112,
            "nateglinide": 0.007738616668988743,
            "glimepiride-pioglitazone": -0.007588250414988512,
            "metformin-pioglitazone": -0.007007905176163017
        },
        "Lime": {
            "race": 0.0,
            "gender": 0.0,
            "age": 0.0,
            "admission_type_id": -17.24439571006135,
            "discharge_disposition_id": -17.257965641467372,
            "admission_source_id": 0.0,
            "time_in_hospital": -13.903974020103984,
            "payer_code": 0.0,
            "medical_specialty": 0.0,
            "num_lab_procedures": 0.0,
            "num_procedures": 0.0,
            "num_medications": -22.16696721102982,
            "number_outpatient": 0.0,
            "number_emergency": -29.426697417337472,
            "number_inpatient": 0.0,
            "diag_1": 0.0,
            "diag_2": 0.0,
            "diag_3": 0.0,
            "number_diagnoses": 0.0,
            "metformin": 0.0,
            "repaglinide": 0.0,
            "nateglinide": 0.0,
            "chlorpropamide": 0.0,
            "glimepiride": 0.0,
            "acetohexamide": 0.0,
            "glipizide": 0.0,
            "glyburide": 0.0,
            "tolbutamide": 0.0,
            "pioglitazone": 0.0,
            "rosiglitazone": 0.0,
            "acarbose": 0.0,
            "miglitol": 0.0,
            "troglitazone": 0.0,
            "tolazamide": 0.0,
            "insulin": 0.0,
            "glyburide-metformin": 0.0,
            "glipizide-metformin": 0.0,
            "glimepiride-pioglitazone": 0.0,
            "metformin-rosiglitazone": 0.0,
            "metformin-pioglitazone": 0.0,
            "change": 0.0,
            "diabetesMed": 0.0
        },
        "Inherent": {
            "diabetesMed": 5.8213353395437535,
            "num_procedures": 3.4358090926633738,
            "metformin": 3.364177132723035,
            "admission_source_id": 2.6702652995142016,
            "insulin": 2.2687675128122997,
            "gender": 1.510649478351553,
            "pioglitazone": 0.629853024208721,
            "diag_2": 0.5742282071681055,
            "glyburide": 0.5737438963445578,
            "rosiglitazone": 0.40927751337016677,
            "number_outpatient": 0.19476286119569,
            "glyburide-metformin": 0.10211382827098033,
            "glipizide": 0.07845151534080837,
            "tolazamide": 0.041706447299136605,
            "race": 0.040352599004785196,
            "nateglinide": 0.022737105005367676,
            "metformin-pioglitazone": -0.0,
            "metformin-rosiglitazone": -0.0,
            "troglitazone": -0.0,
            "miglitol": -0.0,
            "acarbose": -0.0,
            "glipizide-metformin": -0.0,
            "glimepiride-pioglitazone": -0.0,
            "chlorpropamide": -0.0,
            "repaglinide": 0.0,
            "acetohexamide": -0.0,
            "tolbutamide": -0.0,
            "medical_specialty": -0.003773472832114093,
            "age": -0.46278848446835785,
            "diag_3": -0.6530766615456788,
            "admission_type_id": -1.3391980442227611,
            "num_lab_procedures": -1.9941094499013194,
            "number_emergency": -2.5491212813454234,
            "payer_code": -2.789001790667717,
            "change": -2.9969592137516754,
            "diag_1": -3.418364273960041,
            "num_medications": -4.245990468710128,
            "number_diagnoses": -5.596432589097235,
            "time_in_hospital": -8.640226019501126,
            "discharge_disposition_id": -8.831842412407589,
            "glimepiride": -13.088917519306678,
            "number_inpatient": -21.651967465465617
        }
    },
    "DecisionTree": {
        "SHAP": {
            "discharge_disposition_id": -31.696829749439214,
            "number_inpatient": -29.63531541390903,
            "number_diagnoses": -20.706195473480065,
            "diag_1": -15.093500255864637,
            "payer_code": -1.420150845804289,
            "num_medications": -0.654362146977775,
            "admission_source_id": -0.5550699281243896,
            "medical_specialty": -0.23857618640059308,
            "gender": 0.0,
            "race": 0.0,
            "num_lab_procedures": 0.0,
            "time_in_hospital": 0.0,
            "admission_type_id": 0.0,
            "age": 0.0,
            "number_emergency": 0.0,
            "number_outpatient": 0.0,
            "diag_2": 0.0,
            "num_procedures": 0.0,
            "diag_3": 0.0,
            "metformin": 0.0,
            "repaglinide": 0.0,
            "nateglinide": 0.0,
            "chlorpropamide": 0.0,
            "glimepiride": 0.0,
            "acetohexamide": 0.0,
            "glipizide": 0.0,
            "glyburide": 0.0,
            "tolbutamide": 0.0,
            "pioglitazone": 0.0,
            "rosiglitazone": 0.0,
            "acarbose": 0.0,
            "miglitol": 0.0,
            "troglitazone": 0.0,
            "tolazamide": 0.0,
            "insulin": 0.0,
            "glyburide-metformin": 0.0,
            "glipizide-metformin": 0.0,
            "glimepiride-pioglitazone": 0.0,
            "metformin-rosiglitazone": 0.0,
            "metformin-pioglitazone": 0.0,
            "change": 0.0,
            "diabetesMed": 0.0
        },
        "Lime": {
            "race": 0.0,
            "gender": 0.0,
            "age": 0.0,
            "admission_type_id": 0.0,
            "discharge_disposition_id": -17.654530672612545,
            "admission_source_id": 0.0,
            "time_in_hospital": 0.0,
            "payer_code": 0.0,
            "medical_specialty": 0.0,
            "num_lab_procedures": 0.0,
            "num_procedures": 0.0,
            "num_medications": 0.0,
            "number_outpatient": 0.0,
            "number_emergency": -3.512866547141744,
            "number_inpatient": -33.15742973534157,
            "diag_1": -11.481783478646365,
            "diag_2": -2.622929015526126,
            "diag_3": 0.0,
            "number_diagnoses": -6.998494732707164,
            "metformin": 0.0,
            "repaglinide": 2.2493341991759173,
            "nateglinide": -4.745809036977616,
            "chlorpropamide": 0.0,
            "glimepiride": 0.0,
            "acetohexamide": 0.0,
            "glipizide": 0.0,
            "glyburide": -5.120516705415346,
            "tolbutamide": 2.6220968078483184,
            "pioglitazone": 0.0,
            "rosiglitazone": 0.0,
            "acarbose": -4.133607024246731,
            "miglitol": 5.700602044360558,
            "troglitazone": 0.0,
            "tolazamide": 0.0,
            "insulin": 0.0,
            "glyburide-metformin": 0.0,
            "glipizide-metformin": 0.0,
            "glimepiride-pioglitazone": 0.0,
            "metformin-rosiglitazone": 0.0,
            "metformin-pioglitazone": 0.0,
            "change": 0.0,
            "diabetesMed": 0.0
        },
        "Inherent": {
            "number_inpatient": -31.60851789225841,
            "diag_1": -26.957267844138,
            "discharge_disposition_id": -22.027735752003924,
            "number_diagnoses": -19.40647851159967,
            "gender": 0.0,
            "admission_source_id": 0.0,
            "time_in_hospital": 0.0,
            "age": 0.0,
            "admission_type_id": 0.0,
            "race": 0.0,
            "num_lab_procedures": 0.0,
            "medical_specialty": 0.0,
            "payer_code": 0.0,
            "num_procedures": 0.0,
            "number_emergency": 0.0,
            "number_outpatient": 0.0,
            "diag_2": 0.0,
            "num_medications": 0.0,
            "diag_3": 0.0,
            "metformin": 0.0,
            "repaglinide": 0.0,
            "nateglinide": 0.0,
            "chlorpropamide": 0.0,
            "glimepiride": 0.0,
            "acetohexamide": 0.0,
            "glipizide": 0.0,
            "glyburide": 0.0,
            "tolbutamide": 0.0,
            "pioglitazone": 0.0,
            "rosiglitazone": 0.0,
            "acarbose": 0.0,
            "miglitol": 0.0,
            "troglitazone": 0.0,
            "tolazamide": 0.0,
            "insulin": 0.0,
            "glyburide-metformin": 0.0,
            "glipizide-metformin": 0.0,
            "glimepiride-pioglitazone": 0.0,
            "metformin-rosiglitazone": 0.0,
            "metformin-pioglitazone": 0.0,
            "change": 0.0,
            "diabetesMed": 0.0
        }
    },
    "XGBOOST": {
        "SHAP": {
            "number_inpatient": -15.010413041165233,
            "discharge_disposition_id": -13.836044729662483,
            "num_lab_procedures": -8.12238747518503,
            "diag_1": -8.097966167954725,
            "diag_3": -8.09295383158508,
            "glimepiride": -7.455998049113326,
            "time_in_hospital": -6.928027409559981,
            "diag_2": -4.551011508267041,
            "medical_specialty": 4.3956690962227425,
            "number_diagnoses": -4.081339318762509,
            "diabetesMed": 4.076055271900634,
            "gender": 2.0333312585830012,
            "age": 1.9442807656980883,
            "number_emergency": -1.9166280730022627,
            "insulin": -1.2953184048757238,
            "metformin": 1.2567305949223881,
            "num_procedures": 1.138427943194488,
            "admission_type_id": -1.0724270434830494,
            "payer_code": -0.9632854845839022,
            "admission_source_id": 0.8565511525311881,
            "num_medications": 0.741563278281333,
            "change": -0.4705523588572314,
            "number_outpatient": -0.3995490098561339,
            "pioglitazone": 0.37254058326615824,
            "rosiglitazone": 0.2613821680210704,
            "race": 0.2569881792801509,
            "glyburide-metformin": 0.17352458576505378,
            "acarbose": 0.1574170713896675,
            "glyburide": 0.03177511877463588,
            "glipizide": 0.009544705107086025,
            "repaglinide": -0.00031632114859678337,
            "acetohexamide": 0.0,
            "nateglinide": 0.0,
            "chlorpropamide": 0.0,
            "tolazamide": 0.0,
            "troglitazone": 0.0,
            "miglitol": 0.0,
            "tolbutamide": 0.0,
            "glimepiride-pioglitazone": 0.0,
            "glipizide-metformin": 0.0,
            "metformin-pioglitazone": 0.0,
            "metformin-rosiglitazone": 0.0
        },
        "Lime": {
            "race": 0.0,
            "gender": 0.0,
            "age": 0.0,
            "admission_type_id": 2.7839581428753637,
            "discharge_disposition_id": -7.022213601620039,
            "admission_source_id": 0.0,
            "time_in_hospital": -4.307472934664903,
            "payer_code": -2.6255468066526357,
            "medical_specialty": 0.0,
            "num_lab_procedures": 0.0,
            "num_procedures": 2.2543221018314465,
            "num_medications": 0.0,
            "number_outpatient": 0.0,
            "number_emergency": -3.0562012793013795,
            "number_inpatient": -21.204061263991836,
            "diag_1": -5.652585753014357,
            "diag_2": -1.82342134175589,
            "diag_3": -2.222417114455696,
            "number_diagnoses": -3.1444232182101546,
            "metformin": 4.246517604019398,
            "repaglinide": 2.5741136811805836,
            "nateglinide": 5.933196116346652,
            "chlorpropamide": 0.0,
            "glimepiride": -2.9076269723809838,
            "acetohexamide": 0.0,
            "glipizide": 0.0,
            "glyburide": 11.04724961025012,
            "tolbutamide": 0.0,
            "pioglitazone": 0.0,
            "rosiglitazone": 0.0,
            "acarbose": 8.14114368549317,
            "miglitol": 0.0,
            "troglitazone": 0.0,
            "tolazamide": -4.483276196489728,
            "insulin": 0.0,
            "glyburide-metformin": 0.0,
            "glipizide-metformin": 0.0,
            "glimepiride-pioglitazone": 0.0,
            "metformin-rosiglitazone": 0.0,
            "metformin-pioglitazone": 0.0,
            "change": 0.0,
            "diabetesMed": 4.570252575465682
        },
        "Inherent": {
            "race": 0.3619794249534607,
            "gender": 1.7202725410461426,
            "age": 1.5189298391342163,
            "admission_type_id": -1.0383518934249878,
            "discharge_disposition_id": -13.331791877746582,
            "admission_source_id": 0.774692714214325,
            "time_in_hospital": -6.4210734367370605,
            "payer_code": -1.1478240489959717,
            "medical_specialty": 3.934016466140747,
            "num_lab_procedures": -7.422670841217041,
            "num_procedures": 1.0244669914245605,
            "num_medications": -1.1737877130508423,
            "number_outpatient": -0.5043996572494507,
            "number_emergency": -2.0658457279205322,
            "number_inpatient": -19.147653579711914,
            "diag_1": -8.796070098876953,
            "diag_2": -5.229063510894775,
            "diag_3": -8.834485054016113,
            "number_diagnoses": -2.6951072216033936,
            "metformin": 1.1288191080093384,
            "repaglinide": -0.0925256535410881,
            "nateglinide": 0.011131268925964832,
            "chlorpropamide": 0.010435616597533226,
            "glimepiride": -6.021445274353027,
            "acetohexamide": 0.0,
            "glipizide": -0.13542447984218597,
            "glyburide": 0.036353349685668945,
            "tolbutamide": 0.0,
            "pioglitazone": 0.3915976881980896,
            "rosiglitazone": 0.12079402804374695,
            "acarbose": 0.005423334892839193,
            "miglitol": 0.0,
            "troglitazone": 0.0,
            "tolazamide": 0.0,
            "insulin": -1.3758538961410522,
            "glyburide-metformin": 0.01923140324652195,
            "glipizide-metformin": 0.0,
            "glimepiride-pioglitazone": 0.0,
            "metformin-rosiglitazone": 0.0,
            "metformin-pioglitazone": 0.0,
            "change": -0.5154533982276917,
            "diabetesMed": 2.99302339553833
        }
    }
}