{
    "LogisticRegression": {
        "SHAP": {
            "number_inpatient": -22.53334560656017,
            "time_in_hospital": -8.685485077334027,
            "diabetesMed": 8.668071389724117,
            "num_medications": -8.319240561296636,
            "payer_code": 5.445791366815404,
            "diag_1": 5.205671776214821,
            "age": 5.130083329944648,
            "metformin": 4.511412274689516,
            "num_procedures": 4.136053558633208,
            "insulin": -4.003521693609343,
            "change": -3.7171955521505184,
            "number_emergency": -3.174760917733948,
            "number_diagnoses": -2.654270666245917,
            "discharge_disposition_id": -2.2124567672968456,
            "diag_2": 1.9641529698205527,
            "glimepiride": 1.9135230873607367,
            "gender": -1.3955730269022415,
            "num_lab_procedures": 1.3773451526502125,
            "admission_type_id": 1.3033758752711768,
            "glyburide": 0.6751711907606939,
            "pioglitazone": 0.617877434392268,
            "rosiglitazone": 0.60192120594589,
            "admission_source_id": -0.35037372643662235,
            "glyburide-metformin": 0.2697505440219062,
            "acarbose": 0.25868945156687606,
            "number_outpatient": 0.18619750143692126,
            "race": -0.131394821888777,
            "glipizide": 0.11675024973032042,
            "glipizide-metformin": -0.1079167907528952,
            "chlorpropamide": -0.0718553090834378,
            "medical_specialty": -0.052104032012536744,
            "tolazamide": 0.03600965545649589,
            "tolbutamide": -0.031613164687434456,
            "troglitazone": -0.028250945785859176,
            "diag_3": -0.019325625220768302,
            "repaglinide": 0.01869229339149102,
            "miglitol": -0.018647343246276846,
            "metformin-rosiglitazone": -0.01834520495832467,
            "acetohexamide": -0.010376385846900461,
            "nateglinide": 0.009495874293221095,
            "glimepiride-pioglitazone": -0.009311363403613309,
            "metformin-pioglitazone": -0.008599235426446503
        },
        "Lime": {
            "race": 0.0,
            "gender": 0.0,
            "age": 0.0,
            "admission_type_id": 0.0,
            "discharge_disposition_id": -23.04723443733722,
            "admission_source_id": 0.0,
            "time_in_hospital": -16.365115169498527,
            "payer_code": 0.0,
            "medical_specialty": 0.0,
            "num_lab_procedures": 14.315202554600173,
            "num_procedures": 0.0,
            "num_medications": 0.0,
            "number_outpatient": 0.0,
            "number_emergency": -46.27244783856408,
            "number_inpatient": 0.0,
            "diag_1": 0.0,
            "diag_2": 0.0,
            "diag_3": 0.0,
            "number_diagnoses": 0.0,
            "metformin": 0.0,
            "repaglinide": 0.0,
            "nateglinide": 0.0,
            "chlorpropamide": 0.0,
            "glimepiride": 0.0,
            "acetohexamide": 0.0,
            "glipizide": 0.0,
            "glyburide": 0.0,
            "tolbutamide": 0.0,
            "pioglitazone": 0.0,
            "rosiglitazone": 0.0,
            "acarbose": 0.0,
            "miglitol": 0.0,
            "troglitazone": 0.0,
            "tolazamide": 0.0,
            "insulin": 0.0,
            "glyburide-metformin": 0.0,
            "glipizide-metformin": 0.0,
            "glimepiride-pioglitazone": 0.0,
            "metformin-rosiglitazone": 0.0,
            "metformin-pioglitazone": 0.0,
            "change": 0.0,
            "diabetesMed": 0.0
        },
        "Inherent": {
            "diabetesMed": 7.221372496916727,
            "age": 6.179905614760091,
            "diag_1": 5.24336980852666,
            "payer_code": 5.21675350323422,
            "num_procedures": 4.262124725554855,
            "metformin": 4.173265205317366,
            "diag_2": 2.1609695213801343,
            "num_lab_procedures": 1.4190140251012122,
            "admission_type_id": 1.386937308259849,
            "glimepiride": 1.3164985696053888,
            "pioglitazone": 0.7813333266035769,
            "glyburide": 0.711729895577731,
            "rosiglitazone": 0.5077091777518922,
            "number_outpatient": 0.24160353032842058,
            "number_diagnoses": 0.1416812327115318,
            "glyburide-metformin": 0.12667230936205248,
            "glipizide": 0.09731918575025018,
            "tolazamide": 0.05173689091989275,
            "nateglinide": 0.028205402226173487,
            "miglitol": -0.0,
            "troglitazone": -0.0,
            "glipizide-metformin": -0.0,
            "acetohexamide": -0.0,
            "chlorpropamide": -0.0,
            "glimepiride-pioglitazone": -0.0,
            "repaglinide": 0.0,
            "metformin-pioglitazone": -0.0,
            "metformin-rosiglitazone": -0.0,
            "tolbutamide": -0.0,
            "acarbose": -0.0,
            "medical_specialty": -0.0715523818406604,
            "diag_3": -0.08849232485337308,
            "race": -0.1271370396881178,
            "admission_source_id": -0.6905142397049554,
            "gender": -1.5645005832166066,
            "discharge_disposition_id": -3.073960255325538,
            "number_emergency": -3.162187580462545,
            "change": -3.7177309978269917,
            "insulin": -3.807729067564706,
            "time_in_hospital": -7.533005938238096,
            "num_medications": -8.035699873438174,
            "number_inpatient": -26.859287987952207
        }
    },
    "DecisionTree": {
        "SHAP": {
            "discharge_disposition_id": 58.92856870076428,
            "payer_code": 21.89035482969179,
            "number_inpatient": -12.577181578502362,
            "diag_1": 3.4684368177843554,
            "number_diagnoses": 2.078733586550691,
            "num_medications": -0.6386419629862242,
            "medical_specialty": -0.28531849804037535,
            "admission_source_id": 0.1327640256799181,
            "gender": 0.0,
            "race": 0.0,
            "num_lab_procedures": 0.0,
            "time_in_hospital": 0.0,
            "admission_type_id": 0.0,
            "age": 0.0,
            "number_emergency": 0.0,
            "number_outpatient": 0.0,
            "diag_2": 0.0,
            "num_procedures": 0.0,
            "diag_3": 0.0,
            "metformin": 0.0,
            "repaglinide": 0.0,
            "nateglinide": 0.0,
            "chlorpropamide": 0.0,
            "glimepiride": 0.0,
            "acetohexamide": 0.0,
            "glipizide": 0.0,
            "glyburide": 0.0,
            "tolbutamide": 0.0,
            "pioglitazone": 0.0,
            "rosiglitazone": 0.0,
            "acarbose": 0.0,
            "miglitol": 0.0,
            "troglitazone": 0.0,
            "tolazamide": 0.0,
            "insulin": 0.0,
            "glyburide-metformin": 0.0,
            "glipizide-metformin": 0.0,
            "glimepiride-pioglitazone": 0.0,
            "metformin-rosiglitazone": 0.0,
            "metformin-pioglitazone": 0.0,
            "change": 0.0,
            "diabetesMed": 0.0
        },
        "Lime": {
            "race": 0.0,
            "gender": 0.0,
            "age": 0.0,
            "admission_type_id": 0.0,
            "discharge_disposition_id": 20.578351110881776,
            "admission_source_id": 0.0,
            "time_in_hospital": 0.0,
            "payer_code": 4.1726819563715445,
            "medical_specialty": 0.0,
            "num_lab_procedures": 0.0,
            "num_procedures": 0.0,
            "num_medications": -2.162592924167869,
            "number_outpatient": 0.0,
            "number_emergency": 0.0,
            "number_inpatient": -25.75943786963797,
            "diag_1": 10.582476628981542,
            "diag_2": -2.3946623761210084,
            "diag_3": 1.9399653020944276,
            "number_diagnoses": 2.0627227236148715,
            "metformin": 0.0,
            "repaglinide": 7.229131608849605,
            "nateglinide": -5.6699286553841555,
            "chlorpropamide": 0.0,
            "glimepiride": 0.0,
            "acetohexamide": 0.0,
            "glipizide": 0.0,
            "glyburide": -8.104382990474384,
            "tolbutamide": 7.157215011607648,
            "pioglitazone": 0.0,
            "rosiglitazone": 0.0,
            "acarbose": 2.1864508418131945,
            "miglitol": 0.0,
            "troglitazone": 0.0,
            "tolazamide": 0.0,
            "insulin": 0.0,
            "glyburide-metformin": 0.0,
            "glipizide-metformin": 0.0,
            "glimepiride-pioglitazone": 0.0,
            "metformin-rosiglitazone": 0.0,
            "metformin-pioglitazone": 0.0,
            "change": 0.0,
            "diabetesMed": 0.0
        },
        "Inherent": {
            "discharge_disposition_id": 47.01241800020962,
            "payer_code": 32.571767198701664,
            "number_inpatient": -20.415814801088715,
            "gender": 0.0,
            "admission_type_id": 0.0,
            "race": 0.0,
            "admission_source_id": 0.0,
            "time_in_hospital": 0.0,
            "medical_specialty": 0.0,
            "age": 0.0,
            "num_lab_procedures": 0.0,
            "num_procedures": 0.0,
            "number_outpatient": 0.0,
            "num_medications": 0.0,
            "number_emergency": 0.0,
            "diag_1": 0.0,
            "diag_2": 0.0,
            "diag_3": 0.0,
            "number_diagnoses": 0.0,
            "metformin": 0.0,
            "repaglinide": 0.0,
            "nateglinide": 0.0,
            "chlorpropamide": 0.0,
            "glimepiride": 0.0,
            "acetohexamide": 0.0,
            "glipizide": 0.0,
            "glyburide": 0.0,
            "tolbutamide": 0.0,
            "pioglitazone": 0.0,
            "rosiglitazone": 0.0,
            "acarbose": 0.0,
            "miglitol": 0.0,
            "troglitazone": 0.0,
            "tolazamide": 0.0,
            "insulin": 0.0,
            "glyburide-metformin": 0.0,
            "glipizide-metformin": 0.0,
            "glimepiride-pioglitazone": 0.0,
            "metformin-rosiglitazone": 0.0,
            "metformin-pioglitazone": 0.0,
            "change": 0.0,
            "diabetesMed": 0.0
        }
    },
    "XGBOOST": {
        "SHAP": {
            "discharge_disposition_id": 24.401500380038456,
            "num_medications": -15.750155150385417,
            "number_inpatient": -12.033114613500711,
            "payer_code": 8.439369643770561,
            "num_lab_procedures": -7.829141590400972,
            "diag_2": -4.649947084441207,
            "diag_3": -3.9915382765539706,
            "diag_1": -3.7528258482539325,
            "age": 3.0799731752777006,
            "diabetesMed": 2.6272450344152305,
            "number_emergency": -2.5262042187550615,
            "time_in_hospital": -2.5045770769654507,
            "number_diagnoses": 2.0612872933795314,
            "medical_specialty": -0.9255795405287195,
            "metformin": 0.6582781530771915,
            "num_procedures": -0.6308167083417262,
            "rosiglitazone": 0.5811163052638582,
            "gender": -0.5200484068643643,
            "race": 0.5145207314175625,
            "glimepiride": 0.5136907358877377,
            "glyburide-metformin": 0.39607503746012207,
            "pioglitazone": 0.39398122542158054,
            "insulin": -0.365431968181012,
            "acarbose": 0.26556455916139476,
            "admission_type_id": -0.11502868797796516,
            "change": 0.10891497531934204,
            "glipizide": -0.10142211032134439,
            "number_outpatient": 0.10039173354993675,
            "admission_source_id": -0.09620768578411378,
            "glyburide": 0.05012223782952073,
            "repaglinide": 0.015929811474302488,
            "acetohexamide": 0.0,
            "nateglinide": 0.0,
            "chlorpropamide": 0.0,
            "tolazamide": 0.0,
            "troglitazone": 0.0,
            "miglitol": 0.0,
            "tolbutamide": 0.0,
            "glimepiride-pioglitazone": 0.0,
            "glipizide-metformin": 0.0,
            "metformin-pioglitazone": 0.0,
            "metformin-rosiglitazone": 0.0
        },
        "Lime": {
            "race": 0.0,
            "gender": 0.0,
            "age": 0.0,
            "admission_type_id": 0.0,
            "discharge_disposition_id": 16.894275780539143,
            "admission_source_id": 0.0,
            "time_in_hospital": -5.356025387942933,
            "payer_code": 5.681101227969078,
            "medical_specialty": 0.0,
            "num_lab_procedures": 0.0,
            "num_procedures": 0.0,
            "num_medications": 0.0,
            "number_outpatient": 0.0,
            "number_emergency": -8.172651058353592,
            "number_inpatient": -18.17486172170136,
            "diag_1": -5.316025860298261,
            "diag_2": -1.9882632453149747,
            "diag_3": 0.0,
            "number_diagnoses": 0.0,
            "metformin": 0.0,
            "repaglinide": 0.0,
            "nateglinide": 0.0,
            "chlorpropamide": 3.249490466175638,
            "glimepiride": 6.4557841657579855,
            "acetohexamide": 0.0,
            "glipizide": 0.0,
            "glyburide": 2.9281047637108895,
            "tolbutamide": 0.0,
            "pioglitazone": 5.835018130493176,
            "rosiglitazone": 0.0,
            "acarbose": 6.56943495543074,
            "miglitol": -3.3993004781458684,
            "troglitazone": 0.0,
            "tolazamide": 0.0,
            "insulin": -3.098522915993197,
            "glyburide-metformin": 0.0,
            "glipizide-metformin": 0.0,
            "glimepiride-pioglitazone": 0.0,
            "metformin-rosiglitazone": 0.0,
            "metformin-pioglitazone": 0.0,
            "change": 0.0,
            "diabetesMed": 6.881139842173166
        },
        "Inherent": {
            "race": 0.3026082217693329,
            "gender": -0.5875101685523987,
            "age": 2.568556785583496,
            "admission_type_id": -0.007152721751481295,
            "discharge_disposition_id": 23.70405387878418,
            "admission_source_id": -0.6776617169380188,
            "time_in_hospital": -4.42050313949585,
            "payer_code": 6.553988933563232,
            "medical_specialty": -1.716355562210083,
            "num_lab_procedures": -6.283128261566162,
            "num_procedures": -0.7418214678764343,
            "num_medications": -13.99491024017334,
            "number_outpatient": -0.008755555376410484,
            "number_emergency": -2.429921865463257,
            "number_inpatient": -15.392006874084473,
            "diag_1": -4.05518913269043,
            "diag_2": -4.8352742195129395,
            "diag_3": -5.358834743499756,
            "number_diagnoses": 2.3431105613708496,
            "metformin": 0.5905299186706543,
            "repaglinide": -0.004415108356624842,
            "nateglinide": -0.008267787285149097,
            "chlorpropamide": 0.015804169699549675,
            "glimepiride": 0.27022093534469604,
            "acetohexamide": 0.0,
            "glipizide": -0.10412080585956573,
            "glyburide": 0.08832451701164246,
            "tolbutamide": 0.0,
            "pioglitazone": 0.3827604353427887,
            "rosiglitazone": 0.27423959970474243,
            "acarbose": 0.033640407025814056,
            "miglitol": 0.0,
            "troglitazone": 0.0,
            "tolazamide": 0.0,
            "insulin": -0.27489134669303894,
            "glyburide-metformin": 0.06534304469823837,
            "glipizide-metformin": 0.0,
            "glimepiride-pioglitazone": 0.0,
            "metformin-rosiglitazone": 0.0,
            "metformin-pioglitazone": 0.0,
            "change": 0.029103286564350128,
            "diabetesMed": 1.8769874572753906
        }
    }
}