{
    "LogisticRegression": {
        "SHAP": {
            "number_diagnoses": -23.184636303448382,
            "number_inpatient": -12.008100078281592,
            "metformin": -8.02263408250868,
            "age": -7.644076599201577,
            "time_in_hospital": -6.259944192088776,
            "discharge_disposition_id": -5.216054446853192,
            "diabetesMed": 4.619246096469295,
            "num_medications": -4.078850124529463,
            "glyburide": -3.9288867644811014,
            "diag_2": -3.200453463838398,
            "payer_code": 2.9020816029699166,
            "diag_1": 2.8070904921578417,
            "change": 2.447399697521963,
            "num_procedures": 2.204117663146341,
            "insulin": -2.1334909605449948,
            "admission_source_id": 1.8635576245900152,
            "number_emergency": -1.691841393213602,
            "glimepiride": 1.0197232641938683,
            "gender": 1.0174285340032385,
            "diag_3": 0.9691926845680767,
            "num_lab_procedures": -0.6990466359468624,
            "admission_type_id": 0.6945736431308113,
            "pioglitazone": 0.3292690840429023,
            "rosiglitazone": 0.32076595310968437,
            "glyburide-metformin": 0.1437510250516427,
            "acarbose": 0.13785652951182112,
            "number_outpatient": 0.09922531126179489,
            "race": -0.0700207682674991,
            "glipizide": 0.06221662363878644,
            "glipizide-metformin": -0.05750924190815538,
            "chlorpropamide": -0.03829194997029539,
            "medical_specialty": -0.027766424117081693,
            "tolazamide": 0.019189673564504062,
            "tolbutamide": -0.016846767984927763,
            "troglitazone": -0.015055029564892531,
            "repaglinide": 0.009961189681139881,
            "miglitol": -0.009937235588760985,
            "metformin-rosiglitazone": -0.009776225019688892,
            "acetohexamide": -0.005529612951224172,
            "nateglinide": 0.005060385210200805,
            "glimepiride-pioglitazone": -0.004962058700386034,
            "metformin-pioglitazone": -0.004582563166625896
        },
        "Lime": {
            "race": -42.31437716379991,
            "gender": 0.0,
            "age": 0.0,
            "admission_type_id": 0.0,
            "discharge_disposition_id": -15.375233725316939,
            "admission_source_id": 0.0,
            "time_in_hospital": 0.0,
            "payer_code": 0.0,
            "medical_specialty": 0.0,
            "num_lab_procedures": 0.0,
            "num_procedures": 0.0,
            "num_medications": 0.0,
            "number_outpatient": 0.0,
            "number_emergency": -20.38235010419853,
            "number_inpatient": 0.0,
            "diag_1": 0.0,
            "diag_2": 0.0,
            "diag_3": 0.0,
            "number_diagnoses": -21.928039006684628,
            "metformin": 0.0,
            "repaglinide": 0.0,
            "nateglinide": 0.0,
            "chlorpropamide": 0.0,
            "glimepiride": 0.0,
            "acetohexamide": 0.0,
            "glipizide": 0.0,
            "glyburide": 0.0,
            "tolbutamide": 0.0,
            "pioglitazone": 0.0,
            "rosiglitazone": 0.0,
            "acarbose": 0.0,
            "miglitol": 0.0,
            "troglitazone": 0.0,
            "tolazamide": 0.0,
            "insulin": 0.0,
            "glyburide-metformin": 0.0,
            "glipizide-metformin": 0.0,
            "glimepiride-pioglitazone": 0.0,
            "metformin-rosiglitazone": 0.0,
            "metformin-pioglitazone": 0.0,
            "change": 0.0,
            "diabetesMed": 0.0
        },
        "Inherent": {
            "diabetesMed": 3.8141599670539943,
            "diag_1": 2.8034239886345547,
            "payer_code": 2.7553671242579143,
            "change": 2.6029361713273533,
            "num_procedures": 2.2511545429547146,
            "admission_source_id": 1.749567481130325,
            "gender": 0.989783001408587,
            "diag_3": 0.9633307552639987,
            "admission_type_id": 0.7325478307949057,
            "glimepiride": 0.695343737359713,
            "pioglitazone": 0.4126819792953344,
            "rosiglitazone": 0.2681601068929733,
            "number_outpatient": 0.12760933100612545,
            "glyburide-metformin": 0.06690534957299417,
            "glipizide": 0.05140171656750586,
            "tolazamide": 0.027326215099795548,
            "nateglinide": 0.014897433427185674,
            "glimepiride-pioglitazone": -0.0,
            "metformin-pioglitazone": -0.0,
            "troglitazone": -0.0,
            "acarbose": -0.0,
            "glipizide-metformin": -0.0,
            "metformin-rosiglitazone": -0.0,
            "acetohexamide": -0.0,
            "chlorpropamide": -0.0,
            "repaglinide": 0.0,
            "miglitol": -0.0,
            "tolbutamide": -0.0,
            "medical_specialty": -0.03779229370601392,
            "race": -0.06715080925616536,
            "num_lab_procedures": -0.7282871129690132,
            "number_emergency": -1.6701934823145088,
            "insulin": -2.011153389621442,
            "diag_2": -3.238376962919435,
            "num_medications": -3.8786985512026777,
            "glyburide": -4.0466582865822,
            "time_in_hospital": -5.66110733494737,
            "discharge_disposition_id": -5.7866550885513375,
            "age": -7.437825128121436,
            "metformin": -8.548076653072272,
            "number_inpatient": -14.186447386693068,
            "number_diagnoses": -22.37498078799509
        }
    },
    "DecisionTree": {
        "SHAP": {
            "discharge_disposition_id": -36.3005402984978,
            "number_inpatient": -29.272006761104986,
            "number_diagnoses": -20.239199855831043,
            "diag_1": 8.02061620762809,
            "payer_code": 4.46168513364942,
            "num_medications": -0.7709280914048975,
            "admission_source_id": -0.6539482796515175,
            "medical_specialty": -0.28107537223224377,
            "gender": 0.0,
            "race": 0.0,
            "num_lab_procedures": 0.0,
            "time_in_hospital": 0.0,
            "admission_type_id": 0.0,
            "age": 0.0,
            "number_emergency": 0.0,
            "number_outpatient": 0.0,
            "diag_2": 0.0,
            "num_procedures": 0.0,
            "diag_3": 0.0,
            "metformin": 0.0,
            "repaglinide": 0.0,
            "nateglinide": 0.0,
            "chlorpropamide": 0.0,
            "glimepiride": 0.0,
            "acetohexamide": 0.0,
            "glipizide": 0.0,
            "glyburide": 0.0,
            "tolbutamide": 0.0,
            "pioglitazone": 0.0,
            "rosiglitazone": 0.0,
            "acarbose": 0.0,
            "miglitol": 0.0,
            "troglitazone": 0.0,
            "tolazamide": 0.0,
            "insulin": 0.0,
            "glyburide-metformin": 0.0,
            "glipizide-metformin": 0.0,
            "glimepiride-pioglitazone": 0.0,
            "metformin-rosiglitazone": 0.0,
            "metformin-pioglitazone": 0.0,
            "change": 0.0,
            "diabetesMed": 0.0
        },
        "Lime": {
            "race": 0.0,
            "gender": 0.0,
            "age": 0.0,
            "admission_type_id": 0.0,
            "discharge_disposition_id": -18.116216837057657,
            "admission_source_id": 0.0,
            "time_in_hospital": 0.0,
            "payer_code": 6.268111379294542,
            "medical_specialty": 0.0,
            "num_lab_procedures": 0.0,
            "num_procedures": 0.0,
            "num_medications": 0.0,
            "number_outpatient": 0.0,
            "number_emergency": 0.0,
            "number_inpatient": -31.07356982187488,
            "diag_1": 0.0,
            "diag_2": 0.0,
            "diag_3": -5.8679535049134115,
            "number_diagnoses": -6.2954311904265055,
            "metformin": -3.2929746604393912,
            "repaglinide": 0.0,
            "nateglinide": 0.0,
            "chlorpropamide": 0.0,
            "glimepiride": 0.0,
            "acetohexamide": 0.0,
            "glipizide": 0.0,
            "glyburide": 7.4453129781619305,
            "tolbutamide": 0.0,
            "pioglitazone": 0.0,
            "rosiglitazone": 3.805122726747128,
            "acarbose": -7.22620289037149,
            "miglitol": 3.7966598829364497,
            "troglitazone": 0.0,
            "tolazamide": -6.812444127776611,
            "insulin": 0.0,
            "glyburide-metformin": 0.0,
            "glipizide-metformin": 0.0,
            "glimepiride-pioglitazone": 0.0,
            "metformin-rosiglitazone": 0.0,
            "metformin-pioglitazone": 0.0,
            "change": 0.0,
            "diabetesMed": 0.0
        },
        "Inherent": {
            "number_inpatient": -39.273799514568424,
            "discharge_disposition_id": -27.369612223924538,
            "number_diagnoses": -24.11268218732319,
            "diag_1": 9.243906074183842,
            "gender": 0.0,
            "admission_source_id": 0.0,
            "time_in_hospital": 0.0,
            "age": 0.0,
            "admission_type_id": 0.0,
            "race": 0.0,
            "num_lab_procedures": 0.0,
            "medical_specialty": 0.0,
            "payer_code": 0.0,
            "num_procedures": 0.0,
            "number_emergency": 0.0,
            "number_outpatient": 0.0,
            "diag_2": 0.0,
            "num_medications": 0.0,
            "diag_3": 0.0,
            "metformin": 0.0,
            "repaglinide": 0.0,
            "nateglinide": 0.0,
            "chlorpropamide": 0.0,
            "glimepiride": 0.0,
            "acetohexamide": 0.0,
            "glipizide": 0.0,
            "glyburide": 0.0,
            "tolbutamide": 0.0,
            "pioglitazone": 0.0,
            "rosiglitazone": 0.0,
            "acarbose": 0.0,
            "miglitol": 0.0,
            "troglitazone": 0.0,
            "tolazamide": 0.0,
            "insulin": 0.0,
            "glyburide-metformin": 0.0,
            "glipizide-metformin": 0.0,
            "glimepiride-pioglitazone": 0.0,
            "metformin-rosiglitazone": 0.0,
            "metformin-pioglitazone": 0.0,
            "change": 0.0,
            "diabetesMed": 0.0
        }
    },
    "XGBOOST": {
        "SHAP": {
            "number_diagnoses": -15.455914419637304,
            "number_inpatient": -12.866886622551812,
            "discharge_disposition_id": -12.371459200418686,
            "num_medications": -12.045908357058162,
            "diag_1": -11.565788681099058,
            "metformin": -5.661321289995686,
            "diag_3": -4.474966815790233,
            "payer_code": 3.704145982558253,
            "num_lab_procedures": -3.099896050122531,
            "age": -2.9991873571906416,
            "admission_source_id": 2.698228211671633,
            "diabetesMed": 2.4722710180361154,
            "number_emergency": -2.438301167620176,
            "medical_specialty": 1.7770436568513182,
            "time_in_hospital": -1.5629579052196716,
            "glyburide": -0.7722661203033938,
            "admission_type_id": 0.5069246349934365,
            "glimepiride": 0.4837987878067673,
            "insulin": -0.46448322341330417,
            "rosiglitazone": 0.46335020483350897,
            "diag_2": 0.4407684400538856,
            "gender": 0.43633587621611225,
            "pioglitazone": 0.27783618297960155,
            "num_procedures": 0.23850716204044203,
            "glyburide-metformin": 0.20719696083283545,
            "race": -0.16835301015505866,
            "number_outpatient": 0.13208216953443064,
            "glipizide": -0.09589303313742374,
            "acarbose": 0.07517104368226568,
            "change": -0.03085860777412186,
            "repaglinide": 0.011897806422127172,
            "acetohexamide": 0.0,
            "nateglinide": 0.0,
            "chlorpropamide": 0.0,
            "tolazamide": 0.0,
            "troglitazone": 0.0,
            "miglitol": 0.0,
            "tolbutamide": 0.0,
            "glimepiride-pioglitazone": 0.0,
            "glipizide-metformin": 0.0,
            "metformin-pioglitazone": 0.0,
            "metformin-rosiglitazone": 0.0
        },
        "Lime": {
            "race": 0.0,
            "gender": 0.0,
            "age": 0.0,
            "admission_type_id": 0.0,
            "discharge_disposition_id": -5.137869591077788,
            "admission_source_id": 0.0,
            "time_in_hospital": -5.734461163690383,
            "payer_code": 3.8691529110926353,
            "medical_specialty": 0.0,
            "num_lab_procedures": 0.0,
            "num_procedures": 0.0,
            "num_medications": -4.767482000142994,
            "number_outpatient": 0.0,
            "number_emergency": -11.64784721606306,
            "number_inpatient": -19.587218783993357,
            "diag_1": -11.474546126993888,
            "diag_2": 0.0,
            "diag_3": 0.0,
            "number_diagnoses": -3.9325001982969963,
            "metformin": 0.0,
            "repaglinide": 6.225823144454028,
            "nateglinide": -3.7803008337668755,
            "chlorpropamide": 0.0,
            "glimepiride": 3.649488602591786,
            "acetohexamide": 0.0,
            "glipizide": 0.0,
            "glyburide": 2.467067324203453,
            "tolbutamide": -3.6746311239290197,
            "pioglitazone": 0.0,
            "rosiglitazone": -3.0148681708401037,
            "acarbose": 1.7695763518632228,
            "miglitol": -3.7173166161763707,
            "troglitazone": 0.0,
            "tolazamide": 0.0,
            "insulin": 0.0,
            "glyburide-metformin": 0.0,
            "glipizide-metformin": 0.0,
            "glimepiride-pioglitazone": 0.0,
            "metformin-rosiglitazone": 0.0,
            "metformin-pioglitazone": 0.0,
            "change": 0.0,
            "diabetesMed": 5.549849840824036
        },
        "Inherent": {
            "race": 0.013060526922345161,
            "gender": 0.3748844265937805,
            "age": -3.3474678993225098,
            "admission_type_id": 0.8144630193710327,
            "discharge_disposition_id": -11.666365623474121,
            "admission_source_id": 2.23811674118042,
            "time_in_hospital": -1.7444310188293457,
            "payer_code": 2.4372429847717285,
            "medical_specialty": 1.726535677909851,
            "num_lab_procedures": -2.935208559036255,
            "num_procedures": 0.21533118188381195,
            "num_medications": -11.886202812194824,
            "number_outpatient": 0.02752700448036194,
            "number_emergency": -2.4661009311676025,
            "number_inpatient": -16.879430770874023,
            "diag_1": -11.298968315124512,
            "diag_2": 0.3319496214389801,
            "diag_3": -4.865439414978027,
            "number_diagnoses": -14.344823837280273,
            "metformin": -6.1960673332214355,
            "repaglinide": 0.003946139942854643,
            "nateglinide": -0.0005806666449643672,
            "chlorpropamide": 0.010927954688668251,
            "glimepiride": 0.2381083369255066,
            "acetohexamide": 0.0,
            "glipizide": -0.09548009932041168,
            "glyburide": -0.7687454223632812,
            "tolbutamide": 0.0,
            "pioglitazone": 0.277810275554657,
            "rosiglitazone": 0.24417045712471008,
            "acarbose": -0.0032610460184514523,
            "miglitol": 0.0,
            "troglitazone": 0.0,
            "tolazamide": 0.0,
            "insulin": -0.6635858416557312,
            "glyburide-metformin": 0.03368835151195526,
            "glipizide-metformin": 0.0,
            "glimepiride-pioglitazone": 0.0,
            "metformin-rosiglitazone": 0.0,
            "metformin-pioglitazone": 0.0,
            "change": -0.023459289222955704,
            "diabetesMed": 1.8266243934631348
        }
    }
}