{
    "LogisticRegression": {
        "SHAP": {
            "number_inpatient": -16.794062046678565,
            "time_in_hospital": 14.061467328752347,
            "metformin": -11.220144209418491,
            "age": -10.69070842678436,
            "discharge_disposition_id": -7.294971015251722,
            "diabetesMed": 6.460298052752782,
            "num_procedures": -4.712461219233811,
            "number_diagnoses": 3.096261509332625,
            "diag_1": 2.8807316368351743,
            "diag_2": -2.7942482144980305,
            "change": -2.7704191748729476,
            "admission_source_id": 2.6062992622396863,
            "number_emergency": -2.3661436151883186,
            "num_medications": -2.2339645652960654,
            "payer_code": -2.156457639134494,
            "insulin": 1.759779716329423,
            "glimepiride": 1.4261453233794268,
            "gender": 1.4229360029248508,
            "glyburide": 0.5032038769451013,
            "pioglitazone": 0.46050294313177076,
            "rosiglitazone": 0.4486107947025807,
            "diag_3": -0.3601038426146219,
            "medical_specialty": -0.2372824868986326,
            "glyburide-metformin": 0.2010445964184876,
            "num_lab_procedures": 0.19871430144093163,
            "acarbose": 0.1928007840598051,
            "number_outpatient": 0.13877266370768326,
            "admission_type_id": -0.12035095420783382,
            "glipizide": 0.08701375162707278,
            "glipizide-metformin": -0.08043019050197826,
            "chlorpropamide": -0.05355363292254299,
            "race": 0.02900036669312444,
            "tolazamide": 0.026837931595912145,
            "tolbutamide": -0.023561234914804496,
            "troglitazone": -0.0210553792006343,
            "repaglinide": 0.013931332723181061,
            "miglitol": -0.013897831460611586,
            "metformin-rosiglitazone": -0.013672648336758518,
            "acetohexamide": -0.007733501752282651,
            "nateglinide": 0.007077258071317515,
            "glimepiride-pioglitazone": -0.006939742436379625,
            "metformin-pioglitazone": -0.006408994732841397
        },
        "Lime": {
            "race": -34.65078599780149,
            "gender": 0.0,
            "age": 0.0,
            "admission_type_id": 0.0,
            "discharge_disposition_id": -17.10227028602521,
            "admission_source_id": 0.0,
            "time_in_hospital": 10.977012006928076,
            "payer_code": 0.0,
            "medical_specialty": 0.0,
            "num_lab_procedures": 0.0,
            "num_procedures": 0.0,
            "num_medications": 0.0,
            "number_outpatient": 0.0,
            "number_emergency": -16.619191927406042,
            "number_inpatient": 0.0,
            "diag_1": 0.0,
            "diag_2": 0.0,
            "diag_3": 0.0,
            "number_diagnoses": 20.650739781839185,
            "metformin": 0.0,
            "repaglinide": 0.0,
            "nateglinide": 0.0,
            "chlorpropamide": 0.0,
            "glimepiride": 0.0,
            "acetohexamide": 0.0,
            "glipizide": 0.0,
            "glyburide": 0.0,
            "tolbutamide": 0.0,
            "pioglitazone": 0.0,
            "rosiglitazone": 0.0,
            "acarbose": 0.0,
            "miglitol": 0.0,
            "troglitazone": 0.0,
            "tolazamide": 0.0,
            "insulin": 0.0,
            "glyburide-metformin": 0.0,
            "glipizide-metformin": 0.0,
            "glimepiride-pioglitazone": 0.0,
            "metformin-rosiglitazone": 0.0,
            "metformin-pioglitazone": 0.0,
            "change": 0.0,
            "diabetesMed": 0.0
        },
        "Inherent": {
            "time_in_hospital": 14.677634256230595,
            "number_diagnoses": 5.018344512182319,
            "diabetesMed": 5.0153092492912394,
            "diag_1": 2.6729471876846658,
            "admission_source_id": 2.3005385317253744,
            "insulin": 1.9546324043910521,
            "gender": 1.3014839137934509,
            "glimepiride": 0.914320297926702,
            "pioglitazone": 0.5426431417805312,
            "glyburide": 0.4943029223062726,
            "rosiglitazone": 0.3526086677035845,
            "num_lab_procedures": 0.1829101538838014,
            "number_outpatient": 0.16779586163640012,
            "glyburide-metformin": 0.08797507745845189,
            "glipizide": 0.0675890646321205,
            "tolazamide": 0.03593174395461492,
            "race": 0.03476535042516573,
            "nateglinide": 0.01958890982639458,
            "troglitazone": -0.0,
            "miglitol": -0.0,
            "acarbose": -0.0,
            "glipizide-metformin": -0.0,
            "glimepiride-pioglitazone": -0.0,
            "acetohexamide": -0.0,
            "repaglinide": 0.0,
            "chlorpropamide": -0.0,
            "metformin-pioglitazone": -0.0,
            "metformin-rosiglitazone": -0.0,
            "tolbutamide": -0.0,
            "admission_type_id": -0.09526555841431292,
            "medical_specialty": -0.24209962150431785,
            "diag_3": -0.3966312062460348,
            "num_medications": -1.735308362487067,
            "number_emergency": -2.1961681975357283,
            "payer_code": -2.4028346867442125,
            "change": -2.5819981821654356,
            "diag_2": -2.627637171362216,
            "num_procedures": -4.597578216838938,
            "discharge_disposition_id": -7.6089794446890595,
            "age": -9.780133366690064,
            "metformin": -11.240023562755038,
            "number_inpatient": -18.65402117573484
        }
    },
    "DecisionTree": {
        "SHAP": {
            "number_inpatient": -36.13289606116778,
            "discharge_disposition_id": -33.35189384790207,
            "diag_1": 15.572740254048934,
            "number_diagnoses": 9.823522558726513,
            "payer_code": -2.5346143762312354,
            "num_medications": -1.1678729128609555,
            "admission_source_id": -0.990661114482482,
            "medical_specialty": -0.4257988745800456,
            "gender": 0.0,
            "race": 0.0,
            "num_lab_procedures": 0.0,
            "time_in_hospital": 0.0,
            "admission_type_id": 0.0,
            "age": 0.0,
            "number_emergency": 0.0,
            "number_outpatient": 0.0,
            "diag_2": 0.0,
            "num_procedures": 0.0,
            "diag_3": 0.0,
            "metformin": 0.0,
            "repaglinide": 0.0,
            "nateglinide": 0.0,
            "chlorpropamide": 0.0,
            "glimepiride": 0.0,
            "acetohexamide": 0.0,
            "glipizide": 0.0,
            "glyburide": 0.0,
            "tolbutamide": 0.0,
            "pioglitazone": 0.0,
            "rosiglitazone": 0.0,
            "acarbose": 0.0,
            "miglitol": 0.0,
            "troglitazone": 0.0,
            "tolazamide": 0.0,
            "insulin": 0.0,
            "glyburide-metformin": 0.0,
            "glipizide-metformin": 0.0,
            "glimepiride-pioglitazone": 0.0,
            "metformin-rosiglitazone": 0.0,
            "metformin-pioglitazone": 0.0,
            "change": 0.0,
            "diabetesMed": 0.0
        },
        "Lime": {
            "race": 0.0,
            "gender": -2.296097117995802,
            "age": 0.0,
            "admission_type_id": 0.0,
            "discharge_disposition_id": -18.144933850690684,
            "admission_source_id": 0.0,
            "time_in_hospital": 0.0,
            "payer_code": 0.0,
            "medical_specialty": 3.348139858514184,
            "num_lab_procedures": 0.0,
            "num_procedures": 0.0,
            "num_medications": 0.0,
            "number_outpatient": 0.0,
            "number_emergency": -2.2323232114880893,
            "number_inpatient": -34.07441848010416,
            "diag_1": 2.6071070129959386,
            "diag_2": -4.085368845298504,
            "diag_3": 0.0,
            "number_diagnoses": 0.0,
            "metformin": 0.0,
            "repaglinide": 2.8908435049133994,
            "nateglinide": 9.526728707939276,
            "chlorpropamide": -5.0248690378157965,
            "glimepiride": 2.442314818994249,
            "acetohexamide": 0.0,
            "glipizide": 0.0,
            "glyburide": 0.0,
            "tolbutamide": 4.616474488597686,
            "pioglitazone": 0.0,
            "rosiglitazone": -2.377003950454816,
            "acarbose": 3.1386797811482556,
            "miglitol": 0.0,
            "troglitazone": 0.0,
            "tolazamide": 0.0,
            "insulin": 0.0,
            "glyburide-metformin": 0.0,
            "glipizide-metformin": 0.0,
            "glimepiride-pioglitazone": 0.0,
            "metformin-rosiglitazone": 0.0,
            "metformin-pioglitazone": 0.0,
            "change": 0.0,
            "diabetesMed": -3.194697333049152
        },
        "Inherent": {
            "number_inpatient": -41.653027985739975,
            "discharge_disposition_id": -29.027678452630802,
            "number_diagnoses": 15.386633009188442,
            "diag_1": 13.932660552440781,
            "gender": 0.0,
            "admission_source_id": 0.0,
            "time_in_hospital": 0.0,
            "age": 0.0,
            "admission_type_id": 0.0,
            "race": 0.0,
            "num_lab_procedures": 0.0,
            "medical_specialty": 0.0,
            "payer_code": 0.0,
            "num_procedures": 0.0,
            "number_emergency": 0.0,
            "number_outpatient": 0.0,
            "diag_2": 0.0,
            "num_medications": 0.0,
            "diag_3": 0.0,
            "metformin": 0.0,
            "repaglinide": 0.0,
            "nateglinide": 0.0,
            "chlorpropamide": 0.0,
            "glimepiride": 0.0,
            "acetohexamide": 0.0,
            "glipizide": 0.0,
            "glyburide": 0.0,
            "tolbutamide": 0.0,
            "pioglitazone": 0.0,
            "rosiglitazone": 0.0,
            "acarbose": 0.0,
            "miglitol": 0.0,
            "troglitazone": 0.0,
            "tolazamide": 0.0,
            "insulin": 0.0,
            "glyburide-metformin": 0.0,
            "glipizide-metformin": 0.0,
            "glimepiride-pioglitazone": 0.0,
            "metformin-rosiglitazone": 0.0,
            "metformin-pioglitazone": 0.0,
            "change": 0.0,
            "diabetesMed": 0.0
        }
    },
    "XGBOOST": {
        "SHAP": {
            "time_in_hospital": -19.569110662588653,
            "number_inpatient": -13.439046107598315,
            "discharge_disposition_id": -11.525996710548274,
            "diag_2": -7.485861486355441,
            "age": -6.065945833062319,
            "num_medications": -5.339173257444295,
            "payer_code": -4.970269112532816,
            "diag_1": 4.609839511082205,
            "metformin": -3.600553668547258,
            "admission_source_id": 3.1582129578941243,
            "diabetesMed": 3.149409823350238,
            "diag_3": -3.0401203825631584,
            "number_diagnoses": 2.1668646007782355,
            "number_emergency": -2.081693489328387,
            "num_lab_procedures": 1.88253306499369,
            "gender": 1.7623338442044592,
            "num_procedures": -1.12724450352824,
            "insulin": -1.0162782174638472,
            "medical_specialty": -0.7637229401291646,
            "glimepiride": 0.5696412556911389,
            "admission_type_id": 0.5694890605504561,
            "pioglitazone": 0.39941726838625524,
            "glipizide": -0.3650365088064473,
            "glyburide-metformin": 0.30175868997081373,
            "race": 0.2886406584155032,
            "rosiglitazone": 0.28449363849865084,
            "acarbose": 0.2081283266329179,
            "change": -0.11095914874192767,
            "glyburide": 0.10898661296037328,
            "number_outpatient": -0.02873727616066691,
            "repaglinide": 0.010501381191718888,
            "acetohexamide": 0.0,
            "nateglinide": 0.0,
            "chlorpropamide": 0.0,
            "tolazamide": 0.0,
            "troglitazone": 0.0,
            "miglitol": 0.0,
            "tolbutamide": 0.0,
            "glimepiride-pioglitazone": 0.0,
            "glipizide-metformin": 0.0,
            "metformin-pioglitazone": 0.0,
            "metformin-rosiglitazone": 0.0
        },
        "Lime": {
            "race": 0.0,
            "gender": 1.788401222314467,
            "age": 0.0,
            "admission_type_id": 0.0,
            "discharge_disposition_id": -8.000028972323257,
            "admission_source_id": 3.673330133175154,
            "time_in_hospital": 1.7242083834286988,
            "payer_code": 0.0,
            "medical_specialty": -4.898419809458778,
            "num_lab_procedures": 0.0,
            "num_procedures": 0.0,
            "num_medications": 0.0,
            "number_outpatient": 0.0,
            "number_emergency": -8.641908815051877,
            "number_inpatient": -19.986202494163475,
            "diag_1": -1.9976934386581497,
            "diag_2": 0.0,
            "diag_3": 0.0,
            "number_diagnoses": 0.0,
            "metformin": -5.61997222665325,
            "repaglinide": -3.3840271851137795,
            "nateglinide": 7.7300603298900805,
            "chlorpropamide": 3.9788586836205306,
            "glimepiride": 5.007668644099965,
            "acetohexamide": 0.0,
            "glipizide": 0.0,
            "glyburide": 8.4525083642507,
            "tolbutamide": 0.0,
            "pioglitazone": 4.898056132572071,
            "rosiglitazone": 1.50372155825829,
            "acarbose": 0.0,
            "miglitol": 0.0,
            "troglitazone": 0.0,
            "tolazamide": 0.0,
            "insulin": -1.9612039855441477,
            "glyburide-metformin": 0.0,
            "glipizide-metformin": 0.0,
            "glimepiride-pioglitazone": 0.0,
            "metformin-rosiglitazone": 0.0,
            "metformin-pioglitazone": 0.0,
            "change": 0.0,
            "diabetesMed": 6.75372962142332
        },
        "Inherent": {
            "race": 0.42484980821609497,
            "gender": 1.4599392414093018,
            "age": -5.70189905166626,
            "admission_type_id": 0.40200701355934143,
            "discharge_disposition_id": -10.592663764953613,
            "admission_source_id": 2.6722018718719482,
            "time_in_hospital": -16.000944137573242,
            "payer_code": -5.314626216888428,
            "medical_specialty": -1.0201581716537476,
            "num_lab_procedures": 1.255218505859375,
            "num_procedures": -1.1759922504425049,
            "num_medications": -7.946951866149902,
            "number_outpatient": -0.16960597038269043,
            "number_emergency": -2.0626606941223145,
            "number_inpatient": -16.889196395874023,
            "diag_1": 3.2165539264678955,
            "diag_2": -6.804879665374756,
            "diag_3": -4.246227741241455,
            "number_diagnoses": 3.7250940799713135,
            "metformin": -4.022836685180664,
            "repaglinide": -0.0015086743514984846,
            "nateglinide": 0.014178243465721607,
            "chlorpropamide": 0.013286925852298737,
            "glimepiride": 0.30685922503471375,
            "acetohexamide": 0.0,
            "glipizide": -0.29988497495651245,
            "glyburide": 0.15732984244823456,
            "tolbutamide": 0.0,
            "pioglitazone": 0.3878389596939087,
            "rosiglitazone": 0.1653459668159485,
            "acarbose": 0.024758189916610718,
            "miglitol": 0.0,
            "troglitazone": 0.0,
            "tolazamide": 0.0,
            "insulin": -1.1002912521362305,
            "glyburide-metformin": 0.05058269575238228,
            "glipizide-metformin": 0.0,
            "glimepiride-pioglitazone": 0.0,
            "metformin-rosiglitazone": 0.0,
            "metformin-pioglitazone": 0.0,
            "change": -0.16646750271320343,
            "diabetesMed": 2.207167148590088
        }
    }
}