{
    "LogisticRegression": {
        "SHAP": {
            "diabetesMed": -19.31827566046833,
            "number_diagnoses": -14.916548866457804,
            "number_inpatient": -14.563082684548508,
            "time_in_hospital": -7.591882502289573,
            "age": 7.5108704466039455,
            "discharge_disposition_id": -6.325882670982905,
            "diag_1": 4.0574388196301685,
            "payer_code": 3.5195621343793815,
            "num_medications": -3.226989954507068,
            "metformin": 2.915681990927398,
            "change": -2.4023874273176675,
            "admission_source_id": 2.2600697527005393,
            "number_emergency": -2.051817184891192,
            "diag_2": 2.034797695580861,
            "insulin": 1.5260046940558516,
            "glimepiride": 1.2366914095487909,
            "gender": 1.2339084259554651,
            "glyburide": 0.4363565912027944,
            "num_procedures": 0.41991349181048493,
            "pioglitazone": 0.3993281922304355,
            "num_lab_procedures": -0.39440597796331295,
            "rosiglitazone": 0.3890158365662815,
            "medical_specialty": -0.3481777146697433,
            "glyburide-metformin": 0.1743371599310704,
            "acarbose": 0.1671884831736721,
            "number_outpatient": 0.12033763900078775,
            "admission_type_id": -0.10436313099364966,
            "glipizide": 0.0754545538843264,
            "glipizide-metformin": -0.0697455750347161,
            "chlorpropamide": -0.046439389240151,
            "race": 0.025147861003510154,
            "tolazamide": 0.023272691015859635,
            "tolbutamide": -0.020431281679242713,
            "troglitazone": -0.018258312217799864,
            "diag_3": 0.015526529328609295,
            "repaglinide": 0.01208064789743749,
            "miglitol": -0.012051597054616977,
            "metformin-rosiglitazone": -0.011856328009955695,
            "acetohexamide": -0.006706157518446653,
            "nateglinide": 0.006137091442559559,
            "glimepiride-pioglitazone": -0.006017843844423243,
            "metformin-pioglitazone": -0.00555760244065934
        },
        "Lime": {
            "race": 0.0,
            "gender": 0.0,
            "age": 0.0,
            "admission_type_id": 0.0,
            "discharge_disposition_id": -15.886363498737815,
            "admission_source_id": 0.0,
            "time_in_hospital": -13.768625720883215,
            "payer_code": 0.0,
            "medical_specialty": 0.0,
            "num_lab_procedures": 0.0,
            "num_procedures": 0.0,
            "num_medications": -11.376257319186156,
            "number_outpatient": 0.0,
            "number_emergency": -27.02351084900128,
            "number_inpatient": 0.0,
            "diag_1": 0.0,
            "diag_2": 0.0,
            "diag_3": 0.0,
            "number_diagnoses": -31.945242612191528,
            "metformin": 0.0,
            "repaglinide": 0.0,
            "nateglinide": 0.0,
            "chlorpropamide": 0.0,
            "glimepiride": 0.0,
            "acetohexamide": 0.0,
            "glipizide": 0.0,
            "glyburide": 0.0,
            "tolbutamide": 0.0,
            "pioglitazone": 0.0,
            "rosiglitazone": 0.0,
            "acarbose": 0.0,
            "miglitol": 0.0,
            "troglitazone": 0.0,
            "tolazamide": 0.0,
            "insulin": 0.0,
            "glyburide-metformin": 0.0,
            "glipizide-metformin": 0.0,
            "glimepiride-pioglitazone": 0.0,
            "metformin-rosiglitazone": 0.0,
            "metformin-pioglitazone": 0.0,
            "change": 0.0,
            "diabetesMed": 0.0
        },
        "Inherent": {
            "age": 8.08225883319854,
            "diag_1": 3.973745677377212,
            "payer_code": 3.259894494469412,
            "metformin": 2.607829612486108,
            "diag_2": 2.1203407393220224,
            "admission_source_id": 2.069925763876393,
            "insulin": 1.7586942869947468,
            "gender": 1.1710193275534053,
            "glimepiride": 0.8226661344786138,
            "pioglitazone": 0.48824699272476135,
            "glyburide": 0.44475253942987863,
            "num_procedures": 0.39667019056049646,
            "rosiglitazone": 0.31726213483517857,
            "number_outpatient": 0.15097550955277145,
            "glyburide-metformin": 0.07915619621189164,
            "glipizide": 0.06081373743973175,
            "tolazamide": 0.03232983996007499,
            "race": 0.03128036915829065,
            "nateglinide": 0.017625259727988736,
            "troglitazone": -0.0,
            "glipizide-metformin": -0.0,
            "glimepiride-pioglitazone": -0.0,
            "metformin-rosiglitazone": -0.0,
            "miglitol": -0.0,
            "chlorpropamide": -0.0,
            "repaglinide": 0.0,
            "metformin-pioglitazone": -0.0,
            "acetohexamide": -0.0,
            "tolbutamide": -0.0,
            "acarbose": -0.0,
            "diag_3": -0.027113457490727015,
            "admission_type_id": -0.08571585785349392,
            "medical_specialty": -0.3611013317250378,
            "num_lab_procedures": -0.40554550924632,
            "number_emergency": -1.9760178198257834,
            "change": -2.3231710687922744,
            "num_medications": -2.85888164082737,
            "time_in_hospital": -6.697696459873964,
            "discharge_disposition_id": -6.8462329025002076,
            "number_diagnoses": -13.191732110736085,
            "number_inpatient": -16.784087073121317,
            "diabetesMed": -20.557217128649903
        }
    },
    "DecisionTree": {
        "SHAP": {
            "discharge_disposition_id": -36.3005402984978,
            "number_inpatient": -29.272006761104986,
            "number_diagnoses": -20.239199855831043,
            "diag_1": 8.02061620762809,
            "payer_code": 4.46168513364942,
            "num_medications": -0.7709280914048975,
            "admission_source_id": -0.6539482796515175,
            "medical_specialty": -0.28107537223224377,
            "gender": 0.0,
            "race": 0.0,
            "num_lab_procedures": 0.0,
            "time_in_hospital": 0.0,
            "admission_type_id": 0.0,
            "age": 0.0,
            "number_emergency": 0.0,
            "number_outpatient": 0.0,
            "diag_2": 0.0,
            "num_procedures": 0.0,
            "diag_3": 0.0,
            "metformin": 0.0,
            "repaglinide": 0.0,
            "nateglinide": 0.0,
            "chlorpropamide": 0.0,
            "glimepiride": 0.0,
            "acetohexamide": 0.0,
            "glipizide": 0.0,
            "glyburide": 0.0,
            "tolbutamide": 0.0,
            "pioglitazone": 0.0,
            "rosiglitazone": 0.0,
            "acarbose": 0.0,
            "miglitol": 0.0,
            "troglitazone": 0.0,
            "tolazamide": 0.0,
            "insulin": 0.0,
            "glyburide-metformin": 0.0,
            "glipizide-metformin": 0.0,
            "glimepiride-pioglitazone": 0.0,
            "metformin-rosiglitazone": 0.0,
            "metformin-pioglitazone": 0.0,
            "change": 0.0,
            "diabetesMed": 0.0
        },
        "Lime": {
            "race": 0.0,
            "gender": 0.0,
            "age": 3.3716924175262992,
            "admission_type_id": 0.0,
            "discharge_disposition_id": -16.18501975445073,
            "admission_source_id": 0.0,
            "time_in_hospital": 0.0,
            "payer_code": 2.7478321911669226,
            "medical_specialty": -6.383519054749363,
            "num_lab_procedures": 0.0,
            "num_procedures": 0.0,
            "num_medications": 0.0,
            "number_outpatient": 0.0,
            "number_emergency": 0.0,
            "number_inpatient": -32.584952954540164,
            "diag_1": 0.0,
            "diag_2": 0.0,
            "diag_3": -3.144144423767276,
            "number_diagnoses": -8.153697515576647,
            "metformin": 0.0,
            "repaglinide": 0.0,
            "nateglinide": 3.2730050976420935,
            "chlorpropamide": 0.0,
            "glimepiride": -3.708077300252547,
            "acetohexamide": 0.0,
            "glipizide": 0.0,
            "glyburide": 3.841025559858538,
            "tolbutamide": 0.0,
            "pioglitazone": 0.0,
            "rosiglitazone": -1.9420056848115037,
            "acarbose": 12.72038752433029,
            "miglitol": 0.0,
            "troglitazone": 0.0,
            "tolazamide": 0.0,
            "insulin": -1.94464052132761,
            "glyburide-metformin": 0.0,
            "glipizide-metformin": 0.0,
            "glimepiride-pioglitazone": 0.0,
            "metformin-rosiglitazone": 0.0,
            "metformin-pioglitazone": 0.0,
            "change": 0.0,
            "diabetesMed": 0.0
        },
        "Inherent": {
            "number_inpatient": -39.273799514568424,
            "discharge_disposition_id": -27.369612223924538,
            "number_diagnoses": -24.11268218732319,
            "diag_1": 9.243906074183842,
            "gender": 0.0,
            "admission_source_id": 0.0,
            "time_in_hospital": 0.0,
            "age": 0.0,
            "admission_type_id": 0.0,
            "race": 0.0,
            "num_lab_procedures": 0.0,
            "medical_specialty": 0.0,
            "payer_code": 0.0,
            "num_procedures": 0.0,
            "number_emergency": 0.0,
            "number_outpatient": 0.0,
            "diag_2": 0.0,
            "num_medications": 0.0,
            "diag_3": 0.0,
            "metformin": 0.0,
            "repaglinide": 0.0,
            "nateglinide": 0.0,
            "chlorpropamide": 0.0,
            "glimepiride": 0.0,
            "acetohexamide": 0.0,
            "glipizide": 0.0,
            "glyburide": 0.0,
            "tolbutamide": 0.0,
            "pioglitazone": 0.0,
            "rosiglitazone": 0.0,
            "acarbose": 0.0,
            "miglitol": 0.0,
            "troglitazone": 0.0,
            "tolazamide": 0.0,
            "insulin": 0.0,
            "glyburide-metformin": 0.0,
            "glipizide-metformin": 0.0,
            "glimepiride-pioglitazone": 0.0,
            "metformin-rosiglitazone": 0.0,
            "metformin-pioglitazone": 0.0,
            "change": 0.0,
            "diabetesMed": 0.0
        }
    },
    "XGBOOST": {
        "SHAP": {
            "number_inpatient": -17.19414805015297,
            "discharge_disposition_id": -16.27507714968786,
            "number_diagnoses": -13.19763694864008,
            "diabetesMed": -9.15120850391302,
            "admission_type_id": 5.20715292925592,
            "payer_code": 5.088108266427927,
            "num_lab_procedures": 3.638535743400928,
            "time_in_hospital": -3.4788366406696873,
            "admission_source_id": 3.3995998923640887,
            "number_emergency": -3.3253738691851353,
            "num_medications": 2.8836212155874454,
            "num_procedures": 2.8642776676217263,
            "diag_3": -2.759182400164253,
            "diag_1": 2.6803001767159307,
            "age": 1.979370328208917,
            "metformin": 1.7529148566064472,
            "gender": 1.4303285564936803,
            "insulin": -1.0852062913535057,
            "glimepiride": 0.6569058464874583,
            "diag_2": -0.35667816132189,
            "acarbose": 0.23652550447685272,
            "glyburide-metformin": 0.23118824627117468,
            "medical_specialty": -0.22302335987207916,
            "number_outpatient": 0.19921896529273725,
            "race": 0.1932213225587392,
            "glipizide": 0.17397019962346008,
            "rosiglitazone": 0.1554385604633784,
            "pioglitazone": 0.13290389112578588,
            "glyburide": 0.03153329253094392,
            "repaglinide": 0.016684552285297655,
            "change": -0.001828611240677623,
            "acetohexamide": 0.0,
            "nateglinide": 0.0,
            "chlorpropamide": 0.0,
            "tolazamide": 0.0,
            "troglitazone": 0.0,
            "miglitol": 0.0,
            "tolbutamide": 0.0,
            "glimepiride-pioglitazone": 0.0,
            "glipizide-metformin": 0.0,
            "metformin-pioglitazone": 0.0,
            "metformin-rosiglitazone": 0.0
        },
        "Lime": {
            "race": 0.0,
            "gender": 0.0,
            "age": 2.512432047259289,
            "admission_type_id": -1.0658972183916957,
            "discharge_disposition_id": -4.2009877047980835,
            "admission_source_id": 1.0998052157843168,
            "time_in_hospital": -2.464521709675545,
            "payer_code": 2.889815833947049,
            "medical_specialty": 6.683900017014594,
            "num_lab_procedures": 1.1665468516798743,
            "num_procedures": 0.0,
            "num_medications": -2.143533509465603,
            "number_outpatient": 0.0,
            "number_emergency": -3.8397392926328795,
            "number_inpatient": -12.576433586755103,
            "diag_1": -0.9480333816509784,
            "diag_2": -1.5886580859992543,
            "diag_3": 0.0,
            "number_diagnoses": -2.165481436278445,
            "metformin": 2.3731507776105354,
            "repaglinide": 0.0,
            "nateglinide": -2.41642469506438,
            "chlorpropamide": 8.881904540865749,
            "glimepiride": 0.0,
            "acetohexamide": 0.0,
            "glipizide": -8.748294812432992,
            "glyburide": 3.4791871716787033,
            "tolbutamide": 9.140193045067319,
            "pioglitazone": 3.42164517582446,
            "rosiglitazone": 0.0,
            "acarbose": 8.45737096296105,
            "miglitol": -1.4602617805801756,
            "troglitazone": 0.0,
            "tolazamide": 0.0,
            "insulin": -1.9052134149121684,
            "glyburide-metformin": 0.0,
            "glipizide-metformin": 0.0,
            "glimepiride-pioglitazone": 0.0,
            "metformin-rosiglitazone": 0.0,
            "metformin-pioglitazone": 0.0,
            "change": 0.0,
            "diabetesMed": -4.37056773166975
        },
        "Inherent": {
            "race": 0.32540732622146606,
            "gender": 1.1339304447174072,
            "age": 1.6988675594329834,
            "admission_type_id": 6.549850940704346,
            "discharge_disposition_id": -15.915660858154297,
            "admission_source_id": 2.962369203567505,
            "time_in_hospital": -3.471888303756714,
            "payer_code": 2.824275493621826,
            "medical_specialty": 0.46356847882270813,
            "num_lab_procedures": 2.8567683696746826,
            "num_procedures": 3.147571563720703,
            "num_medications": 0.6740259528160095,
            "number_outpatient": 0.11532347649335861,
            "number_emergency": -3.2164242267608643,
            "number_inpatient": -22.959463119506836,
            "diag_1": 1.4379411935806274,
            "diag_2": -1.2001959085464478,
            "diag_3": -4.606908798217773,
            "number_diagnoses": -11.590520858764648,
            "metformin": 1.5148335695266724,
            "repaglinide": 0.009988782927393913,
            "nateglinide": -0.009306849911808968,
            "chlorpropamide": 0.01549503393471241,
            "glimepiride": 0.39105334877967834,
            "acetohexamide": 0.0,
            "glipizide": -9.218560080626048e-06,
            "glyburide": 0.06382225453853607,
            "tolbutamide": 0.0,
            "pioglitazone": 0.059599604457616806,
            "rosiglitazone": 0.07641693949699402,
            "acarbose": 0.035888321697711945,
            "miglitol": 0.0,
            "troglitazone": 0.0,
            "tolazamide": 0.0,
            "insulin": -1.1930418014526367,
            "glyburide-metformin": 0.030154379084706306,
            "glipizide-metformin": 0.0,
            "glimepiride-pioglitazone": 0.0,
            "metformin-rosiglitazone": 0.0,
            "metformin-pioglitazone": 0.0,
            "change": -0.0837697684764862,
            "diabetesMed": -9.365647315979004
        }
    }
}