{
    "LogisticRegression": {
        "SHAP": {
            "diabetesMed": -18.6354938279756,
            "number_inpatient": -14.048367579698509,
            "number_emergency": 12.596219925326894,
            "time_in_hospital": -7.323556304957678,
            "number_diagnoses": 6.834894706570551,
            "payer_code": -6.353072869002732,
            "discharge_disposition_id": -6.1023017552665895,
            "age": -4.89579561736441,
            "diag_1": 4.2483174577768,
            "num_medications": -3.5276712729969337,
            "metformin": 2.8126306250746347,
            "change": -2.317477856773643,
            "num_procedures": -1.7684697298392136,
            "insulin": 1.4720698450189835,
            "glimepiride": 1.1929819997815596,
            "gender": 1.1902973774846066,
            "admission_type_id": 0.8125869859729157,
            "diag_2": -0.7509927107035675,
            "num_lab_procedures": 0.6400260716401157,
            "glyburide": 0.4209340784382932,
            "pioglitazone": 0.38521440486922454,
            "rosiglitazone": 0.37526652734077176,
            "diag_3": 0.2717274535749092,
            "admission_source_id": -0.21843977300101397,
            "glyburide-metformin": 0.16817541715332868,
            "acarbose": 0.16127940200518068,
            "number_outpatient": 0.11608444605961121,
            "glipizide": 0.07278770103076208,
            "glipizide-metformin": -0.06728049935366495,
            "chlorpropamide": -0.0447980434056406,
            "medical_specialty": -0.03248415068392654,
            "race": 0.024259039303218047,
            "tolazamide": 0.02245014500305155,
            "tolbutamide": -0.019709161952290322,
            "troglitazone": -0.017612993552024517,
            "repaglinide": 0.01165367154333199,
            "miglitol": -0.011625647468533895,
            "metformin-rosiglitazone": -0.011437279979605964,
            "acetohexamide": -0.006469136233529399,
            "nateglinide": 0.00592018313174686,
            "glimepiride-pioglitazone": -0.005805150200333748,
            "metformin-pioglitazone": -0.005361175490066407
        },
        "Lime": {
            "race": -30.77853672073001,
            "gender": 0.0,
            "age": 0.0,
            "admission_type_id": 0.0,
            "discharge_disposition_id": -17.949344429623537,
            "admission_source_id": 0.0,
            "time_in_hospital": 0.0,
            "payer_code": 0.0,
            "medical_specialty": 0.0,
            "num_lab_procedures": 0.0,
            "num_procedures": -13.931818555977499,
            "num_medications": 0.0,
            "number_outpatient": 0.0,
            "number_emergency": 20.549534335975448,
            "number_inpatient": 0.0,
            "diag_1": 0.0,
            "diag_2": 0.0,
            "diag_3": 0.0,
            "number_diagnoses": -16.790765957693505,
            "metformin": 0.0,
            "repaglinide": 0.0,
            "nateglinide": 0.0,
            "chlorpropamide": 0.0,
            "glimepiride": 0.0,
            "acetohexamide": 0.0,
            "glipizide": 0.0,
            "glyburide": 0.0,
            "tolbutamide": 0.0,
            "pioglitazone": 0.0,
            "rosiglitazone": 0.0,
            "acarbose": 0.0,
            "miglitol": 0.0,
            "troglitazone": 0.0,
            "tolazamide": 0.0,
            "insulin": 0.0,
            "glyburide-metformin": 0.0,
            "glipizide-metformin": 0.0,
            "glimepiride-pioglitazone": 0.0,
            "metformin-rosiglitazone": 0.0,
            "metformin-pioglitazone": 0.0,
            "change": 0.0,
            "diabetesMed": 0.0
        },
        "Inherent": {
            "number_emergency": 12.326921006667412,
            "number_diagnoses": 8.335368119907827,
            "diag_1": 4.029102384205208,
            "metformin": 2.4308998588294832,
            "insulin": 1.6393746253629227,
            "gender": 1.0915708236484079,
            "admission_type_id": 0.8078819679512353,
            "glimepiride": 0.7668518604869213,
            "num_lab_procedures": 0.6139904212226025,
            "pioglitazone": 0.45512158463338426,
            "glyburide": 0.41457803843383023,
            "rosiglitazone": 0.2957372962904356,
            "diag_3": 0.22431268629841986,
            "number_outpatient": 0.14073248616448727,
            "glyburide-metformin": 0.07378579692310758,
            "glipizide": 0.0566877931937452,
            "tolazamide": 0.030136402707692137,
            "race": 0.029158133877670245,
            "nateglinide": 0.016429463481609667,
            "miglitol": -0.0,
            "troglitazone": -0.0,
            "glimepiride-pioglitazone": -0.0,
            "acetohexamide": -0.0,
            "chlorpropamide": -0.0,
            "glipizide-metformin": -0.0,
            "repaglinide": 0.0,
            "metformin-rosiglitazone": -0.0,
            "metformin-pioglitazone": -0.0,
            "tolbutamide": -0.0,
            "acarbose": -0.0,
            "medical_specialty": -0.04167879738238375,
            "admission_source_id": -0.4022200567746744,
            "diag_2": -0.6616733922926237,
            "num_procedures": -1.7431442215074044,
            "change": -2.165554143616031,
            "num_medications": -3.0680838801803176,
            "age": -4.268561768648689,
            "time_in_hospital": -6.243287253444775,
            "discharge_disposition_id": -6.3817461526314245,
            "payer_code": -6.4375484108719725,
            "number_inpatient": -15.645360686634854,
            "diabetesMed": -19.162500485728454
        }
    },
    "DecisionTree": {
        "SHAP": {
            "number_inpatient": -36.66565665085352,
            "discharge_disposition_id": -32.97951395792587,
            "diag_1": 15.490893849418036,
            "number_diagnoses": 9.771892595783207,
            "payer_code": -2.5212930807857297,
            "num_medications": -1.8844010293614604,
            "medical_specialty": -0.42356098282742377,
            "admission_source_id": 0.2627878530447546,
            "gender": 0.0,
            "race": 0.0,
            "num_lab_procedures": 0.0,
            "time_in_hospital": 0.0,
            "admission_type_id": 0.0,
            "age": 0.0,
            "number_emergency": 0.0,
            "number_outpatient": 0.0,
            "diag_2": 0.0,
            "num_procedures": 0.0,
            "diag_3": 0.0,
            "metformin": 0.0,
            "repaglinide": 0.0,
            "nateglinide": 0.0,
            "chlorpropamide": 0.0,
            "glimepiride": 0.0,
            "acetohexamide": 0.0,
            "glipizide": 0.0,
            "glyburide": 0.0,
            "tolbutamide": 0.0,
            "pioglitazone": 0.0,
            "rosiglitazone": 0.0,
            "acarbose": 0.0,
            "miglitol": 0.0,
            "troglitazone": 0.0,
            "tolazamide": 0.0,
            "insulin": 0.0,
            "glyburide-metformin": 0.0,
            "glipizide-metformin": 0.0,
            "glimepiride-pioglitazone": 0.0,
            "metformin-rosiglitazone": 0.0,
            "metformin-pioglitazone": 0.0,
            "change": 0.0,
            "diabetesMed": 0.0
        },
        "Lime": {
            "race": 0.0,
            "gender": 0.0,
            "age": 0.0,
            "admission_type_id": 0.0,
            "discharge_disposition_id": -22.065302664470508,
            "admission_source_id": 0.0,
            "time_in_hospital": 0.0,
            "payer_code": 0.0,
            "medical_specialty": 0.0,
            "num_lab_procedures": 0.0,
            "num_procedures": 0.0,
            "num_medications": 0.0,
            "number_outpatient": 0.0,
            "number_emergency": 0.0,
            "number_inpatient": -40.09777634974564,
            "diag_1": 0.0,
            "diag_2": 6.223162253015312,
            "diag_3": 0.0,
            "number_diagnoses": 0.0,
            "metformin": 0.0,
            "repaglinide": 0.0,
            "nateglinide": -6.821228494656179,
            "chlorpropamide": 0.0,
            "glimepiride": 0.0,
            "acetohexamide": 0.0,
            "glipizide": 0.0,
            "glyburide": -7.915968647544683,
            "tolbutamide": 0.0,
            "pioglitazone": 0.0,
            "rosiglitazone": 0.0,
            "acarbose": -6.4985730395784795,
            "miglitol": 0.0,
            "troglitazone": 0.0,
            "tolazamide": -10.377988550989208,
            "insulin": 0.0,
            "glyburide-metformin": 0.0,
            "glipizide-metformin": 0.0,
            "glimepiride-pioglitazone": 0.0,
            "metformin-rosiglitazone": 0.0,
            "metformin-pioglitazone": 0.0,
            "change": 0.0,
            "diabetesMed": 0.0
        },
        "Inherent": {
            "number_inpatient": -41.653027985739975,
            "discharge_disposition_id": -29.027678452630802,
            "number_diagnoses": 15.386633009188442,
            "diag_1": 13.932660552440781,
            "gender": 0.0,
            "admission_source_id": 0.0,
            "time_in_hospital": 0.0,
            "age": 0.0,
            "admission_type_id": 0.0,
            "race": 0.0,
            "num_lab_procedures": 0.0,
            "medical_specialty": 0.0,
            "payer_code": 0.0,
            "num_procedures": 0.0,
            "number_emergency": 0.0,
            "number_outpatient": 0.0,
            "diag_2": 0.0,
            "num_medications": 0.0,
            "diag_3": 0.0,
            "metformin": 0.0,
            "repaglinide": 0.0,
            "nateglinide": 0.0,
            "chlorpropamide": 0.0,
            "glimepiride": 0.0,
            "acetohexamide": 0.0,
            "glipizide": 0.0,
            "glyburide": 0.0,
            "tolbutamide": 0.0,
            "pioglitazone": 0.0,
            "rosiglitazone": 0.0,
            "acarbose": 0.0,
            "miglitol": 0.0,
            "troglitazone": 0.0,
            "tolazamide": 0.0,
            "insulin": 0.0,
            "glyburide-metformin": 0.0,
            "glipizide-metformin": 0.0,
            "glimepiride-pioglitazone": 0.0,
            "metformin-rosiglitazone": 0.0,
            "metformin-pioglitazone": 0.0,
            "change": 0.0,
            "diabetesMed": 0.0
        }
    },
    "XGBOOST": {
        "SHAP": {
            "number_inpatient": -15.54181015154745,
            "payer_code": -10.40864014946354,
            "discharge_disposition_id": -10.37312780995741,
            "number_emergency": 9.78344211626077,
            "diabetesMed": -8.825700751571128,
            "diag_3": 7.939905792597034,
            "num_lab_procedures": 5.877330463084685,
            "number_diagnoses": 4.170950777689928,
            "diag_2": -4.130964442063403,
            "age": -3.93561376738642,
            "diag_1": -3.3554382996078416,
            "time_in_hospital": -2.5155656749346984,
            "medical_specialty": 2.4736883512533048,
            "num_procedures": -1.6932090133359525,
            "num_medications": -1.4626098909682277,
            "gender": 1.1043519267293012,
            "metformin": 1.0889548768654504,
            "insulin": -0.7762760075548973,
            "number_outpatient": 0.644847993349778,
            "glimepiride": 0.6318203831874126,
            "race": 0.5664248463642538,
            "rosiglitazone": 0.5575089396437299,
            "glyburide-metformin": 0.4583305435933453,
            "glipizide": -0.4233785960800631,
            "admission_source_id": 0.3550612218757589,
            "pioglitazone": 0.33199151569087604,
            "admission_type_id": 0.32742047125566615,
            "acarbose": 0.19590314866468217,
            "glyburide": 0.022368537982241078,
            "repaglinide": 0.017056824666729756,
            "change": -0.010306714774005145,
            "acetohexamide": 0.0,
            "nateglinide": 0.0,
            "chlorpropamide": 0.0,
            "tolazamide": 0.0,
            "troglitazone": 0.0,
            "miglitol": 0.0,
            "tolbutamide": 0.0,
            "glimepiride-pioglitazone": 0.0,
            "glipizide-metformin": 0.0,
            "metformin-pioglitazone": 0.0,
            "metformin-rosiglitazone": 0.0
        },
        "Lime": {
            "race": 0.0,
            "gender": 0.0,
            "age": -2.226699838176436,
            "admission_type_id": 0.0,
            "discharge_disposition_id": -4.793202357025336,
            "admission_source_id": 0.0,
            "time_in_hospital": -2.12798580217832,
            "payer_code": -1.4987100704452507,
            "medical_specialty": 0.0,
            "num_lab_procedures": -2.353055846870778,
            "num_procedures": 0.0,
            "num_medications": -2.504752204915359,
            "number_outpatient": 0.0,
            "number_emergency": 8.138643145154095,
            "number_inpatient": -17.03578732724066,
            "diag_1": 0.0,
            "diag_2": 4.63097665123155,
            "diag_3": 3.4819122720981492,
            "number_diagnoses": 0.0,
            "metformin": 0.0,
            "repaglinide": 7.224237910857445,
            "nateglinide": 2.040270558491615,
            "chlorpropamide": 11.241945436532056,
            "glimepiride": 5.027085230823236,
            "acetohexamide": 0.0,
            "glipizide": -1.7861940473632412,
            "glyburide": 13.4265796519994,
            "tolbutamide": 0.0,
            "pioglitazone": 1.922398662880736,
            "rosiglitazone": 0.0,
            "acarbose": 2.604890959532611,
            "miglitol": 0.0,
            "troglitazone": 0.0,
            "tolazamide": 0.0,
            "insulin": 0.0,
            "glyburide-metformin": 0.0,
            "glipizide-metformin": 0.0,
            "glimepiride-pioglitazone": 0.0,
            "metformin-rosiglitazone": 0.0,
            "metformin-pioglitazone": 0.0,
            "change": 0.0,
            "diabetesMed": -5.934672026183726
        },
        "Inherent": {
            "race": 0.742714524269104,
            "gender": 0.3867367208003998,
            "age": -4.665139675140381,
            "admission_type_id": 0.39781346917152405,
            "discharge_disposition_id": -9.437414169311523,
            "admission_source_id": 0.02575809508562088,
            "time_in_hospital": -2.2118639945983887,
            "payer_code": -9.636861801147461,
            "medical_specialty": 1.3591454029083252,
            "num_lab_procedures": 5.150465488433838,
            "num_procedures": -0.9204273223876953,
            "num_medications": -3.5541956424713135,
            "number_outpatient": 0.42683500051498413,
            "number_emergency": 9.83860969543457,
            "number_inpatient": -20.23845672607422,
            "diag_1": -3.04478120803833,
            "diag_2": -4.847385406494141,
            "diag_3": 6.111278533935547,
            "number_diagnoses": 5.416494369506836,
            "metformin": 0.8823661208152771,
            "repaglinide": 0.005931196268647909,
            "nateglinide": 0.006181061267852783,
            "chlorpropamide": 0.0160827673971653,
            "glimepiride": 0.26503482460975647,
            "acetohexamide": 0.0,
            "glipizide": -0.36076590418815613,
            "glyburide": 0.08689020574092865,
            "tolbutamide": 0.0,
            "pioglitazone": 0.29769209027290344,
            "rosiglitazone": 0.27076256275177,
            "acarbose": 0.01929911971092224,
            "miglitol": 0.0,
            "troglitazone": 0.0,
            "tolazamide": 0.0,
            "insulin": -0.7981171607971191,
            "glyburide-metformin": 0.07888402789831161,
            "glipizide-metformin": 0.0,
            "glimepiride-pioglitazone": 0.0,
            "metformin-rosiglitazone": 0.0,
            "metformin-pioglitazone": 0.0,
            "change": -0.11138860136270523,
            "diabetesMed": -8.388223648071289
        }
    }
}