{
    "LogisticRegression": {
        "SHAP": {
            "number_inpatient": 23.710314496191998,
            "num_procedures": -12.507095173800241,
            "number_diagnoses": 8.170471445343525,
            "insulin": -7.727154953759646,
            "discharge_disposition_id": -7.294725724793532,
            "diabetesMed": 6.460080827836317,
            "payer_code": 4.058602060299877,
            "age": 3.8233133386817784,
            "num_medications": 3.7154362459167234,
            "change": 3.42272300150855,
            "metformin": 3.3622344154591413,
            "admission_source_id": 2.606211626478163,
            "number_emergency": -2.366064054563568,
            "time_in_hospital": -1.9099358262036057,
            "glimepiride": 1.4260973698181194,
            "gender": 1.4228881572756493,
            "diag_1": 1.3436923051156366,
            "admission_type_id": -1.2120648529121485,
            "num_lab_procedures": 0.6343869535696522,
            "glyburide": 0.5031869569176906,
            "pioglitazone": 0.46048745890603743,
            "rosiglitazone": 0.448595710345542,
            "diag_2": 0.342680423087394,
            "glyburide-metformin": 0.20103783637501807,
            "acarbose": 0.19279430121120128,
            "number_outpatient": 0.1387679975328357,
            "medical_specialty": 0.0911824944751885,
            "glipizide": 0.08701082582476861,
            "glipizide-metformin": -0.08042748606926163,
            "diag_3": 0.056673345695466795,
            "chlorpropamide": -0.05355183220323515,
            "race": 0.02899939156749077,
            "tolazamide": 0.02683702918128647,
            "tolbutamide": -0.023560442677783174,
            "troglitazone": -0.021054671222000707,
            "repaglinide": 0.01393086428773701,
            "miglitol": -0.01389736415163398,
            "metformin-rosiglitazone": -0.013672188599472628,
            "acetohexamide": -0.007733241716405296,
            "nateglinide": 0.0070770201013692574,
            "glimepiride-pioglitazone": -0.006939509090339129,
            "metformin-pioglitazone": -0.006408779232978374
        },
        "Lime": {
            "race": -12.966667824290793,
            "gender": 0.0,
            "age": 0.0,
            "admission_type_id": 0.0,
            "discharge_disposition_id": -9.087627432781783,
            "admission_source_id": 0.0,
            "time_in_hospital": 0.0,
            "payer_code": 0.0,
            "medical_specialty": 0.0,
            "num_lab_procedures": 0.0,
            "num_procedures": -6.972351365876602,
            "num_medications": 5.597316471790075,
            "number_outpatient": 0.0,
            "number_emergency": -16.114767446974795,
            "number_inpatient": 49.26126945828596,
            "diag_1": 0.0,
            "diag_2": 0.0,
            "diag_3": 0.0,
            "number_diagnoses": 0.0,
            "metformin": 0.0,
            "repaglinide": 0.0,
            "nateglinide": 0.0,
            "chlorpropamide": 0.0,
            "glimepiride": 0.0,
            "acetohexamide": 0.0,
            "glipizide": 0.0,
            "glyburide": 0.0,
            "tolbutamide": 0.0,
            "pioglitazone": 0.0,
            "rosiglitazone": 0.0,
            "acarbose": 0.0,
            "miglitol": 0.0,
            "troglitazone": 0.0,
            "tolazamide": 0.0,
            "insulin": 0.0,
            "glyburide-metformin": 0.0,
            "glipizide-metformin": 0.0,
            "glimepiride-pioglitazone": 0.0,
            "metformin-rosiglitazone": 0.0,
            "metformin-pioglitazone": 0.0,
            "change": 0.0,
            "diabetesMed": 0.0
        },
        "Inherent": {
            "number_inpatient": 22.024811754702924,
            "number_diagnoses": 10.616606390499422,
            "diabetesMed": 5.357618224500246,
            "age": 4.58494212304748,
            "num_medications": 4.308295314194224,
            "payer_code": 3.870368638868381,
            "change": 3.656254165838165,
            "metformin": 3.0961928261182328,
            "admission_source_id": 2.457556762921194,
            "gender": 1.3903138548074772,
            "diag_1": 1.2634876352114854,
            "glimepiride": 0.976725232226678,
            "num_lab_procedures": 0.6466513002261272,
            "pioglitazone": 0.5796800638393932,
            "glyburide": 0.5280404883001122,
            "diag_2": 0.4420111487660679,
            "rosiglitazone": 0.376675201927468,
            "number_outpatient": 0.17924840156685115,
            "glyburide-metformin": 0.09397962415973285,
            "medical_specialty": 0.08157735438727273,
            "glipizide": 0.07220220856792586,
            "tolazamide": 0.03838418663346166,
            "race": 0.037138183462032244,
            "nateglinide": 0.020925908068144556,
            "diag_3": 0.007964079279119343,
            "troglitazone": -0.0,
            "metformin-pioglitazone": -0.0,
            "glimepiride-pioglitazone": -0.0,
            "acarbose": -0.0,
            "chlorpropamide": -0.0,
            "repaglinide": 0.0,
            "miglitol": -0.0,
            "acetohexamide": -0.0,
            "tolbutamide": -0.0,
            "metformin-rosiglitazone": -0.0,
            "glipizide-metformin": -0.0,
            "time_in_hospital": -0.8625455616728287,
            "admission_type_id": -1.2325199339066568,
            "number_emergency": -2.3460628596029385,
            "insulin": -7.738036401326736,
            "discharge_disposition_id": -8.128313712354805,
            "num_procedures": -12.98487045901642
        }
    },
    "DecisionTree": {
        "SHAP": {
            "discharge_disposition_id": -28.34545120087887,
            "number_inpatient": 23.271297131781168,
            "admission_source_id": -22.75388328336532,
            "num_medications": 8.296262085499686,
            "payer_code": 6.691494348300354,
            "diag_1": 5.5191135367488355,
            "number_diagnoses": 3.9552776426079452,
            "medical_specialty": 0.8430959193214389,
            "number_emergency": -0.3241248514963862,
            "gender": 0.0,
            "num_lab_procedures": 0.0,
            "time_in_hospital": 0.0,
            "admission_type_id": 0.0,
            "age": 0.0,
            "race": 0.0,
            "number_outpatient": 0.0,
            "diag_2": 0.0,
            "num_procedures": 0.0,
            "diag_3": 0.0,
            "metformin": 0.0,
            "repaglinide": 0.0,
            "nateglinide": 0.0,
            "chlorpropamide": 0.0,
            "glimepiride": 0.0,
            "acetohexamide": 0.0,
            "glipizide": 0.0,
            "glyburide": 0.0,
            "tolbutamide": 0.0,
            "pioglitazone": 0.0,
            "rosiglitazone": 0.0,
            "acarbose": 0.0,
            "miglitol": 0.0,
            "troglitazone": 0.0,
            "tolazamide": 0.0,
            "insulin": 0.0,
            "glyburide-metformin": 0.0,
            "glipizide-metformin": 0.0,
            "glimepiride-pioglitazone": 0.0,
            "metformin-rosiglitazone": 0.0,
            "metformin-pioglitazone": 0.0,
            "change": 0.0,
            "diabetesMed": 0.0
        },
        "Lime": {
            "race": 0.0,
            "gender": 0.0,
            "age": 0.0,
            "admission_type_id": 0.0,
            "discharge_disposition_id": -17.462777191840463,
            "admission_source_id": 0.0,
            "time_in_hospital": 0.0,
            "payer_code": 7.712742843807138,
            "medical_specialty": 0.0,
            "num_lab_procedures": 0.0,
            "num_procedures": 0.0,
            "num_medications": 0.0,
            "number_outpatient": 3.5622099332242882,
            "number_emergency": 0.0,
            "number_inpatient": 9.068505786577537,
            "diag_1": 3.60748431625954,
            "diag_2": 5.076728608741914,
            "diag_3": -4.750560517297711,
            "number_diagnoses": 5.27207339782339,
            "metformin": 0.0,
            "repaglinide": 0.0,
            "nateglinide": 10.373994330213804,
            "chlorpropamide": 0.0,
            "glimepiride": 4.370009481482072,
            "acetohexamide": 0.0,
            "glipizide": 0.0,
            "glyburide": 7.458523397838143,
            "tolbutamide": 0.0,
            "pioglitazone": -4.235766291664818,
            "rosiglitazone": -4.386058026266582,
            "acarbose": 0.0,
            "miglitol": 0.0,
            "troglitazone": -5.7441941574571445,
            "tolazamide": -6.918371719505457,
            "insulin": 0.0,
            "glyburide-metformin": 0.0,
            "glipizide-metformin": 0.0,
            "glimepiride-pioglitazone": 0.0,
            "metformin-rosiglitazone": 0.0,
            "metformin-pioglitazone": 0.0,
            "change": 0.0,
            "diabetesMed": 0.0
        },
        "Inherent": {
            "admission_source_id": -30.80602636303627,
            "number_inpatient": 25.961573335538286,
            "discharge_disposition_id": -22.69437104505186,
            "num_medications": 20.538029256373587,
            "gender": 0.0,
            "race": 0.0,
            "time_in_hospital": 0.0,
            "payer_code": 0.0,
            "admission_type_id": 0.0,
            "age": 0.0,
            "num_lab_procedures": 0.0,
            "medical_specialty": 0.0,
            "number_outpatient": 0.0,
            "num_procedures": 0.0,
            "number_emergency": 0.0,
            "diag_1": 0.0,
            "diag_2": 0.0,
            "diag_3": 0.0,
            "number_diagnoses": 0.0,
            "metformin": 0.0,
            "repaglinide": 0.0,
            "nateglinide": 0.0,
            "chlorpropamide": 0.0,
            "glimepiride": 0.0,
            "acetohexamide": 0.0,
            "glipizide": 0.0,
            "glyburide": 0.0,
            "tolbutamide": 0.0,
            "pioglitazone": 0.0,
            "rosiglitazone": 0.0,
            "acarbose": 0.0,
            "miglitol": 0.0,
            "troglitazone": 0.0,
            "tolazamide": 0.0,
            "insulin": 0.0,
            "glyburide-metformin": 0.0,
            "glipizide-metformin": 0.0,
            "glimepiride-pioglitazone": 0.0,
            "metformin-rosiglitazone": 0.0,
            "metformin-pioglitazone": 0.0,
            "change": 0.0,
            "diabetesMed": 0.0
        }
    },
    "XGBOOST": {
        "SHAP": {
            "number_inpatient": 20.622840660855143,
            "discharge_disposition_id": -13.947333653288933,
            "num_medications": 8.579695976924105,
            "payer_code": 7.076455003888647,
            "diag_1": 6.070492766644799,
            "time_in_hospital": 4.440868507243544,
            "num_lab_procedures": 4.369833504761819,
            "diabetesMed": 4.260948833219208,
            "admission_type_id": -3.995161567279156,
            "number_emergency": -3.488624513336299,
            "age": 3.0219122149139435,
            "metformin": 2.935128479156256,
            "admission_source_id": 2.771247145627842,
            "num_procedures": -2.59883954309281,
            "number_diagnoses": 2.200976435318937,
            "gender": 1.6602241893760412,
            "insulin": 1.5748085532195004,
            "diag_2": -1.1892833359362387,
            "medical_specialty": 1.0446371719010359,
            "glimepiride": 0.8490686709916663,
            "acarbose": 0.6477997091189099,
            "glyburide-metformin": 0.6021881485968437,
            "pioglitazone": 0.5789181631225094,
            "glipizide": -0.3024782073059093,
            "race": 0.2899729063128456,
            "rosiglitazone": 0.26098253171007135,
            "number_outpatient": -0.2605582066720411,
            "diag_3": 0.1978700459222332,
            "glyburide": 0.07935643821872826,
            "change": -0.0574054788819294,
            "repaglinide": 0.02408943716205385,
            "acetohexamide": 0.0,
            "nateglinide": 0.0,
            "chlorpropamide": 0.0,
            "tolazamide": 0.0,
            "troglitazone": 0.0,
            "miglitol": 0.0,
            "tolbutamide": 0.0,
            "glimepiride-pioglitazone": 0.0,
            "glipizide-metformin": 0.0,
            "metformin-pioglitazone": 0.0,
            "metformin-rosiglitazone": 0.0
        },
        "Lime": {
            "race": 3.2818767124000425,
            "gender": 0.0,
            "age": 0.0,
            "admission_type_id": 2.2523855598755764,
            "discharge_disposition_id": -8.391644782546887,
            "admission_source_id": 0.0,
            "time_in_hospital": 0.0,
            "payer_code": 4.107160767460375,
            "medical_specialty": 2.970088992328784,
            "num_lab_procedures": 1.8542097538289897,
            "num_procedures": 0.0,
            "num_medications": 0.0,
            "number_outpatient": 0.0,
            "number_emergency": -8.052580613473333,
            "number_inpatient": 12.15305463854736,
            "diag_1": 4.989359153576857,
            "diag_2": 1.8117915467870707,
            "diag_3": 2.0300992553978205,
            "number_diagnoses": 2.490856049746124,
            "metformin": 3.221536580021696,
            "repaglinide": 2.570949465780915,
            "nateglinide": 6.889622708777638,
            "chlorpropamide": 0.0,
            "glimepiride": 3.756756527581187,
            "acetohexamide": 0.0,
            "glipizide": 2.0802705517920046,
            "glyburide": 10.793837321854532,
            "tolbutamide": 0.0,
            "pioglitazone": 3.541775609201724,
            "rosiglitazone": 0.0,
            "acarbose": 2.8011044685761357,
            "miglitol": 0.0,
            "troglitazone": 0.0,
            "tolazamide": 0.0,
            "insulin": 0.0,
            "glyburide-metformin": 0.0,
            "glipizide-metformin": 0.0,
            "glimepiride-pioglitazone": 0.0,
            "metformin-rosiglitazone": 0.0,
            "metformin-pioglitazone": 0.0,
            "change": 0.0,
            "diabetesMed": 9.959038940444927
        },
        "Inherent": {
            "race": 0.4470389783382416,
            "gender": 1.6606320142745972,
            "age": 3.155876636505127,
            "admission_type_id": -3.664973735809326,
            "discharge_disposition_id": -14.840188980102539,
            "admission_source_id": 2.585641384124756,
            "time_in_hospital": 3.9984493255615234,
            "payer_code": 6.224948406219482,
            "medical_specialty": 0.5762887597084045,
            "num_lab_procedures": 5.162838459014893,
            "num_procedures": -3.9649627208709717,
            "num_medications": 7.697125434875488,
            "number_outpatient": -0.3462013602256775,
            "number_emergency": -3.8496792316436768,
            "number_inpatient": 17.80634307861328,
            "diag_1": 4.522868633270264,
            "diag_2": -2.8152081966400146,
            "diag_3": -2.306602954864502,
            "number_diagnoses": 3.900392770767212,
            "metformin": 2.802804470062256,
            "repaglinide": 0.011341296136379242,
            "nateglinide": -0.018530715256929398,
            "chlorpropamide": 0.02812039665877819,
            "glimepiride": 0.47644293308258057,
            "acetohexamide": 0.0,
            "glipizide": -0.2453361600637436,
            "glyburide": 0.2440018355846405,
            "tolbutamide": 0.0,
            "pioglitazone": 0.8035956025123596,
            "rosiglitazone": 0.1933969259262085,
            "acarbose": 0.12728120386600494,
            "miglitol": 0.0,
            "troglitazone": 0.0,
            "tolazamide": 0.0,
            "insulin": 1.7694185972213745,
            "glyburide-metformin": 0.1327088624238968,
            "glipizide-metformin": 0.0,
            "glimepiride-pioglitazone": 0.0,
            "metformin-rosiglitazone": 0.0,
            "metformin-pioglitazone": 0.0,
            "change": -0.022380316630005836,
            "diabetesMed": 3.5983808040618896
        }
    }
}