{
    "LogisticRegression": {
        "SHAP": {
            "number_inpatient": 74.17456284748538,
            "payer_code": -3.033070039918416,
            "discharge_disposition_id": 2.723703694425681,
            "diabetesMed": 2.5800092700171846,
            "age": -2.337339947892464,
            "glyburide": -2.194419622058438,
            "time_in_hospital": 1.970826293072527,
            "metformin": 1.3427999108736828,
            "number_diagnoses": 1.2365348055530754,
            "num_procedures": 1.2310762155479746,
            "change": -1.106405168095901,
            "number_emergency": -0.9449521386674397,
            "num_medications": -0.8921646091696689,
            "insulin": 0.702792339338506,
            "glimepiride": 0.5695508356836149,
            "gender": 0.568269149226481,
            "diag_2": 0.5369863385908044,
            "diag_1": 0.4568435482259465,
            "admission_type_id": 0.3879434870025251,
            "pioglitazone": 0.1839082117339626,
            "rosiglitazone": 0.17915891798045586,
            "number_outpatient": -0.14786297939589815,
            "admission_source_id": -0.10428703474322928,
            "glyburide-metformin": 0.08028993681267399,
            "acarbose": 0.07699765646709146,
            "medical_specialty": 0.036416213245441725,
            "glipizide": 0.03475014372148993,
            "glipizide-metformin": -0.03212090764077521,
            "num_lab_procedures": 0.027159177982445572,
            "chlorpropamide": -0.021387383098274173,
            "diag_3": 0.017472913121732134,
            "race": 0.011581697050382492,
            "tolazamide": 0.01071809872240118,
            "tolbutamide": -0.009409504638465687,
            "troglitazone": -0.008408756543084888,
            "repaglinide": 0.005563670170633275,
            "miglitol": -0.0055502909786392315,
            "metformin-rosiglitazone": -0.005460360987445592,
            "acetohexamide": -0.0030884807554786833,
            "nateglinide": 0.002826400776125594,
            "glimepiride-pioglitazone": -0.002771482007670186,
            "metformin-pioglitazone": -0.002559520580505773
        },
        "Lime": {
            "race": 0.0,
            "gender": 0.0,
            "age": 0.0,
            "admission_type_id": 0.0,
            "discharge_disposition_id": 17.526149248962263,
            "admission_source_id": 0.0,
            "time_in_hospital": 9.970188095707272,
            "payer_code": 0.0,
            "medical_specialty": 0.0,
            "num_lab_procedures": 0.0,
            "num_procedures": 0.0,
            "num_medications": 0.0,
            "number_outpatient": 0.0,
            "number_emergency": -10.539803677711136,
            "number_inpatient": 50.89250372297182,
            "diag_1": 0.0,
            "diag_2": 0.0,
            "diag_3": 0.0,
            "number_diagnoses": 11.071355254647509,
            "metformin": 0.0,
            "repaglinide": 0.0,
            "nateglinide": 0.0,
            "chlorpropamide": 0.0,
            "glimepiride": 0.0,
            "acetohexamide": 0.0,
            "glipizide": 0.0,
            "glyburide": 0.0,
            "tolbutamide": 0.0,
            "pioglitazone": 0.0,
            "rosiglitazone": 0.0,
            "acarbose": 0.0,
            "miglitol": 0.0,
            "troglitazone": 0.0,
            "tolazamide": 0.0,
            "insulin": 0.0,
            "glyburide-metformin": 0.0,
            "glipizide-metformin": 0.0,
            "glimepiride-pioglitazone": 0.0,
            "metformin-rosiglitazone": 0.0,
            "metformin-pioglitazone": 0.0,
            "change": 0.0,
            "diabetesMed": 0.0
        },
        "Inherent": {
            "number_inpatient": 74.13827141570724,
            "discharge_disposition_id": 2.535009586392782,
            "time_in_hospital": 2.4318723253514283,
            "number_diagnoses": 2.09365678622918,
            "diabetesMed": 2.092390472460871,
            "num_procedures": 1.2349493357389565,
            "metformin": 1.2092023169261545,
            "insulin": 0.8154739851164904,
            "diag_2": 0.5778939751473602,
            "gender": 0.5429799850661938,
            "diag_1": 0.41262677363060857,
            "admission_type_id": 0.40186466089964085,
            "glimepiride": 0.38145505791687245,
            "pioglitazone": 0.22639109242730623,
            "rosiglitazone": 0.1471085789803223,
            "glyburide-metformin": 0.03670326289731498,
            "medical_specialty": 0.03185961969218429,
            "glipizide": 0.028198204307895203,
            "num_lab_procedures": 0.023439404634655228,
            "tolazamide": 0.01499074832128539,
            "race": 0.014504128137593946,
            "nateglinide": 0.008172506668942795,
            "glimepiride-pioglitazone": -0.0,
            "troglitazone": -0.0,
            "acarbose": -0.0,
            "repaglinide": 0.0,
            "metformin-pioglitazone": -0.0,
            "metformin-rosiglitazone": -0.0,
            "miglitol": -0.0,
            "glipizide-metformin": -0.0,
            "acetohexamide": -0.0,
            "chlorpropamide": -0.0,
            "tolbutamide": -0.0,
            "diag_3": -0.0021171157482842975,
            "number_outpatient": -0.13589118339714396,
            "admission_source_id": -0.20007628977373762,
            "num_medications": -0.7239718438026002,
            "number_emergency": -0.9162428843435162,
            "change": -1.0772114196223752,
            "age": -2.123310329647955,
            "glyburide": -2.219935534242779,
            "payer_code": -3.20222917677034
        }
    },
    "DecisionTree": {
        "SHAP": {
            "number_inpatient": 85.40359512733359,
            "age": 8.572246266372568,
            "discharge_disposition_id": 2.461300445084917,
            "diag_1": 1.0934445428902708,
            "number_diagnoses": 0.7980606973396448,
            "payer_code": -0.6819325548502723,
            "num_medications": -0.38463846097242094,
            "number_emergency": -0.2957008875472508,
            "medical_specialty": 0.2291204865609077,
            "admission_source_id": 0.07996053104817386,
            "num_lab_procedures": 0.0,
            "time_in_hospital": 0.0,
            "admission_type_id": 0.0,
            "gender": 0.0,
            "race": 0.0,
            "number_outpatient": 0.0,
            "diag_2": 0.0,
            "num_procedures": 0.0,
            "diag_3": 0.0,
            "metformin": 0.0,
            "repaglinide": 0.0,
            "nateglinide": 0.0,
            "chlorpropamide": 0.0,
            "glimepiride": 0.0,
            "acetohexamide": 0.0,
            "glipizide": 0.0,
            "glyburide": 0.0,
            "tolbutamide": 0.0,
            "pioglitazone": 0.0,
            "rosiglitazone": 0.0,
            "acarbose": 0.0,
            "miglitol": 0.0,
            "troglitazone": 0.0,
            "tolazamide": 0.0,
            "insulin": 0.0,
            "glyburide-metformin": 0.0,
            "glipizide-metformin": 0.0,
            "glimepiride-pioglitazone": 0.0,
            "metformin-rosiglitazone": 0.0,
            "metformin-pioglitazone": 0.0,
            "change": 0.0,
            "diabetesMed": 0.0
        },
        "Lime": {
            "race": 0.0,
            "gender": 0.0,
            "age": 0.0,
            "admission_type_id": 0.0,
            "discharge_disposition_id": 0.0,
            "admission_source_id": 0.0,
            "time_in_hospital": 0.0,
            "payer_code": 0.0,
            "medical_specialty": 0.0,
            "num_lab_procedures": 0.0,
            "num_procedures": 0.0,
            "num_medications": 0.0,
            "number_outpatient": 0.0,
            "number_emergency": -4.793413471342406,
            "number_inpatient": 51.737022915432064,
            "diag_1": 0.0,
            "diag_2": 0.0,
            "diag_3": 7.788522111395,
            "number_diagnoses": 0.0,
            "metformin": 0.0,
            "repaglinide": 0.0,
            "nateglinide": 4.542148525873642,
            "chlorpropamide": -5.327450151068752,
            "glimepiride": 0.0,
            "acetohexamide": 0.0,
            "glipizide": 0.0,
            "glyburide": 4.612729449101103,
            "tolbutamide": 0.0,
            "pioglitazone": 3.7063367269203265,
            "rosiglitazone": 0.0,
            "acarbose": 7.6432018768020455,
            "miglitol": 0.0,
            "troglitazone": 0.0,
            "tolazamide": -9.849174772064655,
            "insulin": 0.0,
            "glyburide-metformin": 0.0,
            "glipizide-metformin": 0.0,
            "glimepiride-pioglitazone": 0.0,
            "metformin-rosiglitazone": 0.0,
            "metformin-pioglitazone": 0.0,
            "change": 0.0,
            "diabetesMed": 0.0
        },
        "Inherent": {
            "number_inpatient": 80.53202019847416,
            "age": 12.579175397208815,
            "number_emergency": -6.88880440431702,
            "admission_type_id": 0.0,
            "gender": 0.0,
            "admission_source_id": 0.0,
            "time_in_hospital": 0.0,
            "payer_code": 0.0,
            "discharge_disposition_id": 0.0,
            "race": 0.0,
            "num_lab_procedures": 0.0,
            "medical_specialty": 0.0,
            "num_medications": 0.0,
            "num_procedures": 0.0,
            "number_outpatient": 0.0,
            "diag_1": 0.0,
            "diag_2": 0.0,
            "diag_3": 0.0,
            "number_diagnoses": 0.0,
            "metformin": 0.0,
            "repaglinide": 0.0,
            "nateglinide": 0.0,
            "chlorpropamide": 0.0,
            "glimepiride": 0.0,
            "acetohexamide": 0.0,
            "glipizide": 0.0,
            "glyburide": 0.0,
            "tolbutamide": 0.0,
            "pioglitazone": 0.0,
            "rosiglitazone": 0.0,
            "acarbose": 0.0,
            "miglitol": 0.0,
            "troglitazone": 0.0,
            "tolazamide": 0.0,
            "insulin": 0.0,
            "glyburide-metformin": 0.0,
            "glipizide-metformin": 0.0,
            "glimepiride-pioglitazone": 0.0,
            "metformin-rosiglitazone": 0.0,
            "metformin-pioglitazone": 0.0,
            "change": 0.0,
            "diabetesMed": 0.0
        }
    },
    "XGBOOST": {
        "SHAP": {
            "number_inpatient": 62.68914559101173,
            "diag_1": 6.728856323081208,
            "diag_2": -5.133492184424818,
            "payer_code": -3.4020961930324187,
            "diabetesMed": 1.9514656249334146,
            "number_emergency": -1.7865183192664724,
            "discharge_disposition_id": 1.692331409666613,
            "num_medications": -1.629200663906849,
            "age": -1.5676807753472817,
            "time_in_hospital": 1.4018158995944,
            "number_diagnoses": 1.3729397487564625,
            "glyburide": -1.3105840564754438,
            "diag_3": -1.2844623828486723,
            "number_outpatient": 1.1881652591416336,
            "metformin": 1.1070507928170366,
            "num_lab_procedures": 1.0882888843580323,
            "race": 0.6727776020579626,
            "medical_specialty": 0.5899745763076545,
            "glimepiride": 0.49273335211370234,
            "glipizide": -0.40916982614068187,
            "pioglitazone": 0.3818890850539101,
            "num_procedures": 0.35443247914227116,
            "insulin": -0.35374489360438716,
            "acarbose": 0.2857972131568303,
            "glyburide-metformin": 0.28009270623895555,
            "admission_type_id": -0.24236634391339912,
            "gender": 0.20873206860043975,
            "rosiglitazone": 0.19510570217937293,
            "change": 0.10997846762786842,
            "admission_source_id": -0.061115762871904795,
            "repaglinide": 0.02799581232817569,
            "acetohexamide": 0.0,
            "nateglinide": 0.0,
            "chlorpropamide": 0.0,
            "tolazamide": 0.0,
            "troglitazone": 0.0,
            "miglitol": 0.0,
            "tolbutamide": 0.0,
            "glimepiride-pioglitazone": 0.0,
            "glipizide-metformin": 0.0,
            "metformin-pioglitazone": 0.0,
            "metformin-rosiglitazone": 0.0
        },
        "Lime": {
            "race": 0.0,
            "gender": 1.4855367037282974,
            "age": -3.609531555280783,
            "admission_type_id": 1.5842421874739585,
            "discharge_disposition_id": -3.9886365792462137,
            "admission_source_id": -1.9908076226210936,
            "time_in_hospital": 1.8784713325019864,
            "payer_code": -2.0956683671356893,
            "medical_specialty": 0.0,
            "num_lab_procedures": 1.8948838891958455,
            "num_procedures": -2.1904276831490836,
            "num_medications": 2.225248377417901,
            "number_outpatient": 0.0,
            "number_emergency": -8.357901652939267,
            "number_inpatient": 23.125508806165097,
            "diag_1": 1.8377611008979444,
            "diag_2": 2.509495563116296,
            "diag_3": -3.7803096204236595,
            "number_diagnoses": 0.0,
            "metformin": 2.5179683249017657,
            "repaglinide": 0.0,
            "nateglinide": -3.9029064298596245,
            "chlorpropamide": -4.652246643001631,
            "glimepiride": 6.811237796287041,
            "acetohexamide": 0.0,
            "glipizide": 0.0,
            "glyburide": 7.995122451033273,
            "tolbutamide": 0.0,
            "pioglitazone": 0.0,
            "rosiglitazone": 0.0,
            "acarbose": 6.9465784959926875,
            "miglitol": 0.0,
            "troglitazone": 0.0,
            "tolazamide": 0.0,
            "insulin": 0.0,
            "glyburide-metformin": 0.0,
            "glipizide-metformin": 0.0,
            "glimepiride-pioglitazone": 0.0,
            "metformin-rosiglitazone": 0.0,
            "metformin-pioglitazone": 0.0,
            "change": 0.0,
            "diabetesMed": 4.619508817630859
        },
        "Inherent": {
            "race": 0.6711965203285217,
            "gender": 0.08609801530838013,
            "age": -2.845363140106201,
            "admission_type_id": -0.2144857943058014,
            "discharge_disposition_id": 2.0318548679351807,
            "admission_source_id": -0.2782312035560608,
            "time_in_hospital": 0.25097498297691345,
            "payer_code": -3.369579553604126,
            "medical_specialty": 0.234099343419075,
            "num_lab_procedures": 1.0357577800750732,
            "num_procedures": -0.21874618530273438,
            "num_medications": -2.782318115234375,
            "number_outpatient": 1.0076069831848145,
            "number_emergency": -2.9508585929870605,
            "number_inpatient": 61.36819839477539,
            "diag_1": 5.506860256195068,
            "diag_2": -5.592939853668213,
            "diag_3": -2.3664700984954834,
            "number_diagnoses": 1.8140922784805298,
            "metformin": 0.9423250555992126,
            "repaglinide": 0.024233074858784676,
            "nateglinide": 0.011370661668479443,
            "chlorpropamide": 0.013957232236862183,
            "glimepiride": 0.28306275606155396,
            "acetohexamide": 0.0,
            "glipizide": -0.31931328773498535,
            "glyburide": -1.273482322692871,
            "tolbutamide": 0.0,
            "pioglitazone": 0.4202708601951599,
            "rosiglitazone": 0.12113691866397858,
            "acarbose": 0.042471129447221756,
            "miglitol": 0.0,
            "troglitazone": 0.0,
            "tolazamide": 0.0,
            "insulin": -0.44495776295661926,
            "glyburide-metformin": 0.05125709995627403,
            "glipizide-metformin": 0.0,
            "glimepiride-pioglitazone": 0.0,
            "metformin-rosiglitazone": 0.0,
            "metformin-pioglitazone": 0.0,
            "change": 0.03114752098917961,
            "diabetesMed": 1.3952836990356445
        }
    }
}