{
    "LogisticRegression": {
        "SHAP": {
            "number_inpatient": 21.192321282515646,
            "age": -18.20327770534303,
            "payer_code": -6.787976646835971,
            "discharge_disposition_id": -6.520038831728053,
            "insulin": 5.812534453310766,
            "time_in_hospital": -5.785631455951719,
            "diabetesMed": 5.774031737812438,
            "num_medications": -4.655413309910446,
            "diag_1": 3.4126868524882177,
            "change": 3.0592359085188456,
            "metformin": 3.005171102685501,
            "number_diagnoses": 2.767350991775945,
            "num_procedures": 2.7551347287185077,
            "number_emergency": -2.1147922617127626,
            "glimepiride": 1.2746483664815997,
            "gender": 1.271779966601251,
            "diag_2": -1.1755195003024113,
            "admission_type_id": 0.8682131620462306,
            "num_lab_procedures": 0.839603862427157,
            "glyburide": 0.44974939737234215,
            "pioglitazone": 0.4115845100778095,
            "rosiglitazone": 0.4009556440564251,
            "diag_3": -0.32185063277058207,
            "admission_source_id": -0.23339321119793627,
            "glyburide-metformin": 0.179687975842136,
            "acarbose": 0.1723198894456701,
            "number_outpatient": 0.12403108309337288,
            "medical_specialty": 0.08149907579546242,
            "glipizide": 0.077770430933409,
            "glipizide-metformin": -0.07188623014674003,
            "chlorpropamide": -0.04786472290363741,
            "race": 0.025919707779263824,
            "tolazamide": 0.02398698443116026,
            "tolbutamide": -0.021058365584567203,
            "troglitazone": -0.01881870259907506,
            "repaglinide": 0.012451431286424371,
            "miglitol": -0.012421488805171434,
            "metformin-rosiglitazone": -0.012220226496013214,
            "acetohexamide": -0.006911985205246209,
            "nateglinide": 0.006325453158165663,
            "glimepiride-pioglitazone": -0.006202545571844864,
            "metformin-pioglitazone": -0.005728178281051684
        },
        "Lime": {
            "race": -27.28015058161615,
            "gender": 0.0,
            "age": 0.0,
            "admission_type_id": 0.0,
            "discharge_disposition_id": -9.105974808578537,
            "admission_source_id": 0.0,
            "time_in_hospital": 0.0,
            "payer_code": 0.0,
            "medical_specialty": 0.0,
            "num_lab_procedures": 0.0,
            "num_procedures": 0.0,
            "num_medications": 0.0,
            "number_outpatient": 0.0,
            "number_emergency": 0.0,
            "number_inpatient": 52.965706919271696,
            "diag_1": 0.0,
            "diag_2": 0.0,
            "diag_3": 0.0,
            "number_diagnoses": 10.64816769053362,
            "metformin": 0.0,
            "repaglinide": 0.0,
            "nateglinide": 0.0,
            "chlorpropamide": 0.0,
            "glimepiride": 0.0,
            "acetohexamide": 0.0,
            "glipizide": 0.0,
            "glyburide": 0.0,
            "tolbutamide": 0.0,
            "pioglitazone": 0.0,
            "rosiglitazone": 0.0,
            "acarbose": 0.0,
            "miglitol": 0.0,
            "troglitazone": 0.0,
            "tolazamide": 0.0,
            "insulin": 0.0,
            "glyburide-metformin": 0.0,
            "glipizide-metformin": 0.0,
            "glimepiride-pioglitazone": 0.0,
            "metformin-rosiglitazone": 0.0,
            "metformin-pioglitazone": 0.0,
            "change": 0.0,
            "diabetesMed": 0.0
        },
        "Inherent": {
            "number_inpatient": 19.71259072455593,
            "insulin": 6.2660892233472705,
            "number_diagnoses": 4.7980637997541535,
            "diabetesMed": 4.795161770018037,
            "diag_1": 3.424730324313477,
            "change": 3.2724112586674203,
            "num_procedures": 2.830151408441455,
            "metformin": 2.771146589824651,
            "gender": 1.2443551528946606,
            "admission_type_id": 0.9209591058789611,
            "glimepiride": 0.8741861209833097,
            "num_lab_procedures": 0.861482223145733,
            "pioglitazone": 0.518823769161633,
            "glyburide": 0.47260544824552925,
            "rosiglitazone": 0.33713087650341156,
            "number_outpatient": 0.16043044623814748,
            "glyburide-metformin": 0.08411340301752286,
            "medical_specialty": 0.07301315522412985,
            "glipizide": 0.06462223617437432,
            "tolazamide": 0.034354516616417086,
            "race": 0.033239322042522855,
            "nateglinide": 0.018729052755646597,
            "acetohexamide": -0.0,
            "troglitazone": -0.0,
            "acarbose": -0.0,
            "miglitol": -0.0,
            "glimepiride-pioglitazone": -0.0,
            "glipizide-metformin": -0.0,
            "metformin-pioglitazone": -0.0,
            "metformin-rosiglitazone": -0.0,
            "repaglinide": 0.0,
            "chlorpropamide": -0.0,
            "tolbutamide": -0.0,
            "diag_3": -0.3792210415052476,
            "admission_source_id": -0.458517752033981,
            "diag_2": -1.141269581410297,
            "number_emergency": -2.0997671844145955,
            "num_medications": -4.4167049842429,
            "time_in_hospital": -5.002093729935826,
            "discharge_disposition_id": -7.274982564072649,
            "payer_code": -7.338595319269511,
            "age": -18.3204579153106
        }
    },
    "DecisionTree": {
        "SHAP": {
            "discharge_disposition_id": -30.350996487560877,
            "number_inpatient": 25.349126728876698,
            "num_medications": -21.808695231574568,
            "diag_1": 8.21688504639863,
            "number_diagnoses": 5.888638003095871,
            "payer_code": -3.735874334497893,
            "admission_source_id": 1.946902409270809,
            "number_emergency": -1.447676152602455,
            "medical_specialty": 1.255205606122196,
            "gender": 0.0,
            "num_lab_procedures": 0.0,
            "time_in_hospital": 0.0,
            "admission_type_id": 0.0,
            "age": 0.0,
            "race": 0.0,
            "number_outpatient": 0.0,
            "diag_2": 0.0,
            "num_procedures": 0.0,
            "diag_3": 0.0,
            "metformin": 0.0,
            "repaglinide": 0.0,
            "nateglinide": 0.0,
            "chlorpropamide": 0.0,
            "glimepiride": 0.0,
            "acetohexamide": 0.0,
            "glipizide": 0.0,
            "glyburide": 0.0,
            "tolbutamide": 0.0,
            "pioglitazone": 0.0,
            "rosiglitazone": 0.0,
            "acarbose": 0.0,
            "miglitol": 0.0,
            "troglitazone": 0.0,
            "tolazamide": 0.0,
            "insulin": 0.0,
            "glyburide-metformin": 0.0,
            "glipizide-metformin": 0.0,
            "glimepiride-pioglitazone": 0.0,
            "metformin-rosiglitazone": 0.0,
            "metformin-pioglitazone": 0.0,
            "change": 0.0,
            "diabetesMed": 0.0
        },
        "Lime": {
            "race": 0.0,
            "gender": 0.0,
            "age": -6.120541615621187,
            "admission_type_id": 0.0,
            "discharge_disposition_id": -15.922022927545655,
            "admission_source_id": 0.0,
            "time_in_hospital": 0.0,
            "payer_code": 0.0,
            "medical_specialty": 0.0,
            "num_lab_procedures": 0.0,
            "num_procedures": 0.0,
            "num_medications": 0.0,
            "number_outpatient": 0.0,
            "number_emergency": -4.311257250517995,
            "number_inpatient": 9.804119937493791,
            "diag_1": 8.512153274831439,
            "diag_2": 0.0,
            "diag_3": -1.998402839629207,
            "number_diagnoses": 4.070217510694126,
            "metformin": -2.8941385190529707,
            "repaglinide": -4.190681486849409,
            "nateglinide": 6.093625274415617,
            "chlorpropamide": 0.0,
            "glimepiride": -7.2008878071458104,
            "acetohexamide": 0.0,
            "glipizide": -2.4142502322892754,
            "glyburide": -7.930167637602996,
            "tolbutamide": 0.0,
            "pioglitazone": 0.0,
            "rosiglitazone": -3.473702901972025,
            "acarbose": 7.873751931861292,
            "miglitol": 0.0,
            "troglitazone": 0.0,
            "tolazamide": 5.160037486087081,
            "insulin": 2.0300413663901127,
            "glyburide-metformin": 0.0,
            "glipizide-metformin": 0.0,
            "glimepiride-pioglitazone": 0.0,
            "metformin-rosiglitazone": 0.0,
            "metformin-pioglitazone": 0.0,
            "change": 0.0,
            "diabetesMed": 0.0
        },
        "Inherent": {
            "number_inpatient": 41.339934239452816,
            "discharge_disposition_id": -36.13740178542741,
            "num_medications": -17.559753757631547,
            "number_emergency": -4.962910217488232,
            "gender": 0.0,
            "admission_source_id": 0.0,
            "time_in_hospital": 0.0,
            "age": 0.0,
            "admission_type_id": 0.0,
            "race": 0.0,
            "num_lab_procedures": 0.0,
            "medical_specialty": 0.0,
            "payer_code": 0.0,
            "num_procedures": 0.0,
            "number_outpatient": 0.0,
            "diag_1": 0.0,
            "diag_2": 0.0,
            "diag_3": 0.0,
            "number_diagnoses": 0.0,
            "metformin": 0.0,
            "repaglinide": 0.0,
            "nateglinide": 0.0,
            "chlorpropamide": 0.0,
            "glimepiride": 0.0,
            "acetohexamide": 0.0,
            "glipizide": 0.0,
            "glyburide": 0.0,
            "tolbutamide": 0.0,
            "pioglitazone": 0.0,
            "rosiglitazone": 0.0,
            "acarbose": 0.0,
            "miglitol": 0.0,
            "troglitazone": 0.0,
            "tolazamide": 0.0,
            "insulin": 0.0,
            "glyburide-metformin": 0.0,
            "glipizide-metformin": 0.0,
            "glimepiride-pioglitazone": 0.0,
            "metformin-rosiglitazone": 0.0,
            "metformin-pioglitazone": 0.0,
            "change": 0.0,
            "diabetesMed": 0.0
        }
    },
    "XGBOOST": {
        "SHAP": {
            "number_inpatient": 20.916617170659503,
            "discharge_disposition_id": -11.51773388856528,
            "num_medications": -10.633476552525172,
            "payer_code": -10.222598555188005,
            "age": 8.1248168267891,
            "insulin": 6.947786256339077,
            "diag_3": -3.95130020212381,
            "medical_specialty": 3.523530797957787,
            "number_emergency": -2.8352200709683335,
            "diabetesMed": 2.83302824399836,
            "gender": -2.5862570769302335,
            "metformin": 2.212589164361027,
            "num_lab_procedures": -1.8766533044034115,
            "number_diagnoses": 1.8485046130685523,
            "diag_1": 1.8291497428011092,
            "time_in_hospital": -1.3027723335911334,
            "num_procedures": 1.141928754357844,
            "admission_source_id": 0.9472885037234018,
            "rosiglitazone": 0.8349381237031059,
            "diag_2": -0.5282769207141972,
            "pioglitazone": 0.525893161974591,
            "glyburide": 0.48513465325586086,
            "glyburide-metformin": 0.48293314893008155,
            "number_outpatient": 0.44959742606980097,
            "race": 0.4363366248797043,
            "glimepiride": 0.32128559527780925,
            "acarbose": 0.3062024278969853,
            "glipizide": -0.2859594424624551,
            "change": 0.05373117644497901,
            "admission_type_id": -0.0195603829732297,
            "repaglinide": 0.018898857066062664,
            "acetohexamide": 0.0,
            "nateglinide": 0.0,
            "chlorpropamide": 0.0,
            "tolazamide": 0.0,
            "troglitazone": 0.0,
            "miglitol": 0.0,
            "tolbutamide": 0.0,
            "glimepiride-pioglitazone": 0.0,
            "glipizide-metformin": 0.0,
            "metformin-pioglitazone": 0.0,
            "metformin-rosiglitazone": 0.0
        },
        "Lime": {
            "race": 0.0,
            "gender": 0.0,
            "age": 1.7955411034315347,
            "admission_type_id": 0.0,
            "discharge_disposition_id": -5.348173774185465,
            "admission_source_id": 0.0,
            "time_in_hospital": 0.0,
            "payer_code": -3.512910549156903,
            "medical_specialty": 1.7166040176903177,
            "num_lab_procedures": -2.221730250296739,
            "num_procedures": 0.0,
            "num_medications": 0.0,
            "number_outpatient": -3.1754709023070435,
            "number_emergency": -5.56191908568062,
            "number_inpatient": 6.482314043197851,
            "diag_1": 8.296007066398824,
            "diag_2": -4.875130328499081,
            "diag_3": 0.0,
            "number_diagnoses": 1.2934877408359575,
            "metformin": 3.525691778017014,
            "repaglinide": 2.022863539792668,
            "nateglinide": -2.7955291729553085,
            "chlorpropamide": 5.367116310103351,
            "glimepiride": 5.530006695611965,
            "acetohexamide": 0.0,
            "glipizide": 0.0,
            "glyburide": 8.235521952856493,
            "tolbutamide": 0.0,
            "pioglitazone": 5.286993381305144,
            "rosiglitazone": 3.9032160342987137,
            "acarbose": -5.466953369163434,
            "miglitol": 4.71534435838897,
            "troglitazone": 0.0,
            "tolazamide": -4.328183400202347,
            "insulin": 0.0,
            "glyburide-metformin": 0.0,
            "glipizide-metformin": 0.0,
            "glimepiride-pioglitazone": 0.0,
            "metformin-rosiglitazone": 0.0,
            "metformin-pioglitazone": 0.0,
            "change": 0.0,
            "diabetesMed": 4.543291145624254
        },
        "Inherent": {
            "race": 0.6831396222114563,
            "gender": -2.812253952026367,
            "age": 8.329580307006836,
            "admission_type_id": 0.07821676135063171,
            "discharge_disposition_id": -11.908223152160645,
            "admission_source_id": 0.39826276898384094,
            "time_in_hospital": -2.1910433769226074,
            "payer_code": -10.761198043823242,
            "medical_specialty": 2.9274539947509766,
            "num_lab_procedures": -1.2249386310577393,
            "num_procedures": 0.9022696614265442,
            "num_medications": -12.378045082092285,
            "number_outpatient": 0.3035913407802582,
            "number_emergency": -3.272624969482422,
            "number_inpatient": 15.6188325881958,
            "diag_1": 1.1679167747497559,
            "diag_2": -1.5589659214019775,
            "diag_3": -6.320648670196533,
            "number_diagnoses": 3.345362424850464,
            "metformin": 2.0166995525360107,
            "repaglinide": 0.007313188631087542,
            "nateglinide": 0.008598382584750652,
            "chlorpropamide": 0.020859703421592712,
            "glimepiride": 0.21039243042469025,
            "acetohexamide": 0.0,
            "glipizide": -0.2907620370388031,
            "glyburide": 0.3782835602760315,
            "tolbutamide": 0.0,
            "pioglitazone": 0.6107432842254639,
            "rosiglitazone": 0.4593430161476135,
            "acarbose": 0.04309602826833725,
            "miglitol": 0.0,
            "troglitazone": 0.0,
            "tolazamide": 0.0,
            "insulin": 7.441579341888428,
            "glyburide-metformin": 0.09109315276145935,
            "glipizide-metformin": 0.0,
            "glimepiride-pioglitazone": 0.0,
            "metformin-rosiglitazone": 0.0,
            "metformin-pioglitazone": 0.0,
            "change": 0.059670884162187576,
            "diabetesMed": 2.1790013313293457
        }
    }
}