{
    "LogisticRegression": {
        "SHAP": {
            "diabetesMed": -22.622493350711096,
            "number_inpatient": -17.05396728918339,
            "time_in_hospital": -8.890405875037716,
            "age": -5.943234175742706,
            "num_medications": -4.7858710816275885,
            "diag_1": 4.610957055289457,
            "discharge_disposition_id": -4.541163610905092,
            "payer_code": 4.121551653046546,
            "metformin": 3.414383230254832,
            "number_diagnoses": 3.1441793148167725,
            "num_procedures": 3.1302995714362973,
            "diag_2": -2.8374920561480867,
            "change": -2.813294237825795,
            "number_emergency": -2.402762101436462,
            "insulin": 1.7870141026652842,
            "glimepiride": 1.448216377129842,
            "gender": -1.0562149609744824,
            "admission_type_id": 0.986437164302589,
            "diag_3": 0.9335383269074907,
            "num_lab_procedures": 0.5114953628775624,
            "glyburide": 0.5109914702803688,
            "pioglitazone": 0.4676296959552497,
            "rosiglitazone": 0.4555535043974347,
            "number_outpatient": -0.3759762516638733,
            "admission_source_id": -0.2651742077705433,
            "glyburide-metformin": 0.20415596664215338,
            "acarbose": 0.1957845728773589,
            "medical_specialty": 0.09259675012468531,
            "glipizide": 0.0883603781999073,
            "glipizide-metformin": -0.08167492975023298,
            "chlorpropamide": -0.05438243002434366,
            "race": 0.029449176952200264,
            "tolazamide": 0.02725327596586718,
            "tolbutamide": -0.023925869060922617,
            "troglitazone": -0.021381232673246316,
            "repaglinide": 0.014146934309013589,
            "miglitol": -0.014112914580229797,
            "metformin-rosiglitazone": -0.01388424651781628,
            "acetohexamide": -0.007853185581171207,
            "nateglinide": 0.007186785859781223,
            "glimepiride-pioglitazone": -0.007047142030107158,
            "metformin-pioglitazone": -0.006508180464418513
        },
        "Lime": {
            "race": -28.44703020118326,
            "gender": 0.0,
            "age": 0.0,
            "admission_type_id": 0.0,
            "discharge_disposition_id": -14.853119387225416,
            "admission_source_id": 0.0,
            "time_in_hospital": -11.10588234838424,
            "payer_code": 0.0,
            "medical_specialty": 0.0,
            "num_lab_procedures": 0.0,
            "num_procedures": 0.0,
            "num_medications": 0.0,
            "number_outpatient": 0.0,
            "number_emergency": -21.839439210030655,
            "number_inpatient": -7.519196824336541,
            "diag_1": 0.0,
            "diag_2": 0.0,
            "diag_3": 0.0,
            "number_diagnoses": 16.235332028839892,
            "metformin": 0.0,
            "repaglinide": 0.0,
            "nateglinide": 0.0,
            "chlorpropamide": 0.0,
            "glimepiride": 0.0,
            "acetohexamide": 0.0,
            "glipizide": 0.0,
            "glyburide": 0.0,
            "tolbutamide": 0.0,
            "pioglitazone": 0.0,
            "rosiglitazone": 0.0,
            "acarbose": 0.0,
            "miglitol": 0.0,
            "troglitazone": 0.0,
            "tolazamide": 0.0,
            "insulin": 0.0,
            "glyburide-metformin": 0.0,
            "glipizide-metformin": 0.0,
            "glimepiride-pioglitazone": 0.0,
            "metformin-rosiglitazone": 0.0,
            "metformin-pioglitazone": 0.0,
            "change": 0.0,
            "diabetesMed": 0.0
        },
        "Inherent": {
            "number_diagnoses": 5.121185460578519,
            "diag_1": 4.370106582618659,
            "payer_code": 3.6973308736785926,
            "num_procedures": 3.020745627619383,
            "metformin": 2.957767178016454,
            "insulin": 1.9946886918271862,
            "admission_type_id": 0.98298033949786,
            "glimepiride": 0.9330574663989772,
            "diag_3": 0.8611126147174735,
            "pioglitazone": 0.5537635292321961,
            "glyburide": 0.5044326735024264,
            "num_lab_procedures": 0.4884159745264731,
            "rosiglitazone": 0.359834678136174,
            "glyburide-metformin": 0.08977795097163799,
            "medical_specialty": 0.07793016611907813,
            "glipizide": 0.06897416752633304,
            "tolazamide": 0.0366680932859236,
            "race": 0.035477796850549845,
            "nateglinide": 0.019990345411317785,
            "troglitazone": -0.0,
            "glipizide-metformin": -0.0,
            "glimepiride-pioglitazone": -0.0,
            "metformin-rosiglitazone": -0.0,
            "miglitol": -0.0,
            "chlorpropamide": -0.0,
            "repaglinide": 0.0,
            "metformin-pioglitazone": -0.0,
            "acetohexamide": -0.0,
            "tolbutamide": -0.0,
            "acarbose": -0.0,
            "number_outpatient": -0.3323963876083384,
            "admission_source_id": -0.4893962529747701,
            "gender": -1.1088268411817301,
            "number_emergency": -2.2411742786694306,
            "change": -2.6349110782742136,
            "diag_2": -2.681485347406727,
            "num_medications": -4.223598631329211,
            "discharge_disposition_id": -4.9717770871277915,
            "age": -5.193719457750222,
            "time_in_hospital": -7.596442138122142,
            "number_inpatient": -19.036298084874566,
            "diabetesMed": -23.31573420416563
        }
    },
    "DecisionTree": {
        "SHAP": {
            "discharge_disposition_id": 58.40589893454295,
            "payer_code": 22.01598615964947,
            "number_inpatient": -12.649363507992295,
            "diag_1": 3.488342586040856,
            "number_diagnoses": 2.0906636839446278,
            "num_medications": -0.6423072045869639,
            "medical_specialty": 0.5739119491501928,
            "admission_source_id": 0.1335259740926537,
            "gender": 0.0,
            "race": 0.0,
            "num_lab_procedures": 0.0,
            "time_in_hospital": 0.0,
            "admission_type_id": 0.0,
            "age": 0.0,
            "number_emergency": 0.0,
            "number_outpatient": 0.0,
            "diag_2": 0.0,
            "num_procedures": 0.0,
            "diag_3": 0.0,
            "metformin": 0.0,
            "repaglinide": 0.0,
            "nateglinide": 0.0,
            "chlorpropamide": 0.0,
            "glimepiride": 0.0,
            "acetohexamide": 0.0,
            "glipizide": 0.0,
            "glyburide": 0.0,
            "tolbutamide": 0.0,
            "pioglitazone": 0.0,
            "rosiglitazone": 0.0,
            "acarbose": 0.0,
            "miglitol": 0.0,
            "troglitazone": 0.0,
            "tolazamide": 0.0,
            "insulin": 0.0,
            "glyburide-metformin": 0.0,
            "glipizide-metformin": 0.0,
            "glimepiride-pioglitazone": 0.0,
            "metformin-rosiglitazone": 0.0,
            "metformin-pioglitazone": 0.0,
            "change": 0.0,
            "diabetesMed": 0.0
        },
        "Lime": {
            "race": 0.0,
            "gender": 0.0,
            "age": 0.0,
            "admission_type_id": 0.0,
            "discharge_disposition_id": 29.706260613624014,
            "admission_source_id": 0.0,
            "time_in_hospital": 0.0,
            "payer_code": 0.0,
            "medical_specialty": 0.0,
            "num_lab_procedures": 0.0,
            "num_procedures": 0.0,
            "num_medications": 0.0,
            "number_outpatient": 0.0,
            "number_emergency": 0.0,
            "number_inpatient": -32.986127002442196,
            "diag_1": 5.685552369272862,
            "diag_2": 0.0,
            "diag_3": 0.0,
            "number_diagnoses": 0.0,
            "metformin": 0.0,
            "repaglinide": 0.0,
            "nateglinide": 4.7706952500817055,
            "chlorpropamide": 0.0,
            "glimepiride": 0.0,
            "acetohexamide": 0.0,
            "glipizide": 0.0,
            "glyburide": -10.749717009104682,
            "tolbutamide": 5.013241692125956,
            "pioglitazone": 0.0,
            "rosiglitazone": 0.0,
            "acarbose": -11.088406063348579,
            "miglitol": 0.0,
            "troglitazone": 0.0,
            "tolazamide": 0.0,
            "insulin": 0.0,
            "glyburide-metformin": 0.0,
            "glipizide-metformin": 0.0,
            "glimepiride-pioglitazone": 0.0,
            "metformin-rosiglitazone": 0.0,
            "metformin-pioglitazone": 0.0,
            "change": 0.0,
            "diabetesMed": 0.0
        },
        "Inherent": {
            "discharge_disposition_id": 47.01241800020962,
            "payer_code": 32.571767198701664,
            "number_inpatient": -20.415814801088715,
            "gender": 0.0,
            "admission_type_id": 0.0,
            "race": 0.0,
            "admission_source_id": 0.0,
            "time_in_hospital": 0.0,
            "medical_specialty": 0.0,
            "age": 0.0,
            "num_lab_procedures": 0.0,
            "num_procedures": 0.0,
            "number_outpatient": 0.0,
            "num_medications": 0.0,
            "number_emergency": 0.0,
            "diag_1": 0.0,
            "diag_2": 0.0,
            "diag_3": 0.0,
            "number_diagnoses": 0.0,
            "metformin": 0.0,
            "repaglinide": 0.0,
            "nateglinide": 0.0,
            "chlorpropamide": 0.0,
            "glimepiride": 0.0,
            "acetohexamide": 0.0,
            "glipizide": 0.0,
            "glyburide": 0.0,
            "tolbutamide": 0.0,
            "pioglitazone": 0.0,
            "rosiglitazone": 0.0,
            "acarbose": 0.0,
            "miglitol": 0.0,
            "troglitazone": 0.0,
            "tolazamide": 0.0,
            "insulin": 0.0,
            "glyburide-metformin": 0.0,
            "glipizide-metformin": 0.0,
            "glimepiride-pioglitazone": 0.0,
            "metformin-rosiglitazone": 0.0,
            "metformin-pioglitazone": 0.0,
            "change": 0.0,
            "diabetesMed": 0.0
        }
    },
    "XGBOOST": {
        "SHAP": {
            "discharge_disposition_id": 28.200369105191825,
            "number_inpatient": -11.968090324434279,
            "diag_1": 10.270857083663607,
            "payer_code": 9.964196283053175,
            "diabetesMed": -6.37144358526832,
            "diag_2": -4.918321687265075,
            "num_medications": -4.661337554621568,
            "time_in_hospital": -3.714735070441385,
            "medical_specialty": 3.6960292847401,
            "number_emergency": -2.609133859782469,
            "age": -2.3766295523975574,
            "metformin": 1.586377973612709,
            "number_diagnoses": 1.5114912998728067,
            "number_outpatient": 1.2258626993714297,
            "gender": -1.1195068699238486,
            "insulin": -1.042635693234095,
            "glimepiride": 0.7877291050340698,
            "rosiglitazone": 0.6726953929823968,
            "num_lab_procedures": 0.5969095154537031,
            "num_procedures": 0.5824844085083747,
            "race": 0.3819171003897073,
            "glyburide-metformin": 0.3599250107403289,
            "glipizide": -0.3592832352890362,
            "pioglitazone": 0.2806097476666294,
            "acarbose": 0.2111762279973741,
            "admission_type_id": 0.13634987154493625,
            "glyburide": 0.11575348634564897,
            "admission_source_id": -0.10054794997442484,
            "diag_3": 0.08962744669794846,
            "change": 0.0713250283357538,
            "repaglinide": 0.01664854616543434,
            "acetohexamide": 0.0,
            "nateglinide": 0.0,
            "chlorpropamide": 0.0,
            "tolazamide": 0.0,
            "troglitazone": 0.0,
            "miglitol": 0.0,
            "tolbutamide": 0.0,
            "glimepiride-pioglitazone": 0.0,
            "glipizide-metformin": 0.0,
            "metformin-pioglitazone": 0.0,
            "metformin-rosiglitazone": 0.0
        },
        "Lime": {
            "race": 1.6491920539769007,
            "gender": 0.0,
            "age": -1.7929452385871463,
            "admission_type_id": 0.0,
            "discharge_disposition_id": 14.070411073492082,
            "admission_source_id": 0.0,
            "time_in_hospital": -2.6066887013685336,
            "payer_code": 2.348526157905737,
            "medical_specialty": 0.0,
            "num_lab_procedures": 0.0,
            "num_procedures": 0.0,
            "num_medications": -1.2584253181240985,
            "number_outpatient": 0.0,
            "number_emergency": -5.757504415563287,
            "number_inpatient": -14.658279280020652,
            "diag_1": 8.96388469437132,
            "diag_2": 1.493857248671515,
            "diag_3": -5.986151401604344,
            "number_diagnoses": 1.8803576169760334,
            "metformin": 1.6070366727925598,
            "repaglinide": 0.0,
            "nateglinide": 3.3841825430898655,
            "chlorpropamide": 0.0,
            "glimepiride": 4.198018646201897,
            "acetohexamide": 0.0,
            "glipizide": 0.0,
            "glyburide": 3.8286530456548284,
            "tolbutamide": 1.6115735517858345,
            "pioglitazone": 3.932031179427982,
            "rosiglitazone": 4.075946595237047,
            "acarbose": 8.331731848912192,
            "miglitol": 0.0,
            "troglitazone": 0.0,
            "tolazamide": 0.0,
            "insulin": 0.0,
            "glyburide-metformin": 0.0,
            "glipizide-metformin": 0.0,
            "glimepiride-pioglitazone": 0.0,
            "metformin-rosiglitazone": 0.0,
            "metformin-pioglitazone": 0.0,
            "change": 0.0,
            "diabetesMed": -6.564602716236139
        },
        "Inherent": {
            "race": 0.5965608358383179,
            "gender": -1.2048591375350952,
            "age": -2.869236946105957,
            "admission_type_id": 0.1454157829284668,
            "discharge_disposition_id": 27.475553512573242,
            "admission_source_id": -0.6293594837188721,
            "time_in_hospital": -3.95060658454895,
            "payer_code": 7.916483402252197,
            "medical_specialty": 2.777794599533081,
            "num_lab_procedures": 0.29075077176094055,
            "num_procedures": 1.0529053211212158,
            "num_medications": -5.793942451477051,
            "number_outpatient": 0.8268933892250061,
            "number_emergency": -2.557744264602661,
            "number_inpatient": -15.923712730407715,
            "diag_1": 8.289406776428223,
            "diag_2": -4.488491058349609,
            "diag_3": -0.7150806188583374,
            "number_diagnoses": 2.5754151344299316,
            "metformin": 1.3221542835235596,
            "repaglinide": 0.002712892135605216,
            "nateglinide": 0.00012801216507796198,
            "chlorpropamide": 0.016068974509835243,
            "glimepiride": 0.3750949501991272,
            "acetohexamide": 0.0,
            "glipizide": -0.3381897509098053,
            "glyburide": 0.18198513984680176,
            "tolbutamide": 0.0,
            "pioglitazone": 0.26199111342430115,
            "rosiglitazone": 0.3346252143383026,
            "acarbose": 0.020336931571364403,
            "miglitol": 0.0,
            "troglitazone": 0.0,
            "tolazamide": 0.0,
            "insulin": -1.0855523347854614,
            "glyburide-metformin": 0.06354588270187378,
            "glipizide-metformin": 0.0,
            "glimepiride-pioglitazone": 0.0,
            "metformin-rosiglitazone": 0.0,
            "metformin-pioglitazone": 0.0,
            "change": -0.014469876885414124,
            "diabetesMed": -5.902946949005127
        }
    }
}