{
    "LogisticRegression": {
        "SHAP": {
            "number_inpatient": 28.742285497048886,
            "number_diagnoses": 9.904466807695254,
            "insulin": -9.36706654804453,
            "time_in_hospital": -7.8468171971735545,
            "diabetesMed": 7.8310849701088605,
            "age": -7.094512391365859,
            "change": 4.149117537115532,
            "metformin": 4.075791634592217,
            "num_procedures": 3.7366774455705833,
            "number_emergency": -2.868206938861704,
            "discharge_disposition_id": -1.9988225936779465,
            "glimepiride": 1.728753861804996,
            "gender": 1.7248635674298962,
            "payer_code": -1.6722814878384316,
            "num_lab_procedures": -1.1851054240978613,
            "admission_type_id": 1.177522284753985,
            "num_medications": 0.8979855795897478,
            "glyburide": 0.6099768594989449,
            "pioglitazone": 0.5582153713656385,
            "diag_2": -0.5533054863203616,
            "rosiglitazone": 0.5437998716370382,
            "admission_source_id": -0.31654174263857726,
            "glyburide-metformin": 0.24370351096472354,
            "acarbose": 0.2337104743383457,
            "number_outpatient": 0.16821832555545038,
            "diag_1": 0.15699280892714734,
            "medical_specialty": 0.11053388975333348,
            "glipizide": 0.10547688001317528,
            "glipizide-metformin": -0.09749637723210743,
            "chlorpropamide": -0.06491698160826358,
            "race": 0.03515384799334475,
            "tolazamide": 0.032532573734736926,
            "diag_3": 0.029537095108975148,
            "tolbutamide": -0.028560606819047377,
            "troglitazone": -0.02552304278403542,
            "repaglinide": 0.016887371048709073,
            "miglitol": -0.016846761276273624,
            "metformin-rosiglitazone": -0.0165737973723905,
            "acetohexamide": -0.009374445086601754,
            "nateglinide": 0.008578955469130439,
            "glimepiride-pioglitazone": -0.00841226089666281,
            "metformin-pioglitazone": -0.007768895787164966
        },
        "Lime": {
            "race": -17.89088759161992,
            "gender": 0.0,
            "age": 0.0,
            "admission_type_id": 0.0,
            "discharge_disposition_id": -9.380995416470325,
            "admission_source_id": 0.0,
            "time_in_hospital": 0.0,
            "payer_code": 0.0,
            "medical_specialty": 0.0,
            "num_lab_procedures": 0.0,
            "num_procedures": 0.0,
            "num_medications": 0.0,
            "number_outpatient": 0.0,
            "number_emergency": -14.225496979945792,
            "number_inpatient": 58.50262001196397,
            "diag_1": 0.0,
            "diag_2": 0.0,
            "diag_3": 0.0,
            "number_diagnoses": 0.0,
            "metformin": 0.0,
            "repaglinide": 0.0,
            "nateglinide": 0.0,
            "chlorpropamide": 0.0,
            "glimepiride": 0.0,
            "acetohexamide": 0.0,
            "glipizide": 0.0,
            "glyburide": 0.0,
            "tolbutamide": 0.0,
            "pioglitazone": 0.0,
            "rosiglitazone": 0.0,
            "acarbose": 0.0,
            "miglitol": 0.0,
            "troglitazone": 0.0,
            "tolazamide": 0.0,
            "insulin": 0.0,
            "glyburide-metformin": 0.0,
            "glipizide-metformin": 0.0,
            "glimepiride-pioglitazone": 0.0,
            "metformin-rosiglitazone": 0.0,
            "metformin-pioglitazone": 0.0,
            "change": 0.0,
            "diabetesMed": 0.0
        },
        "Inherent": {
            "number_inpatient": 26.974787868667356,
            "number_diagnoses": 13.002640315766135,
            "diabetesMed": 6.561718515316758,
            "change": 4.47798063456121,
            "num_procedures": 3.8727904893707565,
            "metformin": 3.7920480599429083,
            "gender": 1.7027805604873256,
            "num_medications": 1.503097794440456,
            "admission_type_id": 1.2602441182860895,
            "glimepiride": 1.196239778969447,
            "pioglitazone": 0.7099605176159697,
            "glyburide": 0.646715182703961,
            "rosiglitazone": 0.461331237721534,
            "number_outpatient": 0.21953366330275492,
            "glyburide-metformin": 0.1151011165915898,
            "medical_specialty": 0.09991149318286027,
            "glipizide": 0.08842932604648482,
            "tolazamide": 0.04701085773084424,
            "race": 0.04548482102245702,
            "nateglinide": 0.025628910584305137,
            "diag_1": 0.007213768029869336,
            "miglitol": -0.0,
            "repaglinide": 0.0,
            "chlorpropamide": -0.0,
            "troglitazone": -0.0,
            "acetohexamide": -0.0,
            "metformin-pioglitazone": -0.0,
            "glimepiride-pioglitazone": -0.0,
            "metformin-rosiglitazone": -0.0,
            "glipizide-metformin": -0.0,
            "acarbose": -0.0,
            "tolbutamide": -0.0,
            "diag_3": -0.031229096647236144,
            "diag_2": -0.4723583740017301,
            "admission_source_id": -0.6274375229496113,
            "num_lab_procedures": -1.2529141606314047,
            "payer_code": -2.158227407181831,
            "discharge_disposition_id": -2.7931618167224435,
            "number_emergency": -2.8733298004617605,
            "age": -6.6586829213708665,
            "time_in_hospital": -6.844885035640061,
            "insulin": -9.47712483405197
        }
    },
    "DecisionTree": {
        "SHAP": {
            "discharge_disposition_id": 62.282485797299714,
            "payer_code": -24.41608004695076,
            "num_medications": -4.489076048507046,
            "number_diagnoses": 2.410075016449208,
            "diag_1": -2.3302578427590603,
            "number_inpatient": 1.4211929333739852,
            "medical_specialty": 1.2729550065983366,
            "admission_source_id": 0.8884948510724842,
            "number_emergency": -0.48938245698940525,
            "gender": 0.0,
            "num_lab_procedures": 0.0,
            "time_in_hospital": 0.0,
            "admission_type_id": 0.0,
            "age": 0.0,
            "race": 0.0,
            "number_outpatient": 0.0,
            "diag_2": 0.0,
            "num_procedures": 0.0,
            "diag_3": 0.0,
            "metformin": 0.0,
            "repaglinide": 0.0,
            "nateglinide": 0.0,
            "chlorpropamide": 0.0,
            "glimepiride": 0.0,
            "acetohexamide": 0.0,
            "glipizide": 0.0,
            "glyburide": 0.0,
            "tolbutamide": 0.0,
            "pioglitazone": 0.0,
            "rosiglitazone": 0.0,
            "acarbose": 0.0,
            "miglitol": 0.0,
            "troglitazone": 0.0,
            "tolazamide": 0.0,
            "insulin": 0.0,
            "glyburide-metformin": 0.0,
            "glipizide-metformin": 0.0,
            "glimepiride-pioglitazone": 0.0,
            "metformin-rosiglitazone": 0.0,
            "metformin-pioglitazone": 0.0,
            "change": 0.0,
            "diabetesMed": 0.0
        },
        "Lime": {
            "race": 0.0,
            "gender": 0.0,
            "age": 0.0,
            "admission_type_id": 0.0,
            "discharge_disposition_id": 26.85135658832229,
            "admission_source_id": 0.0,
            "time_in_hospital": 0.0,
            "payer_code": -4.7157110773698285,
            "medical_specialty": 0.0,
            "num_lab_procedures": 0.0,
            "num_procedures": 0.0,
            "num_medications": 0.0,
            "number_outpatient": 0.0,
            "number_emergency": 0.0,
            "number_inpatient": 6.107723446956738,
            "diag_1": -10.537640981066312,
            "diag_2": 0.0,
            "diag_3": 0.0,
            "number_diagnoses": 4.580811681419732,
            "metformin": 5.889231534690788,
            "repaglinide": 10.83857178352467,
            "nateglinide": -4.871259394245073,
            "chlorpropamide": 5.498151666825079,
            "glimepiride": 0.0,
            "acetohexamide": 5.580236777289368,
            "glipizide": -8.48091685129377,
            "glyburide": 0.0,
            "tolbutamide": 0.0,
            "pioglitazone": 0.0,
            "rosiglitazone": -6.048388216996355,
            "acarbose": 0.0,
            "miglitol": 0.0,
            "troglitazone": 0.0,
            "tolazamide": 0.0,
            "insulin": 0.0,
            "glyburide-metformin": 0.0,
            "glipizide-metformin": 0.0,
            "glimepiride-pioglitazone": 0.0,
            "metformin-rosiglitazone": 0.0,
            "metformin-pioglitazone": 0.0,
            "change": 0.0,
            "diabetesMed": 0.0
        },
        "Inherent": {
            "discharge_disposition_id": 55.085362477113875,
            "number_inpatient": -23.921606384478753,
            "payer_code": -20.993031138407375,
            "gender": 0.0,
            "admission_type_id": 0.0,
            "race": 0.0,
            "admission_source_id": 0.0,
            "time_in_hospital": 0.0,
            "medical_specialty": 0.0,
            "age": 0.0,
            "num_lab_procedures": 0.0,
            "num_procedures": 0.0,
            "number_outpatient": 0.0,
            "num_medications": 0.0,
            "number_emergency": 0.0,
            "diag_1": 0.0,
            "diag_2": 0.0,
            "diag_3": 0.0,
            "number_diagnoses": 0.0,
            "metformin": 0.0,
            "repaglinide": 0.0,
            "nateglinide": 0.0,
            "chlorpropamide": 0.0,
            "glimepiride": 0.0,
            "acetohexamide": 0.0,
            "glipizide": 0.0,
            "glyburide": 0.0,
            "tolbutamide": 0.0,
            "pioglitazone": 0.0,
            "rosiglitazone": 0.0,
            "acarbose": 0.0,
            "miglitol": 0.0,
            "troglitazone": 0.0,
            "tolazamide": 0.0,
            "insulin": 0.0,
            "glyburide-metformin": 0.0,
            "glipizide-metformin": 0.0,
            "glimepiride-pioglitazone": 0.0,
            "metformin-rosiglitazone": 0.0,
            "metformin-pioglitazone": 0.0,
            "change": 0.0,
            "diabetesMed": 0.0
        }
    },
    "XGBOOST": {
        "SHAP": {
            "discharge_disposition_id": 21.668817077105633,
            "number_inpatient": 14.471753018915493,
            "payer_code": -10.98596458854519,
            "num_medications": 6.549461071619646,
            "age": -6.087749819875962,
            "diag_1": -5.191523583047699,
            "diabetesMed": 4.107911209634299,
            "number_emergency": -3.8265149456313874,
            "diag_2": -3.698510603708844,
            "num_lab_procedures": -3.49006277794974,
            "diag_3": -2.9229670574289597,
            "metformin": 2.5662160261692235,
            "time_in_hospital": -2.5378772556072966,
            "gender": 2.4029383259787456,
            "number_diagnoses": 1.8021548335294422,
            "insulin": -1.0821180334626825,
            "admission_source_id": 1.0170651032794764,
            "glimepiride": 0.8224213722023566,
            "admission_type_id": 0.8119642660405874,
            "pioglitazone": 0.4829722078216835,
            "race": 0.45858749785825015,
            "num_procedures": 0.4547691141930633,
            "glipizide": -0.45131302584936445,
            "number_outpatient": -0.4337778629074367,
            "medical_specialty": -0.39593881242124324,
            "acarbose": 0.3841710963561832,
            "glyburide-metformin": 0.316024662947533,
            "glyburide": 0.30831788641758684,
            "rosiglitazone": 0.20637351747893362,
            "change": 0.03916044490104048,
            "repaglinide": 0.024602901115021957,
            "acetohexamide": 0.0,
            "nateglinide": 0.0,
            "chlorpropamide": 0.0,
            "tolazamide": 0.0,
            "troglitazone": 0.0,
            "miglitol": 0.0,
            "tolbutamide": 0.0,
            "glimepiride-pioglitazone": 0.0,
            "glipizide-metformin": 0.0,
            "metformin-pioglitazone": 0.0,
            "metformin-rosiglitazone": 0.0
        },
        "Lime": {
            "race": 1.3675972424335499,
            "gender": 0.0,
            "age": -1.8613553676779577,
            "admission_type_id": 0.0,
            "discharge_disposition_id": 16.179955186697743,
            "admission_source_id": 0.0,
            "time_in_hospital": -2.7957489413289065,
            "payer_code": -3.988548546885436,
            "medical_specialty": 0.0,
            "num_lab_procedures": 0.0,
            "num_procedures": 0.0,
            "num_medications": 4.886670302341882,
            "number_outpatient": 1.4265804185409825,
            "number_emergency": -5.683628091692613,
            "number_inpatient": 7.958264900599457,
            "diag_1": -8.094147987749945,
            "diag_2": -2.009552812261494,
            "diag_3": -1.8867599114001135,
            "number_diagnoses": 1.23176469391051,
            "metformin": 5.915163415122947,
            "repaglinide": 7.321295714694714,
            "nateglinide": 0.0,
            "chlorpropamide": 0.0,
            "glimepiride": 0.0,
            "acetohexamide": 0.0,
            "glipizide": 2.808075577582843,
            "glyburide": 0.0,
            "tolbutamide": 3.087460886351854,
            "pioglitazone": 3.3329003369350434,
            "rosiglitazone": 0.0,
            "acarbose": 8.403231962163622,
            "miglitol": 0.0,
            "troglitazone": 0.0,
            "tolazamide": -6.583318340039308,
            "insulin": 0.0,
            "glyburide-metformin": 0.0,
            "glipizide-metformin": 0.0,
            "glimepiride-pioglitazone": 0.0,
            "metformin-rosiglitazone": 0.0,
            "metformin-pioglitazone": 0.0,
            "change": 0.0,
            "diabetesMed": 3.1779793635890647
        },
        "Inherent": {
            "race": 0.716446578502655,
            "gender": 2.1458311080932617,
            "age": -6.447185516357422,
            "admission_type_id": 0.888128399848938,
            "discharge_disposition_id": 22.222339630126953,
            "admission_source_id": 0.6767614483833313,
            "time_in_hospital": -3.613860607147217,
            "payer_code": -12.59339714050293,
            "medical_specialty": -0.7267357110977173,
            "num_lab_procedures": -3.410682439804077,
            "num_procedures": 0.5869305729866028,
            "num_medications": 4.016565322875977,
            "number_outpatient": -0.627479076385498,
            "number_emergency": -4.052309513092041,
            "number_inpatient": 8.978865623474121,
            "diag_1": -7.084167957305908,
            "diag_2": -4.3778276443481445,
            "diag_3": -5.383752346038818,
            "number_diagnoses": 2.5288491249084473,
            "metformin": 2.271043062210083,
            "repaglinide": 0.0007429575198329985,
            "nateglinide": -0.029870059341192245,
            "chlorpropamide": 0.021297501400113106,
            "glimepiride": 0.4077027440071106,
            "acetohexamide": 0.0,
            "glipizide": -0.4074195325374603,
            "glyburide": 0.4931909441947937,
            "tolbutamide": 0.0,
            "pioglitazone": 0.5942935943603516,
            "rosiglitazone": 0.1200338825583458,
            "acarbose": 0.053590402007102966,
            "miglitol": 0.0,
            "troglitazone": 0.0,
            "tolazamide": 0.0,
            "insulin": -1.2557696104049683,
            "glyburide-metformin": 0.04033903405070305,
            "glipizide-metformin": 0.0,
            "glimepiride-pioglitazone": 0.0,
            "metformin-rosiglitazone": 0.0,
            "metformin-pioglitazone": 0.0,
            "change": 0.09778686612844467,
            "diabetesMed": 3.128812551498413
        }
    }
}