{
    "LogisticRegression": {
        "SHAP": {
            "metformin": 17.191994697207942,
            "number_diagnoses": -16.480010794056184,
            "number_inpatient": -16.089496436791034,
            "discharge_disposition_id": -6.988923217632134,
            "diabetesMed": 6.189267504875702,
            "num_medications": 5.934649518350836,
            "time_in_hospital": -4.015785367257517,
            "payer_code": 3.8884612308247224,
            "change": 3.2792388850841556,
            "diag_2": -3.2140955296039087,
            "diag_1": -3.1596236350988427,
            "number_emergency": -2.266876182765896,
            "num_procedures": -2.0254159250459676,
            "insulin": 1.6859512247079718,
            "glimepiride": 1.366313881363658,
            "gender": -0.9964817313718476,
            "age": -0.9720420892162303,
            "admission_type_id": 0.930650151430233,
            "diag_3": -0.5090472763677357,
            "glyburide": 0.48209283510947143,
            "pioglitazone": 0.4411833445688485,
            "rosiglitazone": 0.42979011050520005,
            "number_outpatient": -0.35471327339185965,
            "admission_source_id": -0.2501775333977048,
            "glyburide-metformin": 0.192610120691503,
            "acarbose": 0.1847121631156687,
            "medical_specialty": 0.08736002924870705,
            "glipizide": 0.08336324129709248,
            "glipizide-metformin": -0.07705588200729195,
            "chlorpropamide": -0.05130688356929604,
            "race": 0.02778370684101056,
            "tolazamide": 0.025711992940306582,
            "tolbutamide": -0.02257276435888347,
            "troglitazone": -0.020172037454803247,
            "num_lab_procedures": -0.018330011793790416,
            "repaglinide": 0.013346867933818478,
            "miglitol": -0.013314772158344899,
            "metformin-rosiglitazone": -0.013099036200076481,
            "acetohexamide": -0.007409056161721019,
            "nateglinide": 0.006780344040900707,
            "glimepiride-pioglitazone": -0.006648597634808692,
            "metformin-pioglitazone": -0.006140116526356301
        },
        "Lime": {
            "race": 0.0,
            "gender": 0.0,
            "age": 0.0,
            "admission_type_id": 0.0,
            "discharge_disposition_id": -23.939062234299527,
            "admission_source_id": 0.0,
            "time_in_hospital": 0.0,
            "payer_code": 0.0,
            "medical_specialty": 0.0,
            "num_lab_procedures": 0.0,
            "num_procedures": -12.104391197197176,
            "num_medications": 0.0,
            "number_outpatient": 0.0,
            "number_emergency": -35.32548432857351,
            "number_inpatient": 0.0,
            "diag_1": 0.0,
            "diag_2": 0.0,
            "diag_3": 0.0,
            "number_diagnoses": -28.631062239929793,
            "metformin": 0.0,
            "repaglinide": 0.0,
            "nateglinide": 0.0,
            "chlorpropamide": 0.0,
            "glimepiride": 0.0,
            "acetohexamide": 0.0,
            "glipizide": 0.0,
            "glyburide": 0.0,
            "tolbutamide": 0.0,
            "pioglitazone": 0.0,
            "rosiglitazone": 0.0,
            "acarbose": 0.0,
            "miglitol": 0.0,
            "troglitazone": 0.0,
            "tolazamide": 0.0,
            "insulin": 0.0,
            "glyburide-metformin": 0.0,
            "glipizide-metformin": 0.0,
            "glimepiride-pioglitazone": 0.0,
            "metformin-rosiglitazone": 0.0,
            "metformin-pioglitazone": 0.0,
            "change": 0.0,
            "diabetesMed": 0.0
        },
        "Inherent": {
            "metformin": 17.266915882243474,
            "num_medications": 6.523454958941896,
            "diabetesMed": 5.083061340362306,
            "payer_code": 3.6720274526499432,
            "change": 3.4688855051153253,
            "insulin": 1.9810376420524138,
            "admission_type_id": 0.9762531175523561,
            "glimepiride": 0.9266719015894289,
            "pioglitazone": 0.5499737381074077,
            "glyburide": 0.5009804879246882,
            "rosiglitazone": 0.3573720777704865,
            "glyburide-metformin": 0.08916353766373064,
            "medical_specialty": 0.07739683548908727,
            "glipizide": 0.06850212905840901,
            "tolazamide": 0.03641714787843065,
            "race": 0.03523499747404037,
            "nateglinide": 0.0198535374967079,
            "glipizide-metformin": -0.0,
            "troglitazone": -0.0,
            "miglitol": -0.0,
            "acarbose": -0.0,
            "tolbutamide": -0.0,
            "glimepiride-pioglitazone": -0.0,
            "acetohexamide": -0.0,
            "repaglinide": 0.0,
            "chlorpropamide": -0.0,
            "metformin-pioglitazone": -0.0,
            "metformin-rosiglitazone": -0.0,
            "num_lab_procedures": -0.028684834918139814,
            "number_outpatient": -0.33012156665467896,
            "age": -0.40409667489630297,
            "admission_source_id": -0.486046972138959,
            "diag_3": -0.5702521048814713,
            "gender": -1.1012383636099692,
            "num_procedures": -2.1064339199271465,
            "number_emergency": -2.2258363556354204,
            "time_in_hospital": -3.060380450938915,
            "diag_2": -3.2139979934302065,
            "diag_1": -3.3624194529248044,
            "discharge_disposition_id": -7.711769570416062,
            "number_diagnoses": -14.859500066891263,
            "number_inpatient": -18.90601938336652
        }
    },
    "DecisionTree": {
        "SHAP": {
            "discharge_disposition_id": -33.5473447352803,
            "number_inpatient": -29.18234704384874,
            "number_diagnoses": -18.56181893344045,
            "diag_1": -13.530386071165099,
            "payer_code": 3.394872266302784,
            "num_medications": 1.1564592268585467,
            "medical_specialty": 0.4277374836406168,
            "admission_source_id": 0.1990342394634726,
            "gender": 0.0,
            "race": 0.0,
            "num_lab_procedures": 0.0,
            "time_in_hospital": 0.0,
            "admission_type_id": 0.0,
            "age": 0.0,
            "number_emergency": 0.0,
            "number_outpatient": 0.0,
            "diag_2": 0.0,
            "num_procedures": 0.0,
            "diag_3": 0.0,
            "metformin": 0.0,
            "repaglinide": 0.0,
            "nateglinide": 0.0,
            "chlorpropamide": 0.0,
            "glimepiride": 0.0,
            "acetohexamide": 0.0,
            "glipizide": 0.0,
            "glyburide": 0.0,
            "tolbutamide": 0.0,
            "pioglitazone": 0.0,
            "rosiglitazone": 0.0,
            "acarbose": 0.0,
            "miglitol": 0.0,
            "troglitazone": 0.0,
            "tolazamide": 0.0,
            "insulin": 0.0,
            "glyburide-metformin": 0.0,
            "glipizide-metformin": 0.0,
            "glimepiride-pioglitazone": 0.0,
            "metformin-rosiglitazone": 0.0,
            "metformin-pioglitazone": 0.0,
            "change": 0.0,
            "diabetesMed": 0.0
        },
        "Lime": {
            "race": 0.0,
            "gender": 0.0,
            "age": 0.0,
            "admission_type_id": 0.0,
            "discharge_disposition_id": -15.466982360043769,
            "admission_source_id": 0.0,
            "time_in_hospital": 0.0,
            "payer_code": 5.203092360463716,
            "medical_specialty": 0.0,
            "num_lab_procedures": 0.0,
            "num_procedures": 0.0,
            "num_medications": 1.800495953416684,
            "number_outpatient": 0.0,
            "number_emergency": 0.0,
            "number_inpatient": -28.53399533633738,
            "diag_1": 0.0,
            "diag_2": -12.30420318584686,
            "diag_3": 2.5730692301738536,
            "number_diagnoses": -7.132242718689581,
            "metformin": -2.5531863764254243,
            "repaglinide": 0.0,
            "nateglinide": 4.637478744448423,
            "chlorpropamide": -5.108863949606194,
            "glimepiride": 0.0,
            "acetohexamide": 0.0,
            "glipizide": 0.0,
            "glyburide": 2.141598667427442,
            "tolbutamide": -1.757428634936915,
            "pioglitazone": 0.0,
            "rosiglitazone": 0.0,
            "acarbose": -8.479451975042652,
            "miglitol": -2.307910507141105,
            "troglitazone": 0.0,
            "tolazamide": 0.0,
            "insulin": 0.0,
            "glyburide-metformin": 0.0,
            "glipizide-metformin": 0.0,
            "glimepiride-pioglitazone": 0.0,
            "metformin-rosiglitazone": 0.0,
            "metformin-pioglitazone": 0.0,
            "change": 0.0,
            "diabetesMed": 0.0
        },
        "Inherent": {
            "number_inpatient": -31.60851789225841,
            "diag_1": -26.957267844138,
            "discharge_disposition_id": -22.027735752003924,
            "number_diagnoses": -19.40647851159967,
            "gender": 0.0,
            "admission_source_id": 0.0,
            "time_in_hospital": 0.0,
            "age": 0.0,
            "admission_type_id": 0.0,
            "race": 0.0,
            "num_lab_procedures": 0.0,
            "medical_specialty": 0.0,
            "payer_code": 0.0,
            "num_procedures": 0.0,
            "number_emergency": 0.0,
            "number_outpatient": 0.0,
            "diag_2": 0.0,
            "num_medications": 0.0,
            "diag_3": 0.0,
            "metformin": 0.0,
            "repaglinide": 0.0,
            "nateglinide": 0.0,
            "chlorpropamide": 0.0,
            "glimepiride": 0.0,
            "acetohexamide": 0.0,
            "glipizide": 0.0,
            "glyburide": 0.0,
            "tolbutamide": 0.0,
            "pioglitazone": 0.0,
            "rosiglitazone": 0.0,
            "acarbose": 0.0,
            "miglitol": 0.0,
            "troglitazone": 0.0,
            "tolazamide": 0.0,
            "insulin": 0.0,
            "glyburide-metformin": 0.0,
            "glipizide-metformin": 0.0,
            "glimepiride-pioglitazone": 0.0,
            "metformin-rosiglitazone": 0.0,
            "metformin-pioglitazone": 0.0,
            "change": 0.0,
            "diabetesMed": 0.0
        }
    },
    "XGBOOST": {
        "SHAP": {
            "discharge_disposition_id": -20.227583736744506,
            "number_inpatient": -19.86189895209199,
            "number_diagnoses": -10.00535457948493,
            "payer_code": 6.323488487887557,
            "number_outpatient": 4.665271048215821,
            "diabetesMed": 4.619692044395784,
            "num_medications": 3.44726419137651,
            "diag_2": 3.3981048151349604,
            "time_in_hospital": -3.2495657295322804,
            "diag_1": -3.174126488813097,
            "num_lab_procedures": 2.9541651048118873,
            "num_procedures": -2.1661194693113055,
            "number_emergency": -1.8896047099032605,
            "insulin": -1.8818579937591933,
            "medical_specialty": 1.749104574270916,
            "age": 1.6686231687277315,
            "metformin": 1.2441588747650554,
            "change": 1.1952083537425433,
            "admission_source_id": 1.1473653339856622,
            "admission_type_id": 0.9990434793906574,
            "glimepiride": 0.8574247806833383,
            "diag_3": -0.7524045140735214,
            "gender": -0.6959867883980878,
            "glipizide": -0.4101264136060988,
            "acarbose": 0.3915588574225846,
            "pioglitazone": 0.3450497708707814,
            "race": 0.3225445771286531,
            "glyburide-metformin": 0.18894126729436983,
            "rosiglitazone": 0.11265089284281807,
            "glyburide": 0.03651830723978323,
            "repaglinide": 0.01919269409430824,
            "acetohexamide": 0.0,
            "nateglinide": 0.0,
            "chlorpropamide": 0.0,
            "tolazamide": 0.0,
            "troglitazone": 0.0,
            "miglitol": 0.0,
            "tolbutamide": 0.0,
            "glimepiride-pioglitazone": 0.0,
            "glipizide-metformin": 0.0,
            "metformin-pioglitazone": 0.0,
            "metformin-rosiglitazone": 0.0
        },
        "Lime": {
            "race": 0.0,
            "gender": 0.0,
            "age": 0.0,
            "admission_type_id": 0.0,
            "discharge_disposition_id": -7.46126874216442,
            "admission_source_id": 0.0,
            "time_in_hospital": 0.0,
            "payer_code": 5.214869238131324,
            "medical_specialty": 0.0,
            "num_lab_procedures": 0.0,
            "num_procedures": 0.0,
            "num_medications": 0.0,
            "number_outpatient": 0.0,
            "number_emergency": -7.860325338177924,
            "number_inpatient": -20.469030197498036,
            "diag_1": -4.224708487742401,
            "diag_2": 1.9149137697484868,
            "diag_3": -3.3514307830346715,
            "number_diagnoses": -4.533696707538686,
            "metformin": 4.3410581168776154,
            "repaglinide": 0.0,
            "nateglinide": 0.0,
            "chlorpropamide": -2.9537457736334627,
            "glimepiride": 6.62869478927129,
            "acetohexamide": 0.0,
            "glipizide": 0.0,
            "glyburide": -3.957187396620512,
            "tolbutamide": 0.0,
            "pioglitazone": 6.431458056250613,
            "rosiglitazone": 0.0,
            "acarbose": 4.169392931476291,
            "miglitol": 8.079032605291873,
            "troglitazone": 0.0,
            "tolazamide": 0.0,
            "insulin": 0.0,
            "glyburide-metformin": 0.0,
            "glipizide-metformin": 0.0,
            "glimepiride-pioglitazone": 0.0,
            "metformin-rosiglitazone": 0.0,
            "metformin-pioglitazone": 0.0,
            "change": 0.0,
            "diabetesMed": 8.409187066542383
        },
        "Inherent": {
            "race": 0.5278323292732239,
            "gender": -0.8022427558898926,
            "age": 1.1759361028671265,
            "admission_type_id": 1.095287561416626,
            "discharge_disposition_id": -19.244600296020508,
            "admission_source_id": 0.6572291254997253,
            "time_in_hospital": -3.4934916496276855,
            "payer_code": 4.7377610206604,
            "medical_specialty": 1.499309778213501,
            "num_lab_procedures": 2.436828136444092,
            "num_procedures": -2.1252005100250244,
            "num_medications": 2.6997978687286377,
            "number_outpatient": 3.9610776901245117,
            "number_emergency": -1.783589482307434,
            "number_inpatient": -25.521745681762695,
            "diag_1": -5.458346843719482,
            "diag_2": 3.3626925945281982,
            "diag_3": -1.8709145784378052,
            "number_diagnoses": -7.77193546295166,
            "metformin": 1.946151614189148,
            "repaglinide": -0.004262368194758892,
            "nateglinide": 0.006028860341757536,
            "chlorpropamide": 0.015284726396203041,
            "glimepiride": 0.49079543352127075,
            "acetohexamide": 0.0,
            "glipizide": -0.37199631333351135,
            "glyburide": 0.05581777170300484,
            "tolbutamide": 0.0,
            "pioglitazone": 0.22566711902618408,
            "rosiglitazone": 0.023888736963272095,
            "acarbose": 0.06613511592149734,
            "miglitol": 0.0,
            "troglitazone": 0.0,
            "tolazamide": 0.0,
            "insulin": -1.9814749956130981,
            "glyburide-metformin": 0.019052274525165558,
            "glipizide-metformin": 0.0,
            "glimepiride-pioglitazone": 0.0,
            "metformin-rosiglitazone": 0.0,
            "metformin-pioglitazone": 0.0,
            "change": 1.17898428440094,
            "diabetesMed": 3.388639450073242
        }
    }
}