{
    "LogisticRegression": {
        "SHAP": {
            "number_inpatient": 21.085907620265974,
            "number_emergency": 13.390922840208402,
            "metformin": -9.97789249838703,
            "insulin": -6.871864797433395,
            "payer_code": -6.753891968493017,
            "num_procedures": -6.501387332984711,
            "discharge_disposition_id": -6.48729955787292,
            "diabetesMed": 5.745038412589806,
            "age": -5.204674238954739,
            "time_in_hospital": -3.727555994863051,
            "change": 3.04387447206404,
            "number_diagnoses": 2.753455206135506,
            "diag_3": 1.4955891681474953,
            "glimepiride": 1.2682479349786204,
            "diag_1": 1.2496369416205715,
            "gender": -0.9249601539544754,
            "num_medications": -0.6639242831953203,
            "glyburide": 0.44749105672947637,
            "pioglitazone": 0.4095178079710066,
            "rosiglitazone": 0.39894231300529,
            "diag_2": 0.2729295211848468,
            "admission_source_id": -0.23222126660457668,
            "glyburide-metformin": 0.17878570301809343,
            "acarbose": 0.17145461422310626,
            "num_lab_procedures": 0.13796784920677516,
            "number_outpatient": 0.12340828195664,
            "admission_type_id": -0.10702615409845097,
            "glipizide": 0.07737991984875556,
            "glipizide-metformin": -0.07152526558258213,
            "chlorpropamide": -0.04762437828122249,
            "medical_specialty": 0.026320845578928435,
            "race": 0.025789556344106578,
            "tolazamide": 0.023866537839887052,
            "tolbutamide": -0.020952624558231634,
            "troglitazone": -0.018724207662175096,
            "repaglinide": 0.012388908527082677,
            "miglitol": -0.012359116396942508,
            "metformin-rosiglitazone": -0.01215886469247949,
            "acetohexamide": -0.006877277838870414,
            "nateglinide": 0.006293690963407673,
            "glimepiride-pioglitazone": -0.006171400536774304,
            "metformin-pioglitazone": -0.005699415201218205
        },
        "Lime": {
            "race": -27.67162051808932,
            "gender": 0.0,
            "age": 0.0,
            "admission_type_id": 0.0,
            "discharge_disposition_id": -10.007223872343317,
            "admission_source_id": 0.0,
            "time_in_hospital": 0.0,
            "payer_code": 0.0,
            "medical_specialty": 0.0,
            "num_lab_procedures": 0.0,
            "num_procedures": 0.0,
            "num_medications": 0.0,
            "number_outpatient": 0.0,
            "number_emergency": 8.089251652478017,
            "number_inpatient": 45.70869565379689,
            "diag_1": 0.0,
            "diag_2": 0.0,
            "diag_3": 0.0,
            "number_diagnoses": 8.523208303292456,
            "metformin": 0.0,
            "repaglinide": 0.0,
            "nateglinide": 0.0,
            "chlorpropamide": 0.0,
            "glimepiride": 0.0,
            "acetohexamide": 0.0,
            "glipizide": 0.0,
            "glyburide": 0.0,
            "tolbutamide": 0.0,
            "pioglitazone": 0.0,
            "rosiglitazone": 0.0,
            "acarbose": 0.0,
            "miglitol": 0.0,
            "troglitazone": 0.0,
            "tolazamide": 0.0,
            "insulin": 0.0,
            "glyburide-metformin": 0.0,
            "glipizide-metformin": 0.0,
            "glimepiride-pioglitazone": 0.0,
            "metformin-rosiglitazone": 0.0,
            "metformin-pioglitazone": 0.0,
            "change": 0.0,
            "diabetesMed": 0.0
        },
        "Inherent": {
            "number_inpatient": 19.487468391524814,
            "number_emergency": 13.891807709099114,
            "number_diagnoses": 4.74326880442727,
            "diabetesMed": 4.740399916540131,
            "change": 3.235039567270672,
            "diag_3": 1.496304173220478,
            "diag_1": 1.1742691082022607,
            "glimepiride": 0.8642027138396695,
            "pioglitazone": 0.5128986820445871,
            "glyburide": 0.4672081850141816,
            "diag_2": 0.3582985537744688,
            "rosiglitazone": 0.33328076413027075,
            "number_outpatient": 0.15859829353681007,
            "num_lab_procedures": 0.1329570641581912,
            "glyburide-metformin": 0.08315280855324969,
            "glipizide": 0.06388423533133239,
            "tolazamide": 0.03396218011235677,
            "race": 0.03285972131773005,
            "nateglinide": 0.018515162653085813,
            "medical_specialty": 0.0157402357651323,
            "troglitazone": -0.0,
            "miglitol": -0.0,
            "repaglinide": 0.0,
            "chlorpropamide": -0.0,
            "acarbose": -0.0,
            "acetohexamide": -0.0,
            "metformin-pioglitazone": -0.0,
            "glimepiride-pioglitazone": -0.0,
            "metformin-rosiglitazone": -0.0,
            "glipizide-metformin": -0.0,
            "tolbutamide": -0.0,
            "admission_type_id": -0.09004366883660808,
            "num_medications": -0.27715106854091115,
            "admission_source_id": -0.4532813735428733,
            "gender": -1.027001229651775,
            "time_in_hospital": -2.854072823991897,
            "age": -4.810450172626752,
            "num_procedures": -6.726698685102549,
            "insulin": -6.846584727387023,
            "discharge_disposition_id": -7.19190058512482,
            "payer_code": -7.254786867984254,
            "metformin": -10.623912526694719
        }
    },
    "DecisionTree": {
        "SHAP": {
            "discharge_disposition_id": -29.201260011025205,
            "number_inpatient": 26.001880775819526,
            "num_medications": -22.370281207423442,
            "diag_1": 8.428474385339868,
            "number_diagnoses": 6.040273691717974,
            "payer_code": -3.8320751668498554,
            "admission_source_id": 1.9970362241452502,
            "number_emergency": -1.4849546149881985,
            "medical_specialty": -0.6437639226906792,
            "gender": 0.0,
            "num_lab_procedures": 0.0,
            "time_in_hospital": 0.0,
            "admission_type_id": 0.0,
            "age": 0.0,
            "race": 0.0,
            "number_outpatient": 0.0,
            "diag_2": 0.0,
            "num_procedures": 0.0,
            "diag_3": 0.0,
            "metformin": 0.0,
            "repaglinide": 0.0,
            "nateglinide": 0.0,
            "chlorpropamide": 0.0,
            "glimepiride": 0.0,
            "acetohexamide": 0.0,
            "glipizide": 0.0,
            "glyburide": 0.0,
            "tolbutamide": 0.0,
            "pioglitazone": 0.0,
            "rosiglitazone": 0.0,
            "acarbose": 0.0,
            "miglitol": 0.0,
            "troglitazone": 0.0,
            "tolazamide": 0.0,
            "insulin": 0.0,
            "glyburide-metformin": 0.0,
            "glipizide-metformin": 0.0,
            "glimepiride-pioglitazone": 0.0,
            "metformin-rosiglitazone": 0.0,
            "metformin-pioglitazone": 0.0,
            "change": 0.0,
            "diabetesMed": 0.0
        },
        "Lime": {
            "race": 0.0,
            "gender": 0.0,
            "age": 0.0,
            "admission_type_id": 0.0,
            "discharge_disposition_id": -16.378574283767392,
            "admission_source_id": 0.0,
            "time_in_hospital": 2.783633801384826,
            "payer_code": 0.0,
            "medical_specialty": -2.761774440637078,
            "num_lab_procedures": 4.760223668945182,
            "num_procedures": 0.0,
            "num_medications": 0.0,
            "number_outpatient": 0.0,
            "number_emergency": 0.0,
            "number_inpatient": 8.937647132196656,
            "diag_1": 0.0,
            "diag_2": 0.0,
            "diag_3": 5.1238885672196695,
            "number_diagnoses": 3.32204571976394,
            "metformin": 0.0,
            "repaglinide": 12.121079220334291,
            "nateglinide": 9.392976318638697,
            "chlorpropamide": 10.26876845331656,
            "glimepiride": 0.0,
            "acetohexamide": 0.0,
            "glipizide": 2.702447381735235,
            "glyburide": 10.077698665970189,
            "tolbutamide": 0.0,
            "pioglitazone": 0.0,
            "rosiglitazone": 4.182120484931167,
            "acarbose": 4.451312971748652,
            "miglitol": 0.0,
            "troglitazone": 0.0,
            "tolazamide": 0.0,
            "insulin": 0.0,
            "glyburide-metformin": 0.0,
            "glipizide-metformin": 0.0,
            "glimepiride-pioglitazone": 0.0,
            "metformin-rosiglitazone": 0.0,
            "metformin-pioglitazone": 0.0,
            "change": 2.7358088894104826,
            "diabetesMed": 0.0
        },
        "Inherent": {
            "number_inpatient": 41.339934239452816,
            "discharge_disposition_id": -36.13740178542741,
            "num_medications": -17.559753757631547,
            "number_emergency": -4.962910217488232,
            "gender": 0.0,
            "admission_source_id": 0.0,
            "time_in_hospital": 0.0,
            "age": 0.0,
            "admission_type_id": 0.0,
            "race": 0.0,
            "num_lab_procedures": 0.0,
            "medical_specialty": 0.0,
            "payer_code": 0.0,
            "num_procedures": 0.0,
            "number_outpatient": 0.0,
            "diag_1": 0.0,
            "diag_2": 0.0,
            "diag_3": 0.0,
            "number_diagnoses": 0.0,
            "metformin": 0.0,
            "repaglinide": 0.0,
            "nateglinide": 0.0,
            "chlorpropamide": 0.0,
            "glimepiride": 0.0,
            "acetohexamide": 0.0,
            "glipizide": 0.0,
            "glyburide": 0.0,
            "tolbutamide": 0.0,
            "pioglitazone": 0.0,
            "rosiglitazone": 0.0,
            "acarbose": 0.0,
            "miglitol": 0.0,
            "troglitazone": 0.0,
            "tolazamide": 0.0,
            "insulin": 0.0,
            "glyburide-metformin": 0.0,
            "glipizide-metformin": 0.0,
            "glimepiride-pioglitazone": 0.0,
            "metformin-rosiglitazone": 0.0,
            "metformin-pioglitazone": 0.0,
            "change": 0.0,
            "diabetesMed": 0.0
        }
    },
    "XGBOOST": {
        "SHAP": {
            "diag_3": -18.376118005524393,
            "number_inpatient": 18.201436060236972,
            "discharge_disposition_id": -10.233288849430032,
            "metformin": -9.908644319975725,
            "number_emergency": 9.731596678656203,
            "age": -6.971131499878119,
            "medical_specialty": -6.1640878088032345,
            "diabetesMed": 3.90397289010676,
            "diag_1": 3.6644937690896495,
            "num_medications": -2.2593281099858302,
            "number_diagnoses": 1.9164248745681254,
            "insulin": 1.3157212613260818,
            "num_procedures": 1.0597661594710095,
            "glimepiride": 0.9424694735318971,
            "payer_code": -0.9005391037758061,
            "diag_2": -0.7261060635981506,
            "glyburide-metformin": 0.4874140135172893,
            "gender": -0.4242612921657737,
            "num_lab_procedures": 0.39933948796143715,
            "pioglitazone": 0.3781808768610112,
            "time_in_hospital": -0.3339778585331068,
            "acarbose": 0.31899517793483906,
            "admission_source_id": -0.28817306928797165,
            "change": 0.19537129308033568,
            "glipizide": -0.18640763431207152,
            "race": 0.18585086157066083,
            "glyburide": 0.14286700553584925,
            "rosiglitazone": 0.13894499818254671,
            "number_outpatient": 0.13598547476000386,
            "admission_type_id": 0.08993442632457097,
            "repaglinide": 0.019171602014540153,
            "acetohexamide": 0.0,
            "nateglinide": 0.0,
            "chlorpropamide": 0.0,
            "tolazamide": 0.0,
            "troglitazone": 0.0,
            "miglitol": 0.0,
            "tolbutamide": 0.0,
            "glimepiride-pioglitazone": 0.0,
            "glipizide-metformin": 0.0,
            "metformin-pioglitazone": 0.0,
            "metformin-rosiglitazone": 0.0
        },
        "Lime": {
            "race": 0.0,
            "gender": -2.1315103095873384,
            "age": -3.4725511769731203,
            "admission_type_id": 0.0,
            "discharge_disposition_id": -7.376044845970286,
            "admission_source_id": -2.6027150774349725,
            "time_in_hospital": 0.0,
            "payer_code": -4.168264454397056,
            "medical_specialty": 0.0,
            "num_lab_procedures": 3.2866686089380552,
            "num_procedures": 0.0,
            "num_medications": 0.0,
            "number_outpatient": 0.0,
            "number_emergency": 2.821200866595392,
            "number_inpatient": 8.625721539998361,
            "diag_1": 2.181416650678353,
            "diag_2": 6.729184019573137,
            "diag_3": -4.605860811275949,
            "number_diagnoses": 0.0,
            "metformin": -2.5430072061129136,
            "repaglinide": 4.158485309561872,
            "nateglinide": 7.9711199054268365,
            "chlorpropamide": 0.0,
            "glimepiride": 3.819885470019414,
            "acetohexamide": 0.0,
            "glipizide": 0.0,
            "glyburide": 0.0,
            "tolbutamide": 0.0,
            "pioglitazone": 0.0,
            "rosiglitazone": 0.0,
            "acarbose": 20.553500649472085,
            "miglitol": 4.6763370057580484,
            "troglitazone": 0.0,
            "tolazamide": 0.0,
            "insulin": 0.0,
            "glyburide-metformin": 0.0,
            "glipizide-metformin": 0.0,
            "glimepiride-pioglitazone": 0.0,
            "metformin-rosiglitazone": 0.0,
            "metformin-pioglitazone": 0.0,
            "change": 0.0,
            "diabetesMed": 8.27652609222682
        },
        "Inherent": {
            "race": 0.30863258242607117,
            "gender": -0.36332088708877563,
            "age": -7.407989978790283,
            "admission_type_id": -0.12999869883060455,
            "discharge_disposition_id": -10.963261604309082,
            "admission_source_id": -0.8003104329109192,
            "time_in_hospital": -1.2872893810272217,
            "payer_code": 0.08233457058668137,
            "medical_specialty": -6.659682273864746,
            "num_lab_procedures": -0.21349188685417175,
            "num_procedures": 1.1566598415374756,
            "num_medications": -4.442350387573242,
            "number_outpatient": 0.07770903408527374,
            "number_emergency": 10.856500625610352,
            "number_inpatient": 13.878218650817871,
            "diag_1": 1.9416048526763916,
            "diag_2": -2.3201711177825928,
            "diag_3": -18.08375358581543,
            "number_diagnoses": 1.192846655845642,
            "metformin": -11.730165481567383,
            "repaglinide": 0.009616849012672901,
            "nateglinide": 0.005870548542588949,
            "chlorpropamide": 0.020693983882665634,
            "glimepiride": 0.6177420616149902,
            "acetohexamide": 0.0,
            "glipizide": -0.2594393789768219,
            "glyburide": 0.28281930088996887,
            "tolbutamide": 0.0,
            "pioglitazone": 0.4449157416820526,
            "rosiglitazone": 0.08171932399272919,
            "acarbose": 0.04198908805847168,
            "miglitol": 0.0,
            "troglitazone": 0.0,
            "tolazamide": 0.0,
            "insulin": 0.9804555177688599,
            "glyburide-metformin": 0.10148514807224274,
            "glipizide-metformin": 0.0,
            "glimepiride-pioglitazone": 0.0,
            "metformin-rosiglitazone": 0.0,
            "metformin-pioglitazone": 0.0,
            "change": 0.18306149542331696,
            "diabetesMed": 3.0739047527313232
        }
    }
}