{
    "LogisticRegression": {
        "SHAP": {
            "number_inpatient": -20.242368118564105,
            "number_diagnoses": 9.848436404950297,
            "discharge_disposition_id": -8.792839296088317,
            "time_in_hospital": -7.802427091541405,
            "diabetesMed": 7.786783863009962,
            "num_medications": -5.680635042834956,
            "diag_1": -5.54985233053913,
            "age": 4.608504971113395,
            "metformin": 4.05273453810992,
            "insulin": -3.5964814682957686,
            "payer_code": -3.535660122368136,
            "change": -3.3392662611722335,
            "number_emergency": -2.851981250688824,
            "num_procedures": -2.5481975094156266,
            "diag_2": 1.8794692337268448,
            "glimepiride": 1.7189741556376152,
            "gender": -1.2536843591778735,
            "num_lab_procedures": 0.8171860870244922,
            "diag_3": -0.7767359482326212,
            "glyburide": 0.6065261690411529,
            "pioglitazone": 0.5550575000048354,
            "rosiglitazone": 0.5407235499720692,
            "admission_source_id": -0.31475103934581133,
            "glyburide-metformin": 0.24232485968194017,
            "acarbose": 0.23238835450522968,
            "number_outpatient": 0.16726670032281984,
            "admission_type_id": -0.14506248171074484,
            "glipizide": 0.10488018842117275,
            "glipizide-metformin": -0.09694483201634226,
            "chlorpropamide": -0.06454974077691747,
            "race": -0.04154042962910924,
            "medical_specialty": 0.03567508533374375,
            "tolazamide": 0.03234853422568722,
            "tolbutamide": -0.028399037061302482,
            "troglitazone": -0.025378656781817187,
            "repaglinide": 0.016791837768671467,
            "miglitol": -0.016751457729138265,
            "metformin-rosiglitazone": -0.016480038005044557,
            "acetohexamide": -0.009321413061363939,
            "nateglinide": 0.008530423595643521,
            "glimepiride-pioglitazone": -0.008364672028408994,
            "metformin-pioglitazone": -0.007724946489510672
        },
        "Lime": {
            "race": -26.78212840868401,
            "gender": 0.0,
            "age": 0.0,
            "admission_type_id": 0.0,
            "discharge_disposition_id": -30.272726481747743,
            "admission_source_id": 0.0,
            "time_in_hospital": 0.0,
            "payer_code": 0.0,
            "medical_specialty": 0.0,
            "num_lab_procedures": 0.0,
            "num_procedures": -12.564598431775432,
            "num_medications": 0.0,
            "number_outpatient": 0.0,
            "number_emergency": -21.97378253994861,
            "number_inpatient": -8.4067641378442,
            "diag_1": 0.0,
            "diag_2": 0.0,
            "diag_3": 0.0,
            "number_diagnoses": 0.0,
            "metformin": 0.0,
            "repaglinide": 0.0,
            "nateglinide": 0.0,
            "chlorpropamide": 0.0,
            "glimepiride": 0.0,
            "acetohexamide": 0.0,
            "glipizide": 0.0,
            "glyburide": 0.0,
            "tolbutamide": 0.0,
            "pioglitazone": 0.0,
            "rosiglitazone": 0.0,
            "acarbose": 0.0,
            "miglitol": 0.0,
            "troglitazone": 0.0,
            "tolazamide": 0.0,
            "insulin": 0.0,
            "glyburide-metformin": 0.0,
            "glipizide-metformin": 0.0,
            "glimepiride-pioglitazone": 0.0,
            "metformin-rosiglitazone": 0.0,
            "metformin-pioglitazone": 0.0,
            "change": 0.0,
            "diabetesMed": 0.0
        },
        "Inherent": {
            "number_diagnoses": 12.072808807098092,
            "diabetesMed": 6.0924836154515365,
            "age": 5.21382517229771,
            "metformin": 3.520874999480481,
            "diag_2": 1.9355378766930658,
            "glimepiride": 1.1106955040071387,
            "num_lab_procedures": 0.78666300415445,
            "pioglitazone": 0.659190547582333,
            "glyburide": 0.6004679483416436,
            "rosiglitazone": 0.4283409903295346,
            "number_outpatient": 0.20383459662129721,
            "glyburide-metformin": 0.10687012332478664,
            "glipizide": 0.08210565857191804,
            "tolazamide": 0.04364906537897497,
            "nateglinide": 0.023796162156647142,
            "medical_specialty": 0.020229754913253208,
            "tolbutamide": -0.0,
            "metformin-rosiglitazone": -0.0,
            "troglitazone": -0.0,
            "miglitol": -0.0,
            "glimepiride-pioglitazone": -0.0,
            "glipizide-metformin": -0.0,
            "metformin-pioglitazone": -0.0,
            "acetohexamide": -0.0,
            "chlorpropamide": -0.0,
            "repaglinide": 0.0,
            "acarbose": -0.0,
            "race": -0.03251502356645529,
            "admission_type_id": -0.11572643378632433,
            "admission_source_id": -0.5825688528648306,
            "diag_3": -0.8166790496930778,
            "gender": -1.31992833407794,
            "num_procedures": -2.5247411520067873,
            "number_emergency": -2.6678551800475763,
            "change": -3.1365526706437157,
            "insulin": -3.2124816945977352,
            "payer_code": -3.833927404705591,
            "num_medications": -5.027698914036794,
            "diag_1": -5.568854974398022,
            "time_in_hospital": -6.355400621337587,
            "discharge_disposition_id": -9.243215182319386,
            "number_inpatient": -22.660480685515328
        }
    },
    "DecisionTree": {
        "SHAP": {
            "number_inpatient": -36.77269374854812,
            "discharge_disposition_id": -35.71649704925671,
            "diag_1": -13.144230474342889,
            "number_diagnoses": 9.988064061782794,
            "payer_code": -2.167994034753738,
            "num_medications": -1.6203472027402281,
            "medical_specialty": -0.3642090208085271,
            "admission_source_id": 0.2259644077669951,
            "gender": 0.0,
            "race": 0.0,
            "num_lab_procedures": 0.0,
            "time_in_hospital": 0.0,
            "admission_type_id": 0.0,
            "age": 0.0,
            "number_emergency": 0.0,
            "number_outpatient": 0.0,
            "diag_2": 0.0,
            "num_procedures": 0.0,
            "diag_3": 0.0,
            "metformin": 0.0,
            "repaglinide": 0.0,
            "nateglinide": 0.0,
            "chlorpropamide": 0.0,
            "glimepiride": 0.0,
            "acetohexamide": 0.0,
            "glipizide": 0.0,
            "glyburide": 0.0,
            "tolbutamide": 0.0,
            "pioglitazone": 0.0,
            "rosiglitazone": 0.0,
            "acarbose": 0.0,
            "miglitol": 0.0,
            "troglitazone": 0.0,
            "tolazamide": 0.0,
            "insulin": 0.0,
            "glyburide-metformin": 0.0,
            "glipizide-metformin": 0.0,
            "glimepiride-pioglitazone": 0.0,
            "metformin-rosiglitazone": 0.0,
            "metformin-pioglitazone": 0.0,
            "change": 0.0,
            "diabetesMed": 0.0
        },
        "Lime": {
            "race": -4.621191130425457,
            "gender": 0.0,
            "age": 0.0,
            "admission_type_id": 0.0,
            "discharge_disposition_id": -15.523619222761308,
            "admission_source_id": 0.0,
            "time_in_hospital": 0.0,
            "payer_code": 0.0,
            "medical_specialty": 4.325450693798301,
            "num_lab_procedures": 0.0,
            "num_procedures": 0.0,
            "num_medications": 0.0,
            "number_outpatient": 0.0,
            "number_emergency": -2.541867364041077,
            "number_inpatient": -33.82135138153471,
            "diag_1": -2.0166876018078757,
            "diag_2": 4.453199625489374,
            "diag_3": -6.528476774878963,
            "number_diagnoses": 3.941683966612646,
            "metformin": 2.7499341401580586,
            "repaglinide": -4.049085514816128,
            "nateglinide": 0.0,
            "chlorpropamide": 0.0,
            "glimepiride": 0.0,
            "acetohexamide": 0.0,
            "glipizide": 0.0,
            "glyburide": -4.818307681097961,
            "tolbutamide": 0.0,
            "pioglitazone": 0.0,
            "rosiglitazone": 2.694063702859406,
            "acarbose": 3.8015123307705805,
            "miglitol": 4.1135688689481515,
            "troglitazone": 0.0,
            "tolazamide": 0.0,
            "insulin": 0.0,
            "glyburide-metformin": 0.0,
            "glipizide-metformin": 0.0,
            "glimepiride-pioglitazone": 0.0,
            "metformin-rosiglitazone": 0.0,
            "metformin-pioglitazone": 0.0,
            "change": 0.0,
            "diabetesMed": 0.0
        },
        "Inherent": {
            "number_inpatient": -40.52440326798742,
            "discharge_disposition_id": -28.24114846946058,
            "diag_1": -16.264729345253905,
            "number_diagnoses": 14.969718917298103,
            "gender": 0.0,
            "admission_source_id": 0.0,
            "time_in_hospital": 0.0,
            "age": 0.0,
            "admission_type_id": 0.0,
            "race": 0.0,
            "num_lab_procedures": 0.0,
            "medical_specialty": 0.0,
            "payer_code": 0.0,
            "num_procedures": 0.0,
            "number_emergency": 0.0,
            "number_outpatient": 0.0,
            "diag_2": 0.0,
            "num_medications": 0.0,
            "diag_3": 0.0,
            "metformin": 0.0,
            "repaglinide": 0.0,
            "nateglinide": 0.0,
            "chlorpropamide": 0.0,
            "glimepiride": 0.0,
            "acetohexamide": 0.0,
            "glipizide": 0.0,
            "glyburide": 0.0,
            "tolbutamide": 0.0,
            "pioglitazone": 0.0,
            "rosiglitazone": 0.0,
            "acarbose": 0.0,
            "miglitol": 0.0,
            "troglitazone": 0.0,
            "tolazamide": 0.0,
            "insulin": 0.0,
            "glyburide-metformin": 0.0,
            "glipizide-metformin": 0.0,
            "glimepiride-pioglitazone": 0.0,
            "metformin-rosiglitazone": 0.0,
            "metformin-pioglitazone": 0.0,
            "change": 0.0,
            "diabetesMed": 0.0
        }
    },
    "XGBOOST": {
        "SHAP": {
            "number_inpatient": -16.199899073028778,
            "diag_3": 13.915499542961582,
            "num_medications": -12.016579589039086,
            "discharge_disposition_id": -11.14284889786512,
            "diag_2": -8.727420155962015,
            "diag_1": 6.441731196053831,
            "age": 4.973324488543236,
            "medical_specialty": -4.45345890986822,
            "diabetesMed": 4.440385087728935,
            "number_diagnoses": 2.316947441773342,
            "time_in_hospital": 2.1116729018823794,
            "number_emergency": -1.9490685797581015,
            "num_procedures": -1.7554016698663226,
            "insulin": -1.227428171798914,
            "num_lab_procedures": 1.1401727532385615,
            "metformin": 1.125078309372753,
            "payer_code": -0.9299319823672081,
            "glimepiride": 0.829900554870024,
            "admission_type_id": 0.7533432345527653,
            "gender": -0.6827004164307605,
            "number_outpatient": -0.617113410782723,
            "pioglitazone": 0.45846396259085886,
            "glipizide": -0.4003743582359282,
            "acarbose": 0.3875059758930478,
            "glyburide-metformin": 0.3645760876959314,
            "race": 0.22462187378494985,
            "admission_source_id": 0.21487426316674452,
            "change": -0.09471090677052366,
            "repaglinide": -0.051806750183316624,
            "glyburide": -0.04198049274798195,
            "rosiglitazone": -0.01117896118605184,
            "acetohexamide": 0.0,
            "nateglinide": 0.0,
            "chlorpropamide": 0.0,
            "tolazamide": 0.0,
            "troglitazone": 0.0,
            "miglitol": 0.0,
            "tolbutamide": 0.0,
            "glimepiride-pioglitazone": 0.0,
            "glipizide-metformin": 0.0,
            "metformin-pioglitazone": 0.0,
            "metformin-rosiglitazone": 0.0
        },
        "Lime": {
            "race": 2.491910181683568,
            "gender": 0.0,
            "age": 1.660640581450759,
            "admission_type_id": 0.0,
            "discharge_disposition_id": -6.898126743541928,
            "admission_source_id": 0.0,
            "time_in_hospital": -4.865916024184969,
            "payer_code": -5.256643931555695,
            "medical_specialty": -2.1987995842920895,
            "num_lab_procedures": 0.0,
            "num_procedures": 0.0,
            "num_medications": -2.5110363457258122,
            "number_outpatient": 1.5650042523679857,
            "number_emergency": -7.614549546836802,
            "number_inpatient": -16.59574246915549,
            "diag_1": 2.2651431143911602,
            "diag_2": 2.2651431143911616,
            "diag_3": 4.010932529812761,
            "number_diagnoses": 2.2755350847491913,
            "metformin": 2.7937093773183452,
            "repaglinide": 4.672789330223366,
            "nateglinide": 5.643385955195396,
            "chlorpropamide": 0.0,
            "glimepiride": 2.0304332323507044,
            "acetohexamide": 0.0,
            "glipizide": 0.0,
            "glyburide": -3.4986475673460733,
            "tolbutamide": 0.0,
            "pioglitazone": 4.891359654273147,
            "rosiglitazone": 0.0,
            "acarbose": 7.997934982214164,
            "miglitol": 0.0,
            "troglitazone": 0.0,
            "tolazamide": 0.0,
            "insulin": 0.0,
            "glyburide-metformin": 0.0,
            "glipizide-metformin": 0.0,
            "glimepiride-pioglitazone": 0.0,
            "metformin-rosiglitazone": 0.0,
            "metformin-pioglitazone": 0.0,
            "change": -1.569753921163343,
            "diabetesMed": 4.426862475776089
        },
        "Inherent": {
            "race": 0.39879223704338074,
            "gender": -0.7504351735115051,
            "age": 4.513204574584961,
            "admission_type_id": 0.4162955582141876,
            "discharge_disposition_id": -10.550169944763184,
            "admission_source_id": -0.14760835468769073,
            "time_in_hospital": 0.8075215816497803,
            "payer_code": -1.0420455932617188,
            "medical_specialty": -4.48682165145874,
            "num_lab_procedures": 0.8252047300338745,
            "num_procedures": -1.6085598468780518,
            "num_medications": -12.423335075378418,
            "number_outpatient": -1.013941764831543,
            "number_emergency": -2.016231060028076,
            "number_inpatient": -20.996658325195312,
            "diag_1": 5.076204776763916,
            "diag_2": -8.653535842895508,
            "diag_3": 13.098512649536133,
            "number_diagnoses": 3.7883858680725098,
            "metformin": 0.9331386685371399,
            "repaglinide": -0.28165775537490845,
            "nateglinide": 0.013418824411928654,
            "chlorpropamide": 0.013980585150420666,
            "glimepiride": 0.4650515913963318,
            "acetohexamide": 0.0,
            "glipizide": -0.30566275119781494,
            "glyburide": -0.006752088665962219,
            "tolbutamide": 0.0,
            "pioglitazone": 0.4931003451347351,
            "rosiglitazone": -0.0616956390440464,
            "acarbose": 0.057650934904813766,
            "miglitol": 0.0,
            "troglitazone": 0.0,
            "tolazamide": 0.0,
            "insulin": -1.3004437685012817,
            "glyburide-metformin": 0.062364667654037476,
            "glipizide-metformin": 0.0,
            "glimepiride-pioglitazone": 0.0,
            "metformin-rosiglitazone": 0.0,
            "metformin-pioglitazone": 0.0,
            "change": -0.21477919816970825,
            "diabetesMed": 3.1768388748168945
        }
    }
}