{
    "LogisticRegression": {
        "SHAP": {
            "discharge_disposition_id": 31.097375050580816,
            "number_diagnoses": -13.144367193316276,
            "number_inpatient": -12.832895060785491,
            "metformin": -8.573681150286355,
            "diabetesMed": 4.9365261806192775,
            "age": -4.472208677646183,
            "num_medications": 3.5968871899214494,
            "payer_code": 3.1014155799806242,
            "change": 2.6155031424914643,
            "insulin": -2.280033096936546,
            "diag_1": -1.8506520384190837,
            "number_emergency": -1.80804814392505,
            "num_procedures": -1.6154607524648317,
            "admission_source_id": 1.2611925662812726,
            "glimepiride": 1.0897645385309123,
            "gender": 1.0873121912372357,
            "admission_type_id": -0.9262097547180843,
            "num_lab_procedures": -0.7803545486239509,
            "diag_3": -0.4060133456798667,
            "glyburide": 0.3845146295796877,
            "pioglitazone": 0.351885441888173,
            "rosiglitazone": 0.34279826021557325,
            "diag_2": 0.3256617054840648,
            "time_in_hospital": 0.2839809294673026,
            "glyburide-metformin": 0.15362478721380435,
            "acarbose": 0.14732541910347263,
            "number_outpatient": 0.10604075569784989,
            "medical_specialty": -0.0767348358394655,
            "race": -0.07483025336186101,
            "glipizide": 0.06649006895245575,
            "glipizide-metformin": -0.061459353404914104,
            "chlorpropamide": -0.04092209195777869,
            "tolazamide": 0.020507746062960092,
            "tolbutamide": -0.018003914379011127,
            "troglitazone": -0.01608910762600311,
            "repaglinide": 0.010645389447565337,
            "miglitol": -0.010619790031190493,
            "metformin-rosiglitazone": -0.010447720201399802,
            "acetohexamide": -0.005909422995080081,
            "nateglinide": 0.0054079656187334966,
            "glimepiride-pioglitazone": -0.005302885400054405,
            "metformin-pioglitazone": -0.004897323626831946
        },
        "Lime": {
            "race": 0.0,
            "gender": 0.0,
            "age": 0.0,
            "admission_type_id": 0.0,
            "discharge_disposition_id": 31.13924383849135,
            "admission_source_id": 0.0,
            "time_in_hospital": 0.0,
            "payer_code": 0.0,
            "medical_specialty": 0.0,
            "num_lab_procedures": 0.0,
            "num_procedures": -6.451042698600383,
            "num_medications": 8.08953099209424,
            "number_outpatient": 0.0,
            "number_emergency": -19.489937258705563,
            "number_inpatient": -8.788937306802213,
            "diag_1": 0.0,
            "diag_2": 0.0,
            "diag_3": 0.0,
            "number_diagnoses": -26.04130790530626,
            "metformin": 0.0,
            "repaglinide": 0.0,
            "nateglinide": 0.0,
            "chlorpropamide": 0.0,
            "glimepiride": 0.0,
            "acetohexamide": 0.0,
            "glipizide": 0.0,
            "glyburide": 0.0,
            "tolbutamide": 0.0,
            "pioglitazone": 0.0,
            "rosiglitazone": 0.0,
            "acarbose": 0.0,
            "miglitol": 0.0,
            "troglitazone": 0.0,
            "tolazamide": 0.0,
            "insulin": 0.0,
            "glyburide-metformin": 0.0,
            "glipizide-metformin": 0.0,
            "glimepiride-pioglitazone": 0.0,
            "metformin-rosiglitazone": 0.0,
            "metformin-pioglitazone": 0.0,
            "change": 0.0,
            "diabetesMed": 0.0
        },
        "Inherent": {
            "discharge_disposition_id": 31.091863288756873,
            "diabetesMed": 4.00648254809067,
            "num_medications": 3.989794647814719,
            "payer_code": 2.89430186260613,
            "change": 2.7341848360576004,
            "time_in_hospital": 1.122159001996409,
            "admission_source_id": 1.097489805032434,
            "gender": 1.039691139279416,
            "glimepiride": 0.730405272122766,
            "pioglitazone": 0.4334907718187129,
            "diag_2": 0.39520748358412217,
            "glyburide": 0.3948741609443467,
            "rosiglitazone": 0.2816816278397106,
            "number_outpatient": 0.13404381621792888,
            "glyburide-metformin": 0.07027893894160629,
            "glipizide": 0.053993561399754475,
            "tolazamide": 0.028704093391044915,
            "nateglinide": 0.015648611372601366,
            "troglitazone": -0.0,
            "miglitol": -0.0,
            "acarbose": -0.0,
            "glipizide-metformin": -0.0,
            "metformin-pioglitazone": -0.0,
            "acetohexamide": -0.0,
            "repaglinide": 0.0,
            "chlorpropamide": -0.0,
            "metformin-rosiglitazone": -0.0,
            "glimepiride-pioglitazone": -0.0,
            "tolbutamide": -0.0,
            "race": -0.07053677551515851,
            "medical_specialty": -0.0873989954275411,
            "diag_3": -0.44947423476434717,
            "num_lab_procedures": -0.7987552299663195,
            "admission_type_id": -0.9216912065121072,
            "num_procedures": -1.6602968514034886,
            "number_emergency": -1.7544101706873,
            "diag_1": -1.9717194012923485,
            "insulin": -2.112562406048041,
            "age": -4.065687495656607,
            "metformin": -8.979098995873485,
            "number_diagnoses": -11.712297708984277,
            "number_inpatient": -14.901775060602137
        }
    },
    "DecisionTree": {
        "SHAP": {
            "number_inpatient": -47.0789622127448,
            "discharge_disposition_id": -18.290860947867923,
            "number_diagnoses": -13.62250246405764,
            "diag_1": -9.990652584753262,
            "payer_code": 8.378037102174591,
            "num_medications": 1.7837306974279414,
            "medical_specialty": -0.527796074023521,
            "admission_source_id": 0.3274579169503035,
            "gender": 0.0,
            "race": 0.0,
            "num_lab_procedures": 0.0,
            "time_in_hospital": 0.0,
            "admission_type_id": 0.0,
            "age": 0.0,
            "number_emergency": 0.0,
            "number_outpatient": 0.0,
            "diag_2": 0.0,
            "num_procedures": 0.0,
            "diag_3": 0.0,
            "metformin": 0.0,
            "repaglinide": 0.0,
            "nateglinide": 0.0,
            "chlorpropamide": 0.0,
            "glimepiride": 0.0,
            "acetohexamide": 0.0,
            "glipizide": 0.0,
            "glyburide": 0.0,
            "tolbutamide": 0.0,
            "pioglitazone": 0.0,
            "rosiglitazone": 0.0,
            "acarbose": 0.0,
            "miglitol": 0.0,
            "troglitazone": 0.0,
            "tolazamide": 0.0,
            "insulin": 0.0,
            "glyburide-metformin": 0.0,
            "glipizide-metformin": 0.0,
            "glimepiride-pioglitazone": 0.0,
            "metformin-rosiglitazone": 0.0,
            "metformin-pioglitazone": 0.0,
            "change": 0.0,
            "diabetesMed": 0.0
        },
        "Lime": {
            "race": 0.0,
            "gender": 2.578762724304894,
            "age": 0.0,
            "admission_type_id": 0.0,
            "discharge_disposition_id": 0.0,
            "admission_source_id": 0.0,
            "time_in_hospital": -3.4224722879210474,
            "payer_code": 3.632733002060536,
            "medical_specialty": 0.0,
            "num_lab_procedures": 0.0,
            "num_procedures": 0.0,
            "num_medications": 0.0,
            "number_outpatient": 0.0,
            "number_emergency": 0.0,
            "number_inpatient": -38.019768935975016,
            "diag_1": 0.0,
            "diag_2": 0.0,
            "diag_3": 0.0,
            "number_diagnoses": -4.962900408547071,
            "metformin": 0.0,
            "repaglinide": -2.4278792752362985,
            "nateglinide": 7.963743141255669,
            "chlorpropamide": 0.0,
            "glimepiride": 0.0,
            "acetohexamide": 0.0,
            "glipizide": 4.068099853218977,
            "glyburide": -21.40974172199649,
            "tolbutamide": 0.0,
            "pioglitazone": 3.4461351246691856,
            "rosiglitazone": -2.6980654706020903,
            "acarbose": 2.8639146402311,
            "miglitol": 0.0,
            "troglitazone": 0.0,
            "tolazamide": 0.0,
            "insulin": 2.5057834139816157,
            "glyburide-metformin": 0.0,
            "glipizide-metformin": 0.0,
            "glimepiride-pioglitazone": 0.0,
            "metformin-rosiglitazone": 0.0,
            "metformin-pioglitazone": 0.0,
            "change": 0.0,
            "diabetesMed": 0.0
        },
        "Inherent": {
            "discharge_disposition_id": -53.630243217373994,
            "number_inpatient": -46.369756782626006,
            "gender": 0.0,
            "age": 0.0,
            "admission_type_id": 0.0,
            "admission_source_id": 0.0,
            "time_in_hospital": 0.0,
            "payer_code": 0.0,
            "medical_specialty": 0.0,
            "race": 0.0,
            "num_lab_procedures": 0.0,
            "num_procedures": 0.0,
            "number_outpatient": 0.0,
            "num_medications": 0.0,
            "number_emergency": 0.0,
            "diag_1": 0.0,
            "diag_2": 0.0,
            "diag_3": 0.0,
            "number_diagnoses": 0.0,
            "metformin": 0.0,
            "repaglinide": 0.0,
            "nateglinide": 0.0,
            "chlorpropamide": 0.0,
            "glimepiride": 0.0,
            "acetohexamide": 0.0,
            "glipizide": 0.0,
            "glyburide": 0.0,
            "tolbutamide": 0.0,
            "pioglitazone": 0.0,
            "rosiglitazone": 0.0,
            "acarbose": 0.0,
            "miglitol": 0.0,
            "troglitazone": 0.0,
            "tolazamide": 0.0,
            "insulin": 0.0,
            "glyburide-metformin": 0.0,
            "glipizide-metformin": 0.0,
            "glimepiride-pioglitazone": 0.0,
            "metformin-rosiglitazone": 0.0,
            "metformin-pioglitazone": 0.0,
            "change": 0.0,
            "diabetesMed": 0.0
        }
    },
    "XGBOOST": {
        "SHAP": {
            "discharge_disposition_id": 18.998181059636853,
            "number_inpatient": -11.849370553587939,
            "age": -9.315082874495923,
            "number_diagnoses": -6.997682146136332,
            "diag_1": -6.593870664002033,
            "num_medications": -5.837812546204268,
            "diag_3": -5.795355523290581,
            "num_lab_procedures": -4.809628207666158,
            "diabetesMed": 4.1846477764826675,
            "payer_code": 4.077929251381394,
            "metformin": -3.1558412732277636,
            "admission_source_id": -2.997570478734177,
            "diag_2": -2.9212729864716054,
            "time_in_hospital": 2.51533428323678,
            "medical_specialty": -1.7092789717999868,
            "admission_type_id": -1.5146086770398008,
            "insulin": -1.3882589277220196,
            "num_procedures": -0.984050679962267,
            "number_outpatient": -0.7927035696146978,
            "change": 0.7464989365306759,
            "gender": -0.602031436241009,
            "glimepiride": 0.44943001406057714,
            "race": -0.4426149935603047,
            "number_emergency": -0.3918758568451777,
            "pioglitazone": 0.23983938589415113,
            "acarbose": 0.20313459397023897,
            "glipizide": -0.1961781159648985,
            "glyburide-metformin": 0.13961299360505772,
            "rosiglitazone": -0.08290594685095137,
            "glyburide": 0.053030378946054946,
            "repaglinide": 0.014366896837651473,
            "acetohexamide": 0.0,
            "nateglinide": 0.0,
            "chlorpropamide": 0.0,
            "tolazamide": 0.0,
            "troglitazone": 0.0,
            "miglitol": 0.0,
            "tolbutamide": 0.0,
            "glimepiride-pioglitazone": 0.0,
            "glipizide-metformin": 0.0,
            "metformin-pioglitazone": 0.0,
            "metformin-rosiglitazone": 0.0
        },
        "Lime": {
            "race": 2.2109082222791385,
            "gender": 0.0,
            "age": -2.992679385866633,
            "admission_type_id": 0.0,
            "discharge_disposition_id": -4.858432452049898,
            "admission_source_id": -2.2387397938509705,
            "time_in_hospital": 0.0,
            "payer_code": 5.3724388356749655,
            "medical_specialty": 2.2380710623921014,
            "num_lab_procedures": 0.0,
            "num_procedures": -4.2541379901579806,
            "num_medications": -1.8411693271267615,
            "number_outpatient": 0.0,
            "number_emergency": -7.081053852681501,
            "number_inpatient": -19.119147427264664,
            "diag_1": -5.265228234619061,
            "diag_2": 4.617500142409482,
            "diag_3": -5.113504539095378,
            "number_diagnoses": -3.8054015152791902,
            "metformin": -2.4582149202059087,
            "repaglinide": -2.2223607973474744,
            "nateglinide": 4.701734828805999,
            "chlorpropamide": 4.6236780355902045,
            "glimepiride": 5.8583113314812785,
            "acetohexamide": 0.0,
            "glipizide": 0.0,
            "glyburide": 0.0,
            "tolbutamide": 0.0,
            "pioglitazone": 3.2754587110925466,
            "rosiglitazone": 2.29054743755275,
            "acarbose": 0.0,
            "miglitol": 0.0,
            "troglitazone": 0.0,
            "tolazamide": 0.0,
            "insulin": 0.0,
            "glyburide-metformin": 0.0,
            "glipizide-metformin": 0.0,
            "glimepiride-pioglitazone": 0.0,
            "metformin-rosiglitazone": 0.0,
            "metformin-pioglitazone": 0.0,
            "change": 0.0,
            "diabetesMed": 3.561281157176118
        },
        "Inherent": {
            "race": -0.23858550190925598,
            "gender": -0.7150849103927612,
            "age": -9.061898231506348,
            "admission_type_id": -1.282254934310913,
            "discharge_disposition_id": 18.461973190307617,
            "admission_source_id": -2.756857395172119,
            "time_in_hospital": 2.0739307403564453,
            "payer_code": 2.6650516986846924,
            "medical_specialty": -1.6216844320297241,
            "num_lab_procedures": -4.952224254608154,
            "num_procedures": -1.0923641920089722,
            "num_medications": -5.769260883331299,
            "number_outpatient": -0.9796065092086792,
            "number_emergency": -0.7509983777999878,
            "number_inpatient": -15.121973991394043,
            "diag_1": -7.623294830322266,
            "diag_2": -3.04821515083313,
            "diag_3": -6.320981025695801,
            "number_diagnoses": -5.828585147857666,
            "metformin": -3.631234884262085,
            "repaglinide": -0.009328430518507957,
            "nateglinide": 0.00952235609292984,
            "chlorpropamide": 0.008273965679109097,
            "glimepiride": 0.2632550299167633,
            "acetohexamide": 0.0,
            "glipizide": -0.11580245196819305,
            "glyburide": 0.0563964881002903,
            "tolbutamide": 0.0,
            "pioglitazone": 0.29165226221084595,
            "rosiglitazone": -0.19326825439929962,
            "acarbose": 0.025821268558502197,
            "miglitol": 0.0,
            "troglitazone": 0.0,
            "tolazamide": 0.0,
            "insulin": -1.3169349431991577,
            "glyburide-metformin": 0.012387399561703205,
            "glipizide-metformin": 0.0,
            "glimepiride-pioglitazone": 0.0,
            "metformin-rosiglitazone": 0.0,
            "metformin-pioglitazone": 0.0,
            "change": 0.7271533608436584,
            "diabetesMed": 2.9741485118865967
        }
    }
}