{
    "LogisticRegression": {
        "SHAP": {
            "number_inpatient": -20.766484695127062,
            "age": 10.710258230008707,
            "number_diagnoses": 10.10343269504971,
            "pioglitazone": -9.317357418198034,
            "diabetesMed": 7.988399725186365,
            "payer_code": 5.01878172227133,
            "change": 4.23246708722647,
            "metformin": 4.157668177266725,
            "num_procedures": 3.811741692657332,
            "insulin": -3.68960177634444,
            "time_in_hospital": 3.280875255021267,
            "number_emergency": -2.9258249156581377,
            "diag_2": 2.886806839538336,
            "discharge_disposition_id": -2.038975942539319,
            "glimepiride": 1.7634819347855866,
            "gender": -1.2861448277640677,
            "admission_type_id": 1.2011769418712863,
            "num_lab_procedures": 1.0538454676122384,
            "glyburide": 0.6222303800036123,
            "rosiglitazone": 0.5547239956817005,
            "diag_1": 0.4832401689004916,
            "admission_source_id": -0.32290059162375206,
            "num_medications": 0.3029572052305488,
            "diag_3": 0.3017946203459847,
            "glyburide-metformin": 0.24859914908961678,
            "acarbose": 0.23840536734102924,
            "number_outpatient": 0.17159757948837454,
            "glipizide": 0.10759575238002451,
            "glipizide-metformin": -0.09945493326409488,
            "chlorpropamide": -0.06622106643189345,
            "medical_specialty": 0.03659878672501354,
            "race": 0.03586003608965753,
            "tolazamide": 0.03318610436154736,
            "tolbutamide": -0.029134346586110704,
            "troglitazone": -0.026035762444175617,
            "repaglinide": 0.01722661301206038,
            "miglitol": -0.01718518745018722,
            "metformin-rosiglitazone": -0.016906740110758663,
            "acetohexamide": -0.009562763632296934,
            "nateglinide": 0.008751293821172137,
            "glimepiride-pioglitazone": -0.008581250604686395,
            "metformin-pioglitazone": -0.007924961254803931
        },
        "Lime": {
            "race": 0.0,
            "gender": 0.0,
            "age": 0.0,
            "admission_type_id": 0.0,
            "discharge_disposition_id": -27.534427144933154,
            "admission_source_id": 0.0,
            "time_in_hospital": 26.72369343394291,
            "payer_code": 0.0,
            "medical_specialty": 0.0,
            "num_lab_procedures": 0.0,
            "num_procedures": 13.353979143596565,
            "num_medications": 0.0,
            "number_outpatient": 0.0,
            "number_emergency": -32.38790027752738,
            "number_inpatient": 0.0,
            "diag_1": 0.0,
            "diag_2": 0.0,
            "diag_3": 0.0,
            "number_diagnoses": 0.0,
            "metformin": 0.0,
            "repaglinide": 0.0,
            "nateglinide": 0.0,
            "chlorpropamide": 0.0,
            "glimepiride": 0.0,
            "acetohexamide": 0.0,
            "glipizide": 0.0,
            "glyburide": 0.0,
            "tolbutamide": 0.0,
            "pioglitazone": 0.0,
            "rosiglitazone": 0.0,
            "acarbose": 0.0,
            "miglitol": 0.0,
            "troglitazone": 0.0,
            "tolazamide": 0.0,
            "insulin": 0.0,
            "glyburide-metformin": 0.0,
            "glipizide-metformin": 0.0,
            "glimepiride-pioglitazone": 0.0,
            "metformin-rosiglitazone": 0.0,
            "metformin-pioglitazone": 0.0,
            "change": 0.0,
            "diabetesMed": 0.0
        },
        "Inherent": {
            "number_diagnoses": 12.07642633751064,
            "age": 10.91526446033228,
            "diabetesMed": 6.094309184390712,
            "payer_code": 4.4025576579849615,
            "time_in_hospital": 4.395007876681142,
            "change": 4.159001707407549,
            "num_procedures": 3.596920927574084,
            "metformin": 3.5219300043756054,
            "diag_2": 2.849513550268126,
            "admission_type_id": 1.170473449404669,
            "glimepiride": 1.1110283159342573,
            "num_lab_procedures": 0.9922212849078469,
            "num_medications": 0.8119158588581237,
            "glyburide": 0.6006478742478344,
            "rosiglitazone": 0.42846933962953726,
            "diag_1": 0.3145336789574233,
            "diag_3": 0.22982879848840715,
            "number_outpatient": 0.20389567419356627,
            "glyburide-metformin": 0.10690214618934925,
            "glipizide": 0.08213026094255702,
            "tolazamide": 0.04366214450778506,
            "race": 0.04224481160849462,
            "nateglinide": 0.023803292505655313,
            "medical_specialty": 0.020235816613956528,
            "acetohexamide": -0.0,
            "metformin-pioglitazone": -0.0,
            "metformin-rosiglitazone": -0.0,
            "glimepiride-pioglitazone": -0.0,
            "acarbose": -0.0,
            "chlorpropamide": -0.0,
            "repaglinide": 0.0,
            "troglitazone": -0.0,
            "miglitol": -0.0,
            "tolbutamide": -0.0,
            "glipizide-metformin": -0.0,
            "admission_source_id": -0.5827434154356718,
            "gender": -1.3203238411191927,
            "discharge_disposition_id": -2.5941971868202423,
            "number_emergency": -2.6686545836829936,
            "insulin": -3.213444291654944,
            "pioglitazone": -8.760441492041513,
            "number_inpatient": -22.667270735730863
        }
    },
    "DecisionTree": {
        "SHAP": {
            "discharge_disposition_id": 62.14836170408188,
            "payer_code": 20.597537459332504,
            "number_inpatient": -12.778381288326612,
            "diag_1": -2.0089457521727776,
            "number_diagnoses": 1.4724581548610722,
            "num_medications": -0.6009245559541077,
            "medical_specialty": -0.268467939279624,
            "admission_source_id": 0.12492314599143473,
            "gender": 0.0,
            "race": 0.0,
            "num_lab_procedures": 0.0,
            "time_in_hospital": 0.0,
            "admission_type_id": 0.0,
            "age": 0.0,
            "number_emergency": 0.0,
            "number_outpatient": 0.0,
            "diag_2": 0.0,
            "num_procedures": 0.0,
            "diag_3": 0.0,
            "metformin": 0.0,
            "repaglinide": 0.0,
            "nateglinide": 0.0,
            "chlorpropamide": 0.0,
            "glimepiride": 0.0,
            "acetohexamide": 0.0,
            "glipizide": 0.0,
            "glyburide": 0.0,
            "tolbutamide": 0.0,
            "pioglitazone": 0.0,
            "rosiglitazone": 0.0,
            "acarbose": 0.0,
            "miglitol": 0.0,
            "troglitazone": 0.0,
            "tolazamide": 0.0,
            "insulin": 0.0,
            "glyburide-metformin": 0.0,
            "glipizide-metformin": 0.0,
            "glimepiride-pioglitazone": 0.0,
            "metformin-rosiglitazone": 0.0,
            "metformin-pioglitazone": 0.0,
            "change": 0.0,
            "diabetesMed": 0.0
        },
        "Lime": {
            "race": 0.0,
            "gender": 0.0,
            "age": 0.0,
            "admission_type_id": 0.0,
            "discharge_disposition_id": 22.61282535235461,
            "admission_source_id": 3.0480649598231504,
            "time_in_hospital": -2.8759666009730993,
            "payer_code": 3.6313823830496994,
            "medical_specialty": 0.0,
            "num_lab_procedures": 0.0,
            "num_procedures": 0.0,
            "num_medications": 0.0,
            "number_outpatient": 3.472022655159613,
            "number_emergency": 0.0,
            "number_inpatient": -27.338370600955063,
            "diag_1": 2.0499012977922995,
            "diag_2": 4.900808462889266,
            "diag_3": 2.7954648069102968,
            "number_diagnoses": 2.6410827358086535,
            "metformin": -2.858142148476742,
            "repaglinide": 1.8251228378903643,
            "nateglinide": 6.185532214117427,
            "chlorpropamide": 0.0,
            "glimepiride": 0.0,
            "acetohexamide": 0.0,
            "glipizide": 0.0,
            "glyburide": 3.8300977259722,
            "tolbutamide": 0.0,
            "pioglitazone": 0.0,
            "rosiglitazone": -2.267062131410412,
            "acarbose": 5.242808843312517,
            "miglitol": 0.0,
            "troglitazone": 0.0,
            "tolazamide": 0.0,
            "insulin": 2.425344243104584,
            "glyburide-metformin": 0.0,
            "glipizide-metformin": 0.0,
            "glimepiride-pioglitazone": 0.0,
            "metformin-rosiglitazone": 0.0,
            "metformin-pioglitazone": 0.0,
            "change": 0.0,
            "diabetesMed": 0.0
        },
        "Inherent": {
            "discharge_disposition_id": 47.01241800020962,
            "payer_code": 32.571767198701664,
            "number_inpatient": -20.415814801088715,
            "gender": 0.0,
            "admission_type_id": 0.0,
            "race": 0.0,
            "admission_source_id": 0.0,
            "time_in_hospital": 0.0,
            "medical_specialty": 0.0,
            "age": 0.0,
            "num_lab_procedures": 0.0,
            "num_procedures": 0.0,
            "number_outpatient": 0.0,
            "num_medications": 0.0,
            "number_emergency": 0.0,
            "diag_1": 0.0,
            "diag_2": 0.0,
            "diag_3": 0.0,
            "number_diagnoses": 0.0,
            "metformin": 0.0,
            "repaglinide": 0.0,
            "nateglinide": 0.0,
            "chlorpropamide": 0.0,
            "glimepiride": 0.0,
            "acetohexamide": 0.0,
            "glipizide": 0.0,
            "glyburide": 0.0,
            "tolbutamide": 0.0,
            "pioglitazone": 0.0,
            "rosiglitazone": 0.0,
            "acarbose": 0.0,
            "miglitol": 0.0,
            "troglitazone": 0.0,
            "tolazamide": 0.0,
            "insulin": 0.0,
            "glyburide-metformin": 0.0,
            "glipizide-metformin": 0.0,
            "glimepiride-pioglitazone": 0.0,
            "metformin-rosiglitazone": 0.0,
            "metformin-pioglitazone": 0.0,
            "change": 0.0,
            "diabetesMed": 0.0
        }
    },
    "XGBOOST": {
        "SHAP": {
            "discharge_disposition_id": 22.104319758547632,
            "diag_1": -14.894132399620002,
            "payer_code": 10.292573571181276,
            "number_inpatient": -9.796439184493156,
            "diag_3": 7.0157373345431955,
            "diag_2": 5.9031428105826365,
            "medical_specialty": -4.641454794251054,
            "pioglitazone": -4.044860785309015,
            "age": 3.375700957810405,
            "diabetesMed": 3.0848975927123727,
            "num_lab_procedures": 2.75989647335427,
            "number_emergency": -1.7370426642498278,
            "time_in_hospital": 1.6754359772909806,
            "num_medications": 1.2068753633994787,
            "metformin": 1.11555330801181,
            "change": -0.9073731708930814,
            "gender": -0.7913088185180411,
            "glimepiride": 0.7418894892322229,
            "insulin": -0.6196572777567468,
            "glipizide": -0.47161090201738987,
            "num_procedures": -0.4182578886844203,
            "glyburide-metformin": 0.39669749985092534,
            "number_diagnoses": 0.39604346971526383,
            "number_outpatient": -0.3358896385639693,
            "acarbose": 0.31896586714457686,
            "admission_type_id": -0.2713773442516542,
            "race": 0.25853864611141547,
            "glyburide": 0.1648583745680788,
            "repaglinide": 0.09342702458709473,
            "rosiglitazone": 0.08522435492360239,
            "admission_source_id": -0.0808172578244185,
            "acetohexamide": 0.0,
            "nateglinide": 0.0,
            "chlorpropamide": 0.0,
            "tolazamide": 0.0,
            "troglitazone": 0.0,
            "miglitol": 0.0,
            "tolbutamide": 0.0,
            "glimepiride-pioglitazone": 0.0,
            "glipizide-metformin": 0.0,
            "metformin-pioglitazone": 0.0,
            "metformin-rosiglitazone": 0.0
        },
        "Lime": {
            "race": 0.0,
            "gender": -1.1719312066072982,
            "age": 2.5329982144536562,
            "admission_type_id": 0.0,
            "discharge_disposition_id": 13.616041040515173,
            "admission_source_id": 0.0,
            "time_in_hospital": 1.6913092356507236,
            "payer_code": 3.5473137714617082,
            "medical_specialty": -5.184745107111981,
            "num_lab_procedures": 0.0,
            "num_procedures": 2.337431267048359,
            "num_medications": 0.0,
            "number_outpatient": 0.0,
            "number_emergency": -6.549915863750649,
            "number_inpatient": -17.21012604856935,
            "diag_1": -6.056851227852208,
            "diag_2": 1.8140098653848975,
            "diag_3": 3.4142606296230906,
            "number_diagnoses": 2.483256300510415,
            "metformin": 4.21286242195341,
            "repaglinide": 0.0,
            "nateglinide": 0.0,
            "chlorpropamide": 9.097937614654072,
            "glimepiride": 0.0,
            "acetohexamide": 0.0,
            "glipizide": 0.0,
            "glyburide": 2.513577998025866,
            "tolbutamide": 0.0,
            "pioglitazone": -2.2037761656563677,
            "rosiglitazone": 2.2104899259001507,
            "acarbose": 3.850454577719531,
            "miglitol": 0.0,
            "troglitazone": 0.0,
            "tolazamide": 1.7802900510011872,
            "insulin": 0.0,
            "glyburide-metformin": 0.0,
            "glipizide-metformin": 0.0,
            "glimepiride-pioglitazone": 0.0,
            "metformin-rosiglitazone": 0.0,
            "metformin-pioglitazone": 0.0,
            "change": 1.6163689099559182,
            "diabetesMed": 4.90405255659399
        },
        "Inherent": {
            "race": 0.32343432307243347,
            "gender": -0.9014496803283691,
            "age": 2.7530598640441895,
            "admission_type_id": -0.09834147989749908,
            "discharge_disposition_id": 22.856975555419922,
            "admission_source_id": -0.39975792169570923,
            "time_in_hospital": 1.1182812452316284,
            "payer_code": 8.867916107177734,
            "medical_specialty": -4.811334609985352,
            "num_lab_procedures": 3.233645439147949,
            "num_procedures": -0.2513219118118286,
            "num_medications": -0.3975289762020111,
            "number_outpatient": -0.44071003794670105,
            "number_emergency": -1.717689871788025,
            "number_inpatient": -13.544837951660156,
            "diag_1": -15.96068000793457,
            "diag_2": 5.540654182434082,
            "diag_3": 5.425899505615234,
            "number_diagnoses": 1.1064690351486206,
            "metformin": 1.0470994710922241,
            "repaglinide": 0.06823272258043289,
            "nateglinide": -0.023669952526688576,
            "chlorpropamide": 0.014877879992127419,
            "glimepiride": 0.40598437190055847,
            "acetohexamide": 0.0,
            "glipizide": -0.5671964287757874,
            "glyburide": 0.30642470717430115,
            "tolbutamide": 0.0,
            "pioglitazone": -3.6818737983703613,
            "rosiglitazone": 0.04403281211853027,
            "acarbose": 0.04891442507505417,
            "miglitol": 0.0,
            "troglitazone": 0.0,
            "tolazamide": 0.0,
            "insulin": -0.689338743686676,
            "glyburide-metformin": 0.06544088572263718,
            "glipizide-metformin": 0.0,
            "glimepiride-pioglitazone": 0.0,
            "metformin-rosiglitazone": 0.0,
            "metformin-pioglitazone": 0.0,
            "change": -0.9551761746406555,
            "diabetesMed": 2.3317480087280273
        }
    }
}