{
    "LogisticRegression": {
        "SHAP": {
            "discharge_disposition_id": 26.00152171850415,
            "number_inpatient": -16.42781090234898,
            "age": 8.472598973826148,
            "number_diagnoses": 7.992555515081184,
            "insulin": 6.361548905990552,
            "diabetesMed": 6.319409472732391,
            "time_in_hospital": 4.827292091655793,
            "change": 3.3481915682959955,
            "metformin": 3.289020150188391,
            "num_procedures": 3.015366955692216,
            "number_emergency": -2.3145418761747223,
            "payer_code": -2.109428809787785,
            "glimepiride": 1.3950434163353653,
            "gender": 1.3919040859335676,
            "num_medications": -1.2152827231630061,
            "admission_type_id": 0.9502189682567549,
            "num_lab_procedures": 0.8762881982670022,
            "diag_3": -0.5197510331897501,
            "glyburide": 0.49222981984980335,
            "pioglitazone": 0.4504601238650342,
            "rosiglitazone": 0.43882732382687795,
            "diag_1": 0.3822783794013668,
            "admission_source_id": -0.2554380260948231,
            "glyburide-metformin": 0.19666014116907324,
            "acarbose": 0.18859611293299397,
            "diag_2": 0.1602072555816922,
            "number_outpatient": 0.1357462579016707,
            "medical_specialty": 0.08919695197170915,
            "glipizide": 0.08511612340483286,
            "glipizide-metformin": -0.07867613902663423,
            "chlorpropamide": -0.052385715399887005,
            "race": 0.028367915922261948,
            "tolazamide": 0.026252640013022827,
            "tolbutamide": -0.02304740275047282,
            "troglitazone": -0.020596195668675706,
            "repaglinide": 0.013627513043480024,
            "miglitol": -0.013594742388890827,
            "metformin-rosiglitazone": -0.013374470142261244,
            "acetohexamide": -0.0075648466729709395,
            "nateglinide": 0.006922914598003478,
            "glimepiride-pioglitazone": -0.006788397955121186,
            "metformin-pioglitazone": -0.006269224994681495
        },
        "Lime": {
            "race": 0.0,
            "gender": 0.0,
            "age": 0.0,
            "admission_type_id": 0.0,
            "discharge_disposition_id": 42.73080409127925,
            "admission_source_id": 0.0,
            "time_in_hospital": 22.077009335351296,
            "payer_code": 0.0,
            "medical_specialty": 0.0,
            "num_lab_procedures": 0.0,
            "num_procedures": 0.0,
            "num_medications": 0.0,
            "number_outpatient": 0.0,
            "number_emergency": -35.19218657336944,
            "number_inpatient": 0.0,
            "diag_1": 0.0,
            "diag_2": 0.0,
            "diag_3": 0.0,
            "number_diagnoses": 0.0,
            "metformin": 0.0,
            "repaglinide": 0.0,
            "nateglinide": 0.0,
            "chlorpropamide": 0.0,
            "glimepiride": 0.0,
            "acetohexamide": 0.0,
            "glipizide": 0.0,
            "glyburide": 0.0,
            "tolbutamide": 0.0,
            "pioglitazone": 0.0,
            "rosiglitazone": 0.0,
            "acarbose": 0.0,
            "miglitol": 0.0,
            "troglitazone": 0.0,
            "tolazamide": 0.0,
            "insulin": 0.0,
            "glyburide-metformin": 0.0,
            "glipizide-metformin": 0.0,
            "glimepiride-pioglitazone": 0.0,
            "metformin-rosiglitazone": 0.0,
            "metformin-pioglitazone": 0.0,
            "change": 0.0,
            "diabetesMed": 0.0
        },
        "Inherent": {
            "discharge_disposition_id": 24.66299518980382,
            "number_diagnoses": 9.712811324411465,
            "age": 8.778913670011693,
            "insulin": 6.405076347635304,
            "time_in_hospital": 5.696774596355305,
            "diabetesMed": 4.901522487389806,
            "change": 3.3449960901497597,
            "num_procedures": 2.8929265448205186,
            "metformin": 2.832612949745803,
            "gender": 1.2719559958014965,
            "admission_type_id": 0.9413867527174493,
            "glimepiride": 0.8935763037140745,
            "num_lab_procedures": 0.839306486659984,
            "pioglitazone": 0.530331716322579,
            "glyburide": 0.4830882342118953,
            "rosiglitazone": 0.3446087226309971,
            "diag_1": 0.2529727084408484,
            "diag_2": 0.2348538406915739,
            "number_outpatient": 0.16398892834335038,
            "glyburide-metformin": 0.08597910897586235,
            "medical_specialty": 0.07463264835901642,
            "glipizide": 0.06605561167395593,
            "tolazamide": 0.03511652866262772,
            "race": 0.033976598136000846,
            "nateglinide": 0.019144478883549008,
            "troglitazone": -0.0,
            "glimepiride-pioglitazone": -0.0,
            "glipizide-metformin": -0.0,
            "acarbose": -0.0,
            "miglitol": -0.0,
            "acetohexamide": -0.0,
            "chlorpropamide": -0.0,
            "repaglinide": 0.0,
            "tolbutamide": -0.0,
            "metformin-pioglitazone": -0.0,
            "metformin-rosiglitazone": -0.0,
            "admission_source_id": -0.46868806106066496,
            "diag_3": -0.5498858519300642,
            "num_medications": -0.7563601094142588,
            "number_emergency": -2.1463417849722726,
            "payer_code": -2.3483194485407646,
            "number_inpatient": -18.230800879533245
        }
    },
    "DecisionTree": {
        "SHAP": {
            "number_inpatient": -49.18057464058601,
            "discharge_disposition_id": -36.555464444743656,
            "diag_1": -4.518179369294976,
            "payer_code": -3.5941406832970904,
            "number_diagnoses": 3.31160264046357,
            "num_medications": -1.351497385271897,
            "medical_specialty": 1.2075849268288368,
            "admission_source_id": 0.2809559095139677,
            "gender": 0.0,
            "race": 0.0,
            "num_lab_procedures": 0.0,
            "time_in_hospital": 0.0,
            "admission_type_id": 0.0,
            "age": 0.0,
            "number_emergency": 0.0,
            "number_outpatient": 0.0,
            "diag_2": 0.0,
            "num_procedures": 0.0,
            "diag_3": 0.0,
            "metformin": 0.0,
            "repaglinide": 0.0,
            "nateglinide": 0.0,
            "chlorpropamide": 0.0,
            "glimepiride": 0.0,
            "acetohexamide": 0.0,
            "glipizide": 0.0,
            "glyburide": 0.0,
            "tolbutamide": 0.0,
            "pioglitazone": 0.0,
            "rosiglitazone": 0.0,
            "acarbose": 0.0,
            "miglitol": 0.0,
            "troglitazone": 0.0,
            "tolazamide": 0.0,
            "insulin": 0.0,
            "glyburide-metformin": 0.0,
            "glipizide-metformin": 0.0,
            "glimepiride-pioglitazone": 0.0,
            "metformin-rosiglitazone": 0.0,
            "metformin-pioglitazone": 0.0,
            "change": 0.0,
            "diabetesMed": 0.0
        },
        "Lime": {
            "race": 0.0,
            "gender": 0.0,
            "age": 3.9280995920346817,
            "admission_type_id": 0.0,
            "discharge_disposition_id": 0.0,
            "admission_source_id": 0.0,
            "time_in_hospital": 0.0,
            "payer_code": -2.9874108303376343,
            "medical_specialty": 0.0,
            "num_lab_procedures": 2.3418402685913464,
            "num_procedures": 0.0,
            "num_medications": 0.0,
            "number_outpatient": 0.0,
            "number_emergency": 0.0,
            "number_inpatient": -33.42197914628266,
            "diag_1": -5.521676502794022,
            "diag_2": 2.4329331855318466,
            "diag_3": -4.699357180370742,
            "number_diagnoses": 0.0,
            "metformin": 0.0,
            "repaglinide": 0.0,
            "nateglinide": 2.6921109975132134,
            "chlorpropamide": 3.9676730471503365,
            "glimepiride": 0.0,
            "acetohexamide": 0.0,
            "glipizide": 2.2356580654965557,
            "glyburide": 5.730162133400872,
            "tolbutamide": 0.0,
            "pioglitazone": 0.0,
            "rosiglitazone": 0.0,
            "acarbose": -19.071098174004213,
            "miglitol": 7.091484190418221,
            "troglitazone": 0.0,
            "tolazamide": 0.0,
            "insulin": 3.878516686073656,
            "glyburide-metformin": 0.0,
            "glipizide-metformin": 0.0,
            "glimepiride-pioglitazone": 0.0,
            "metformin-rosiglitazone": 0.0,
            "metformin-pioglitazone": 0.0,
            "change": 0.0,
            "diabetesMed": 0.0
        },
        "Inherent": {
            "discharge_disposition_id": -53.630243217373994,
            "number_inpatient": -46.369756782626006,
            "gender": 0.0,
            "age": 0.0,
            "admission_type_id": 0.0,
            "admission_source_id": 0.0,
            "time_in_hospital": 0.0,
            "payer_code": 0.0,
            "medical_specialty": 0.0,
            "race": 0.0,
            "num_lab_procedures": 0.0,
            "num_procedures": 0.0,
            "number_outpatient": 0.0,
            "num_medications": 0.0,
            "number_emergency": 0.0,
            "diag_1": 0.0,
            "diag_2": 0.0,
            "diag_3": 0.0,
            "number_diagnoses": 0.0,
            "metformin": 0.0,
            "repaglinide": 0.0,
            "nateglinide": 0.0,
            "chlorpropamide": 0.0,
            "glimepiride": 0.0,
            "acetohexamide": 0.0,
            "glipizide": 0.0,
            "glyburide": 0.0,
            "tolbutamide": 0.0,
            "pioglitazone": 0.0,
            "rosiglitazone": 0.0,
            "acarbose": 0.0,
            "miglitol": 0.0,
            "troglitazone": 0.0,
            "tolazamide": 0.0,
            "insulin": 0.0,
            "glyburide-metformin": 0.0,
            "glipizide-metformin": 0.0,
            "glimepiride-pioglitazone": 0.0,
            "metformin-rosiglitazone": 0.0,
            "metformin-pioglitazone": 0.0,
            "change": 0.0,
            "diabetesMed": 0.0
        }
    },
    "XGBOOST": {
        "SHAP": {
            "discharge_disposition_id": -51.246321995945785,
            "diag_1": -13.582352136898818,
            "number_inpatient": -7.7568210809189475,
            "age": 4.2554299525851995,
            "time_in_hospital": 3.525233394193964,
            "diag_3": -2.7724044864555744,
            "payer_code": -2.598714491478786,
            "diabetesMed": 2.2688509073820393,
            "num_lab_procedures": -1.788085475220693,
            "insulin": 1.6973748511462363,
            "number_emergency": -1.2397535345188728,
            "num_medications": -1.1292741282612102,
            "medical_specialty": 1.0881999653758927,
            "metformin": 0.6496137902532595,
            "gender": 0.5183265739562477,
            "number_outpatient": -0.3964010644038083,
            "rosiglitazone": 0.3647772627258248,
            "number_diagnoses": -0.3634203313167743,
            "glipizide": -0.36055620645306086,
            "glyburide": 0.3090825519336832,
            "glimepiride": 0.2916679677476755,
            "glyburide-metformin": 0.2699470983032628,
            "acarbose": 0.2677505150753778,
            "pioglitazone": 0.24638989299552888,
            "race": 0.24298290184725943,
            "num_procedures": -0.1845494089207749,
            "admission_source_id": 0.18241834090403178,
            "diag_2": -0.17413970332045065,
            "admission_type_id": -0.13026663151366213,
            "change": 0.08664036031676899,
            "repaglinide": 0.012252997630515457,
            "acetohexamide": 0.0,
            "nateglinide": 0.0,
            "chlorpropamide": 0.0,
            "tolazamide": 0.0,
            "troglitazone": 0.0,
            "miglitol": 0.0,
            "tolbutamide": 0.0,
            "glimepiride-pioglitazone": 0.0,
            "glipizide-metformin": 0.0,
            "metformin-pioglitazone": 0.0,
            "metformin-rosiglitazone": 0.0
        },
        "Lime": {
            "race": 0.0,
            "gender": 0.0,
            "age": 0.0,
            "admission_type_id": 0.0,
            "discharge_disposition_id": 0.0,
            "admission_source_id": 0.0,
            "time_in_hospital": 0.0,
            "payer_code": 0.0,
            "medical_specialty": 1.8535756345311782,
            "num_lab_procedures": -2.3453638659707776,
            "num_procedures": 0.0,
            "num_medications": 0.0,
            "number_outpatient": 2.1508409007453375,
            "number_emergency": -7.609439562097707,
            "number_inpatient": -20.45265160386171,
            "diag_1": -6.396459653741357,
            "diag_2": 0.0,
            "diag_3": 0.0,
            "number_diagnoses": 0.0,
            "metformin": 2.531381969783873,
            "repaglinide": 2.5312833224176985,
            "nateglinide": 5.8746258034494385,
            "chlorpropamide": 0.0,
            "glimepiride": 4.705025067567743,
            "acetohexamide": 0.0,
            "glipizide": -2.760231923708696,
            "glyburide": 18.228845694069058,
            "tolbutamide": 0.0,
            "pioglitazone": 3.374107803143353,
            "rosiglitazone": 1.574163273456069,
            "acarbose": -2.9169854843513083,
            "miglitol": 0.0,
            "troglitazone": 0.0,
            "tolazamide": 9.080572253098241,
            "insulin": 0.0,
            "glyburide-metformin": 0.0,
            "glipizide-metformin": 0.0,
            "glimepiride-pioglitazone": 0.0,
            "metformin-rosiglitazone": 0.0,
            "metformin-pioglitazone": 0.0,
            "change": 0.0,
            "diabetesMed": 5.614446184006459
        },
        "Inherent": {
            "race": 0.2836270332336426,
            "gender": 0.4131656587123871,
            "age": 3.521843910217285,
            "admission_type_id": -0.038414668291807175,
            "discharge_disposition_id": -49.19465255737305,
            "admission_source_id": -0.06802334636449814,
            "time_in_hospital": 2.690852165222168,
            "payer_code": -3.186541795730591,
            "medical_specialty": 0.800198495388031,
            "num_lab_procedures": -1.3287724256515503,
            "num_procedures": -0.04632299393415451,
            "num_medications": -2.452000856399536,
            "number_outpatient": -0.5157366991043091,
            "number_emergency": -1.2054167985916138,
            "number_inpatient": -10.428400993347168,
            "diag_1": -13.824918746948242,
            "diag_2": -0.7040532827377319,
            "diag_3": -3.704035997390747,
            "number_diagnoses": 0.19968198239803314,
            "metformin": 0.5872948169708252,
            "repaglinide": -0.004653097130358219,
            "nateglinide": -0.007870258763432503,
            "chlorpropamide": 0.010671697556972504,
            "glimepiride": 0.13527661561965942,
            "acetohexamide": 0.0,
            "glipizide": -0.2814880907535553,
            "glyburide": 0.13382253050804138,
            "tolbutamide": 0.0,
            "pioglitazone": 0.2490473985671997,
            "rosiglitazone": 0.2183956354856491,
            "acarbose": 0.04023256525397301,
            "miglitol": 0.0,
            "troglitazone": 0.0,
            "tolazamide": 0.0,
            "insulin": 1.9561138153076172,
            "glyburide-metformin": 0.04476853460073471,
            "glipizide-metformin": 0.0,
            "glimepiride-pioglitazone": 0.0,
            "metformin-rosiglitazone": 0.0,
            "metformin-pioglitazone": 0.0,
            "change": 0.0835200622677803,
            "diabetesMed": 1.640190601348877
        }
    }
}