{
    "LogisticRegression": {
        "SHAP": {
            "metformin": -21.59952458945204,
            "number_diagnoses": -18.647494306024335,
            "number_inpatient": -14.058399213712047,
            "age": -8.949249236033063,
            "discharge_disposition_id": -6.106659276345228,
            "diabetesMed": 5.407950072634592,
            "payer_code": -5.0569159659553415,
            "change": 2.8652760852244317,
            "num_medications": -2.7001269996006485,
            "insulin": -2.497769626057256,
            "number_emergency": -1.980711482834616,
            "diag_1": 1.961156759972435,
            "time_in_hospital": -1.5988712626533261,
            "glimepiride": 1.1938338823037569,
            "gender": -0.8706884049374518,
            "admission_type_id": 0.8131672366818468,
            "diag_3": -0.44478643927390304,
            "glyburide": 0.4212346583166857,
            "num_procedures": 0.4053613943536171,
            "pioglitazone": 0.3854894781049203,
            "rosiglitazone": 0.37553449701329467,
            "diag_2": 0.3567614511478027,
            "num_lab_procedures": -0.23484913690939632,
            "admission_source_id": -0.21859575609615403,
            "glyburide-metformin": 0.16829550756421702,
            "acarbose": 0.16139456812150413,
            "number_outpatient": 0.11616733943999351,
            "medical_specialty": 0.07633192072385524,
            "glipizide": 0.07283967714637019,
            "glipizide-metformin": -0.06732854289622854,
            "chlorpropamide": -0.04483003271496202,
            "race": 0.024276362156028474,
            "tolazamide": 0.02246617616375003,
            "tolbutamide": -0.019723235836554612,
            "troglitazone": -0.01762557060798453,
            "repaglinide": 0.011661993176943402,
            "miglitol": -0.011633949090762465,
            "metformin-rosiglitazone": -0.01144544709270397,
            "acetohexamide": -0.006473755703137545,
            "nateglinide": 0.005924410605873934,
            "glimepiride-pioglitazone": -0.0058092955319442,
            "metformin-pioglitazone": -0.005365003788983957
        },
        "Lime": {
            "race": -37.534182148836734,
            "gender": 0.0,
            "age": 0.0,
            "admission_type_id": 0.0,
            "discharge_disposition_id": -12.9981429931897,
            "admission_source_id": 0.0,
            "time_in_hospital": 0.0,
            "payer_code": 0.0,
            "medical_specialty": 0.0,
            "num_lab_procedures": 0.0,
            "num_procedures": 0.0,
            "num_medications": 0.0,
            "number_outpatient": 0.0,
            "number_emergency": -24.935951866949694,
            "number_inpatient": 0.0,
            "diag_1": 0.0,
            "diag_2": 0.0,
            "diag_3": 0.0,
            "number_diagnoses": -24.531722991023877,
            "metformin": 0.0,
            "repaglinide": 0.0,
            "nateglinide": 0.0,
            "chlorpropamide": 0.0,
            "glimepiride": 0.0,
            "acetohexamide": 0.0,
            "glipizide": 0.0,
            "glyburide": 0.0,
            "tolbutamide": 0.0,
            "pioglitazone": 0.0,
            "rosiglitazone": 0.0,
            "acarbose": 0.0,
            "miglitol": 0.0,
            "troglitazone": 0.0,
            "tolazamide": 0.0,
            "insulin": 0.0,
            "glyburide-metformin": 0.0,
            "glipizide-metformin": 0.0,
            "glimepiride-pioglitazone": 0.0,
            "metformin-rosiglitazone": 0.0,
            "metformin-pioglitazone": 0.0,
            "change": 0.0,
            "diabetesMed": 0.0
        },
        "Inherent": {
            "diabetesMed": 4.430118839661508,
            "change": 3.023291280554323,
            "diag_1": 1.9003569591784397,
            "admission_type_id": 0.85084893507083,
            "glimepiride": 0.8076366532935981,
            "pioglitazone": 0.47932709352963027,
            "diag_2": 0.43699581804882814,
            "glyburide": 0.43662725063628355,
            "num_procedures": 0.3894233295122244,
            "rosiglitazone": 0.3114659982417533,
            "number_outpatient": 0.14821730244405218,
            "glyburide-metformin": 0.07771007303775854,
            "medical_specialty": 0.06745485762836548,
            "glipizide": 0.05970271696090749,
            "tolazamide": 0.03173919850659828,
            "race": 0.030708900733833346,
            "nateglinide": 0.017303259710775547,
            "acetohexamide": -0.0,
            "troglitazone": -0.0,
            "miglitol": -0.0,
            "acarbose": -0.0,
            "glipizide-metformin": -0.0,
            "metformin-pioglitazone": -0.0,
            "glimepiride-pioglitazone": -0.0,
            "chlorpropamide": -0.0,
            "repaglinide": 0.0,
            "metformin-rosiglitazone": -0.0,
            "tolbutamide": -0.0,
            "num_lab_procedures": -0.24888195636617363,
            "admission_source_id": -0.42361201332261655,
            "diag_3": -0.49700061125211,
            "time_in_hospital": -0.7132235226017158,
            "gender": -0.9597792540585003,
            "number_emergency": -1.9399174853162688,
            "insulin": -2.3359399180346245,
            "num_medications": -2.38204509128897,
            "payer_code": -5.449225379412868,
            "discharge_disposition_id": -6.721157462678469,
            "age": -8.638979358710284,
            "number_inpatient": -16.477454637068732,
            "number_diagnoses": -17.29661155236566,
            "metformin": -22.417243290773285
        }
    },
    "DecisionTree": {
        "SHAP": {
            "discharge_disposition_id": -33.062562648670294,
            "number_inpatient": -32.44788816476845,
            "number_diagnoses": -21.86846585949738,
            "diag_1": 8.666279939822461,
            "payer_code": -1.807819876980274,
            "num_medications": -1.3511549541952077,
            "medical_specialty": 0.6074041686816428,
            "admission_source_id": 0.18842438738428138,
            "gender": 0.0,
            "race": 0.0,
            "num_lab_procedures": 0.0,
            "time_in_hospital": 0.0,
            "admission_type_id": 0.0,
            "age": 0.0,
            "number_emergency": 0.0,
            "number_outpatient": 0.0,
            "diag_2": 0.0,
            "num_procedures": 0.0,
            "diag_3": 0.0,
            "metformin": 0.0,
            "repaglinide": 0.0,
            "nateglinide": 0.0,
            "chlorpropamide": 0.0,
            "glimepiride": 0.0,
            "acetohexamide": 0.0,
            "glipizide": 0.0,
            "glyburide": 0.0,
            "tolbutamide": 0.0,
            "pioglitazone": 0.0,
            "rosiglitazone": 0.0,
            "acarbose": 0.0,
            "miglitol": 0.0,
            "troglitazone": 0.0,
            "tolazamide": 0.0,
            "insulin": 0.0,
            "glyburide-metformin": 0.0,
            "glipizide-metformin": 0.0,
            "glimepiride-pioglitazone": 0.0,
            "metformin-rosiglitazone": 0.0,
            "metformin-pioglitazone": 0.0,
            "change": 0.0,
            "diabetesMed": 0.0
        },
        "Lime": {
            "race": 2.6618938864635995,
            "gender": 0.0,
            "age": 0.0,
            "admission_type_id": 0.0,
            "discharge_disposition_id": -19.902684011327988,
            "admission_source_id": 0.0,
            "time_in_hospital": 0.0,
            "payer_code": 0.0,
            "medical_specialty": 0.0,
            "num_lab_procedures": 0.0,
            "num_procedures": 0.0,
            "num_medications": 0.0,
            "number_outpatient": 0.0,
            "number_emergency": -2.819261582468433,
            "number_inpatient": -34.4414123870768,
            "diag_1": -3.3633531244739925,
            "diag_2": 0.0,
            "diag_3": 0.0,
            "number_diagnoses": -7.792536348644654,
            "metformin": 0.0,
            "repaglinide": 7.4731056895140995,
            "nateglinide": 0.0,
            "chlorpropamide": 0.0,
            "glimepiride": 0.0,
            "acetohexamide": 0.0,
            "glipizide": 0.0,
            "glyburide": 7.075506382555274,
            "tolbutamide": 0.0,
            "pioglitazone": 0.0,
            "rosiglitazone": 5.518805231587635,
            "acarbose": 5.638081883413396,
            "miglitol": 0.0,
            "troglitazone": 0.0,
            "tolazamide": 3.313359472474135,
            "insulin": 0.0,
            "glyburide-metformin": 0.0,
            "glipizide-metformin": 0.0,
            "glimepiride-pioglitazone": 0.0,
            "metformin-rosiglitazone": 0.0,
            "metformin-pioglitazone": 0.0,
            "change": 0.0,
            "diabetesMed": 0.0
        },
        "Inherent": {
            "number_inpatient": -39.273799514568424,
            "discharge_disposition_id": -27.369612223924538,
            "number_diagnoses": -24.11268218732319,
            "diag_1": 9.243906074183842,
            "gender": 0.0,
            "admission_source_id": 0.0,
            "time_in_hospital": 0.0,
            "age": 0.0,
            "admission_type_id": 0.0,
            "race": 0.0,
            "num_lab_procedures": 0.0,
            "medical_specialty": 0.0,
            "payer_code": 0.0,
            "num_procedures": 0.0,
            "number_emergency": 0.0,
            "number_outpatient": 0.0,
            "diag_2": 0.0,
            "num_medications": 0.0,
            "diag_3": 0.0,
            "metformin": 0.0,
            "repaglinide": 0.0,
            "nateglinide": 0.0,
            "chlorpropamide": 0.0,
            "glimepiride": 0.0,
            "acetohexamide": 0.0,
            "glipizide": 0.0,
            "glyburide": 0.0,
            "tolbutamide": 0.0,
            "pioglitazone": 0.0,
            "rosiglitazone": 0.0,
            "acarbose": 0.0,
            "miglitol": 0.0,
            "troglitazone": 0.0,
            "tolazamide": 0.0,
            "insulin": 0.0,
            "glyburide-metformin": 0.0,
            "glipizide-metformin": 0.0,
            "glimepiride-pioglitazone": 0.0,
            "metformin-rosiglitazone": 0.0,
            "metformin-pioglitazone": 0.0,
            "change": 0.0,
            "diabetesMed": 0.0
        }
    },
    "XGBOOST": {
        "SHAP": {
            "discharge_disposition_id": -14.853706584837942,
            "metformin": -14.526758281065153,
            "number_inpatient": -13.436498898629493,
            "number_diagnoses": -10.13526291145681,
            "age": -8.497968011040207,
            "diag_2": -5.779548773029913,
            "diag_3": -5.3809947787940375,
            "time_in_hospital": 4.845185566420023,
            "diag_1": 4.541589318163282,
            "diabetesMed": 2.8739852128793713,
            "payer_code": -2.5049664452742313,
            "insulin": -2.1911588452703366,
            "number_emergency": -1.8633921761379555,
            "num_medications": -1.1454461153913305,
            "num_lab_procedures": 1.0829021193688377,
            "admission_source_id": 0.9619598850769937,
            "num_procedures": 0.9082191661070531,
            "gender": 0.7039463526771746,
            "glimepiride": 0.6977511954511356,
            "medical_specialty": 0.5350835644483413,
            "number_outpatient": -0.5348042468403245,
            "pioglitazone": 0.40647627721503754,
            "change": 0.34706956895730806,
            "glipizide": -0.2541004179007797,
            "race": 0.24398454290234595,
            "acarbose": 0.24171537907296126,
            "glyburide-metformin": 0.19401933958483752,
            "rosiglitazone": 0.11717674166283143,
            "glyburide": 0.09868249191852958,
            "admission_type_id": -0.08102245084054291,
            "repaglinide": 0.014624341584879299,
            "acetohexamide": 0.0,
            "nateglinide": 0.0,
            "chlorpropamide": 0.0,
            "tolazamide": 0.0,
            "troglitazone": 0.0,
            "miglitol": 0.0,
            "tolbutamide": 0.0,
            "glimepiride-pioglitazone": 0.0,
            "glipizide-metformin": 0.0,
            "metformin-pioglitazone": 0.0,
            "metformin-rosiglitazone": 0.0
        },
        "Lime": {
            "race": 0.0,
            "gender": 0.0,
            "age": 0.0,
            "admission_type_id": 0.0,
            "discharge_disposition_id": -8.415280925666824,
            "admission_source_id": 0.0,
            "time_in_hospital": 0.0,
            "payer_code": 0.0,
            "medical_specialty": 3.2660990304451074,
            "num_lab_procedures": 0.0,
            "num_procedures": 0.0,
            "num_medications": -3.9645053040390827,
            "number_outpatient": 0.0,
            "number_emergency": -3.5340548072171276,
            "number_inpatient": -22.14887977218797,
            "diag_1": -3.3434370501389727,
            "diag_2": 1.7354332465638267,
            "diag_3": -5.849996494715269,
            "number_diagnoses": -4.953401061449193,
            "metformin": -7.001659922670061,
            "repaglinide": 0.0,
            "nateglinide": 4.474152008036374,
            "chlorpropamide": 0.0,
            "glimepiride": 8.652146972977521,
            "acetohexamide": 0.0,
            "glipizide": 0.0,
            "glyburide": 4.394713239599233,
            "tolbutamide": 4.389717244604448,
            "pioglitazone": 4.14477798475785,
            "rosiglitazone": 0.0,
            "acarbose": 1.9185052959644961,
            "miglitol": 0.0,
            "troglitazone": 0.0,
            "tolazamide": 0.0,
            "insulin": 0.0,
            "glyburide-metformin": 0.0,
            "glipizide-metformin": 0.0,
            "glimepiride-pioglitazone": 0.0,
            "metformin-rosiglitazone": 0.0,
            "metformin-pioglitazone": 0.0,
            "change": 0.0,
            "diabetesMed": 7.813239638966662
        },
        "Inherent": {
            "race": 0.3544149696826935,
            "gender": 0.738439679145813,
            "age": -8.438965797424316,
            "admission_type_id": -0.07684019207954407,
            "discharge_disposition_id": -14.560680389404297,
            "admission_source_id": 0.6420456171035767,
            "time_in_hospital": 3.6088504791259766,
            "payer_code": -2.530169725418091,
            "medical_specialty": 0.4363446533679962,
            "num_lab_procedures": 1.4270539283752441,
            "num_procedures": 0.7936998009681702,
            "num_medications": -2.004364252090454,
            "number_outpatient": -0.7641535997390747,
            "number_emergency": -1.9228205680847168,
            "number_inpatient": -17.825332641601562,
            "diag_1": 2.998011589050293,
            "diag_2": -6.2760844230651855,
            "diag_3": -5.823468208312988,
            "number_diagnoses": -8.64285945892334,
            "metformin": -14.077475547790527,
            "repaglinide": -0.0020637952256947756,
            "nateglinide": 0.007121798116713762,
            "chlorpropamide": 0.013997090980410576,
            "glimepiride": 0.4191070795059204,
            "acetohexamide": 0.0,
            "glipizide": -0.22125869989395142,
            "glyburide": 0.06954943388700485,
            "tolbutamide": 0.0,
            "pioglitazone": 0.4658568203449249,
            "rosiglitazone": 0.06080751121044159,
            "acarbose": 0.030099621042609215,
            "miglitol": 0.0,
            "troglitazone": 0.0,
            "tolazamide": 0.0,
            "insulin": -2.2757863998413086,
            "glyburide-metformin": 0.026532180607318878,
            "glipizide-metformin": 0.0,
            "glimepiride-pioglitazone": 0.0,
            "metformin-rosiglitazone": 0.0,
            "metformin-pioglitazone": 0.0,
            "change": 0.36166730523109436,
            "diabetesMed": 2.104069948196411
        }
    }
}