{
    "LogisticRegression": {
        "SHAP": {
            "number_inpatient": 23.240703561287802,
            "age": -19.96274855188763,
            "number_diagnoses": 8.008645555827295,
            "discharge_disposition_id": -7.150245019232241,
            "time_in_hospital": -6.3448521655610906,
            "diabetesMed": 6.332131255610943,
            "payer_code": 3.9782166268528587,
            "metformin": 3.2956413701638367,
            "num_procedures": 3.0214372766415067,
            "insulin": -2.924621142215469,
            "change": -2.7154564240084573,
            "number_emergency": -2.319201346231072,
            "diag_2": 2.019382417646347,
            "glimepiride": 1.3978518178996806,
            "num_medications": -1.2177292433650668,
            "gender": -1.019483018288398,
            "admission_type_id": 0.9521318810777082,
            "diag_1": -0.6564380784384634,
            "glyburide": 0.4932207416948741,
            "pioglitazone": 0.4513669579475515,
            "rosiglitazone": 0.4397107395889029,
            "num_lab_procedures": -0.40309828275456683,
            "diag_3": 0.33739147662120783,
            "admission_source_id": -0.2559522556475884,
            "glyburide-metformin": 0.19705604329056317,
            "acarbose": 0.18897578112997104,
            "number_outpatient": 0.13601953255289442,
            "race": -0.09598551062854574,
            "medical_specialty": 0.08937651689170824,
            "glipizide": 0.08528747309282074,
            "glipizide-metformin": -0.07883452419897324,
            "chlorpropamide": -0.05249117457295223,
            "tolazamide": 0.026305489949029592,
            "tolbutamide": -0.0230938001322173,
            "troglitazone": -0.02063765845575283,
            "repaglinide": 0.013654946977435694,
            "miglitol": -0.013622110351310031,
            "metformin-rosiglitazone": -0.013401394668358135,
            "acetohexamide": -0.007580075680886683,
            "nateglinide": 0.006936851314208145,
            "glimepiride-pioglitazone": -0.006802063872047585,
            "metformin-pioglitazone": -0.006281845749760472
        },
        "Lime": {
            "race": -23.63515135205804,
            "gender": 0.0,
            "age": 0.0,
            "admission_type_id": 0.0,
            "discharge_disposition_id": -11.00218787665956,
            "admission_source_id": 0.0,
            "time_in_hospital": 0.0,
            "payer_code": 0.0,
            "medical_specialty": 0.0,
            "num_lab_procedures": 0.0,
            "num_procedures": 0.0,
            "num_medications": 0.0,
            "number_outpatient": 0.0,
            "number_emergency": -11.244707110697465,
            "number_inpatient": 54.11795366058494,
            "diag_1": 0.0,
            "diag_2": 0.0,
            "diag_3": 0.0,
            "number_diagnoses": 0.0,
            "metformin": 0.0,
            "repaglinide": 0.0,
            "nateglinide": 0.0,
            "chlorpropamide": 0.0,
            "glimepiride": 0.0,
            "acetohexamide": 0.0,
            "glipizide": 0.0,
            "glyburide": 0.0,
            "tolbutamide": 0.0,
            "pioglitazone": 0.0,
            "rosiglitazone": 0.0,
            "acarbose": 0.0,
            "miglitol": 0.0,
            "troglitazone": 0.0,
            "tolazamide": 0.0,
            "insulin": 0.0,
            "glyburide-metformin": 0.0,
            "glipizide-metformin": 0.0,
            "glimepiride-pioglitazone": 0.0,
            "metformin-rosiglitazone": 0.0,
            "metformin-pioglitazone": 0.0,
            "change": 0.0,
            "diabetesMed": 0.0
        },
        "Inherent": {
            "number_inpatient": 21.89366767893685,
            "number_diagnoses": 10.553391092754282,
            "diabetesMed": 5.325716935254969,
            "payer_code": 3.8473229972678347,
            "num_procedures": 3.143290259676821,
            "metformin": 3.0777569206904314,
            "diag_2": 2.2077026552320547,
            "admission_type_id": 1.0228575681271348,
            "glimepiride": 0.970909440051727,
            "pioglitazone": 0.5762284290622649,
            "glyburide": 0.5248963351252095,
            "rosiglitazone": 0.37443233502940115,
            "diag_3": 0.30395975638398554,
            "number_outpatient": 0.17818108865549284,
            "glyburide-metformin": 0.09342003386272886,
            "medical_specialty": 0.0810916119044896,
            "glipizide": 0.07177228925618018,
            "tolazamide": 0.03815563264007722,
            "nateglinide": 0.020801307281371577,
            "troglitazone": -0.0,
            "glimepiride-pioglitazone": -0.0,
            "miglitol": -0.0,
            "repaglinide": 0.0,
            "chlorpropamide": -0.0,
            "tolbutamide": -0.0,
            "acetohexamide": -0.0,
            "metformin-pioglitazone": -0.0,
            "metformin-rosiglitazone": -0.0,
            "glipizide-metformin": -0.0,
            "acarbose": -0.0,
            "race": -0.09376276956413594,
            "num_lab_procedures": -0.43376724623038376,
            "admission_source_id": -0.5092499219506467,
            "diag_1": -0.8170018828651298,
            "num_medications": -0.8218180890166484,
            "gender": -1.1538093700069436,
            "number_emergency": -2.332093512266926,
            "change": -2.7418032990686036,
            "insulin": -2.8081763111721956,
            "time_in_hospital": -5.555544644149036,
            "discharge_disposition_id": -8.079914652185048,
            "age": -20.347503934331
        }
    },
    "DecisionTree": {
        "SHAP": {
            "discharge_disposition_id": -34.84592021947993,
            "number_inpatient": 31.790179809839415,
            "num_medications": -15.990565221608325,
            "payer_code": 7.304577987010494,
            "diag_1": -3.4862600193344457,
            "number_diagnoses": 3.1731833374446357,
            "admission_source_id": 1.427507222462274,
            "number_emergency": -1.0614646906726117,
            "medical_specialty": 0.9203414921478658,
            "gender": 0.0,
            "num_lab_procedures": 0.0,
            "time_in_hospital": 0.0,
            "admission_type_id": 0.0,
            "age": 0.0,
            "race": 0.0,
            "number_outpatient": 0.0,
            "diag_2": 0.0,
            "num_procedures": 0.0,
            "diag_3": 0.0,
            "metformin": 0.0,
            "repaglinide": 0.0,
            "nateglinide": 0.0,
            "chlorpropamide": 0.0,
            "glimepiride": 0.0,
            "acetohexamide": 0.0,
            "glipizide": 0.0,
            "glyburide": 0.0,
            "tolbutamide": 0.0,
            "pioglitazone": 0.0,
            "rosiglitazone": 0.0,
            "acarbose": 0.0,
            "miglitol": 0.0,
            "troglitazone": 0.0,
            "tolazamide": 0.0,
            "insulin": 0.0,
            "glyburide-metformin": 0.0,
            "glipizide-metformin": 0.0,
            "glimepiride-pioglitazone": 0.0,
            "metformin-rosiglitazone": 0.0,
            "metformin-pioglitazone": 0.0,
            "change": 0.0,
            "diabetesMed": 0.0
        },
        "Lime": {
            "race": 0.0,
            "gender": 0.0,
            "age": 0.0,
            "admission_type_id": 0.0,
            "discharge_disposition_id": -18.707779349086888,
            "admission_source_id": 0.0,
            "time_in_hospital": 0.0,
            "payer_code": 5.23394234745644,
            "medical_specialty": 0.0,
            "num_lab_procedures": 0.0,
            "num_procedures": 0.0,
            "num_medications": 0.0,
            "number_outpatient": 5.423341749784,
            "number_emergency": -5.930315367640462,
            "number_inpatient": 9.957567388873708,
            "diag_1": -11.201143767629643,
            "diag_2": 6.918457861028518,
            "diag_3": 0.0,
            "number_diagnoses": 5.839228887270062,
            "metformin": 0.0,
            "repaglinide": 8.28550521447053,
            "nateglinide": 5.17829496913201,
            "chlorpropamide": 0.0,
            "glimepiride": -4.624656365032362,
            "acetohexamide": 0.0,
            "glipizide": 0.0,
            "glyburide": 0.0,
            "tolbutamide": 0.0,
            "pioglitazone": -6.532062766216075,
            "rosiglitazone": 0.0,
            "acarbose": 3.227693825376706,
            "miglitol": 2.9400101410025945,
            "troglitazone": 0.0,
            "tolazamide": 0.0,
            "insulin": 0.0,
            "glyburide-metformin": 0.0,
            "glipizide-metformin": 0.0,
            "glimepiride-pioglitazone": 0.0,
            "metformin-rosiglitazone": 0.0,
            "metformin-pioglitazone": 0.0,
            "change": 0.0,
            "diabetesMed": 0.0
        },
        "Inherent": {
            "number_inpatient": 41.339934239452816,
            "discharge_disposition_id": -36.13740178542741,
            "num_medications": -17.559753757631547,
            "number_emergency": -4.962910217488232,
            "gender": 0.0,
            "admission_source_id": 0.0,
            "time_in_hospital": 0.0,
            "age": 0.0,
            "admission_type_id": 0.0,
            "race": 0.0,
            "num_lab_procedures": 0.0,
            "medical_specialty": 0.0,
            "payer_code": 0.0,
            "num_procedures": 0.0,
            "number_outpatient": 0.0,
            "diag_1": 0.0,
            "diag_2": 0.0,
            "diag_3": 0.0,
            "number_diagnoses": 0.0,
            "metformin": 0.0,
            "repaglinide": 0.0,
            "nateglinide": 0.0,
            "chlorpropamide": 0.0,
            "glimepiride": 0.0,
            "acetohexamide": 0.0,
            "glipizide": 0.0,
            "glyburide": 0.0,
            "tolbutamide": 0.0,
            "pioglitazone": 0.0,
            "rosiglitazone": 0.0,
            "acarbose": 0.0,
            "miglitol": 0.0,
            "troglitazone": 0.0,
            "tolazamide": 0.0,
            "insulin": 0.0,
            "glyburide-metformin": 0.0,
            "glipizide-metformin": 0.0,
            "glimepiride-pioglitazone": 0.0,
            "metformin-rosiglitazone": 0.0,
            "metformin-pioglitazone": 0.0,
            "change": 0.0,
            "diabetesMed": 0.0
        }
    },
    "XGBOOST": {
        "SHAP": {
            "number_inpatient": 20.539783427545487,
            "discharge_disposition_id": -14.017481310710602,
            "diag_2": 11.988140710608597,
            "age": 10.065967566938424,
            "diag_3": 9.349042581637127,
            "payer_code": 7.788842495026158,
            "number_emergency": -3.0954636869334626,
            "metformin": 2.9285120967834657,
            "medical_specialty": 2.8442787237510934,
            "diabetesMed": 2.6924645911235134,
            "number_diagnoses": 2.4565057149441243,
            "insulin": -1.8272300439706672,
            "num_procedures": 1.5295416912392412,
            "time_in_hospital": -1.3820319763001494,
            "race": -0.9824033489818433,
            "glyburide": 0.9249777394074765,
            "glimepiride": 0.8355254662419459,
            "gender": -0.8336023963017257,
            "glipizide": -0.6546402121583708,
            "change": 0.5450450493586602,
            "num_medications": -0.43806716032208476,
            "pioglitazone": 0.4285998250726215,
            "glyburide-metformin": 0.32301681129886833,
            "acarbose": 0.2925849441321844,
            "admission_type_id": 0.28388443811660613,
            "number_outpatient": -0.2795118483139693,
            "admission_source_id": 0.27242895006666074,
            "diag_1": 0.23933004995137022,
            "repaglinide": 0.10515548873284007,
            "num_lab_procedures": -0.045243821552500285,
            "rosiglitazone": 0.010695832478166026,
            "acetohexamide": 0.0,
            "nateglinide": 0.0,
            "chlorpropamide": 0.0,
            "tolazamide": 0.0,
            "troglitazone": 0.0,
            "miglitol": 0.0,
            "tolbutamide": 0.0,
            "glimepiride-pioglitazone": 0.0,
            "glipizide-metformin": 0.0,
            "metformin-pioglitazone": 0.0,
            "metformin-rosiglitazone": 0.0
        },
        "Lime": {
            "race": 2.702278099356165,
            "gender": 0.0,
            "age": 6.834377149074548,
            "admission_type_id": 0.0,
            "discharge_disposition_id": -7.717709328753479,
            "admission_source_id": 0.0,
            "time_in_hospital": -4.613986487713229,
            "payer_code": 4.709659421467724,
            "medical_specialty": 0.0,
            "num_lab_procedures": 0.0,
            "num_procedures": 2.302539985978346,
            "num_medications": 0.0,
            "number_outpatient": 0.0,
            "number_emergency": -6.3024046142778305,
            "number_inpatient": 9.296401271421283,
            "diag_1": 6.266561290072947,
            "diag_2": 2.384211137400091,
            "diag_3": 2.580944527233475,
            "number_diagnoses": 0.0,
            "metformin": 3.7368110479120453,
            "repaglinide": -2.957753010919116,
            "nateglinide": 0.0,
            "chlorpropamide": 0.0,
            "glimepiride": 7.350624581742964,
            "acetohexamide": 0.0,
            "glipizide": 0.0,
            "glyburide": 7.379772124167701,
            "tolbutamide": 0.0,
            "pioglitazone": 2.6444960855141404,
            "rosiglitazone": 0.0,
            "acarbose": 9.27772511118419,
            "miglitol": 0.0,
            "troglitazone": 0.0,
            "tolazamide": -2.873148529991756,
            "insulin": -2.79262118450583,
            "glyburide-metformin": 0.0,
            "glipizide-metformin": 0.0,
            "glimepiride-pioglitazone": 0.0,
            "metformin-rosiglitazone": 0.0,
            "metformin-pioglitazone": 0.0,
            "change": 0.0,
            "diabetesMed": 5.27597501131315
        },
        "Inherent": {
            "race": -0.6161383390426636,
            "gender": -1.0425275564193726,
            "age": 12.126930236816406,
            "admission_type_id": 0.36509788036346436,
            "discharge_disposition_id": -14.331809043884277,
            "admission_source_id": -0.1517791897058487,
            "time_in_hospital": -2.6455190181732178,
            "payer_code": 6.927545547485352,
            "medical_specialty": 2.644155740737915,
            "num_lab_procedures": -0.2229369878768921,
            "num_procedures": 1.279143214225769,
            "num_medications": -2.356397867202759,
            "number_outpatient": -0.3593013286590576,
            "number_emergency": -3.4287497997283936,
            "number_inpatient": 15.920953750610352,
            "diag_1": -0.973201334476471,
            "diag_2": 12.299032211303711,
            "diag_3": 8.273933410644531,
            "number_diagnoses": 3.802034616470337,
            "metformin": 2.7701005935668945,
            "repaglinide": 0.0982491746544838,
            "nateglinide": -0.007324445527046919,
            "chlorpropamide": 0.0185561440885067,
            "glimepiride": 0.5562401413917542,
            "acetohexamide": 0.0,
            "glipizide": -0.7556464076042175,
            "glyburide": 0.7175678610801697,
            "tolbutamide": 0.0,
            "pioglitazone": 0.4728480577468872,
            "rosiglitazone": -0.023959873244166374,
            "acarbose": 0.038280684500932693,
            "miglitol": 0.0,
            "troglitazone": 0.0,
            "tolazamide": 0.0,
            "insulin": -2.1358189582824707,
            "glyburide-metformin": 0.041012901812791824,
            "glipizide-metformin": 0.0,
            "glimepiride-pioglitazone": 0.0,
            "metformin-rosiglitazone": 0.0,
            "metformin-pioglitazone": 0.0,
            "change": 0.41537633538246155,
            "diabetesMed": 2.181826114654541
        }
    }
}