{
    "LogisticRegression": {
        "SHAP": {
            "number_inpatient": -21.887656024419993,
            "time_in_hospital": 18.326272657258688,
            "number_diagnoses": 10.648911587189248,
            "diabetesMed": 8.41968912588653,
            "age": 4.983081574435609,
            "metformin": 4.382138443924755,
            "insulin": -3.8888013899948115,
            "change": -3.6106798804562703,
            "number_emergency": -3.0837886277705,
            "num_medications": -2.9115200265449563,
            "payer_code": -2.810505457549118,
            "num_procedures": -2.75531352071515,
            "diag_2": 2.203227683718203,
            "glimepiride": 1.8586913750945466,
            "discharge_disposition_id": 1.530169345648781,
            "gender": -1.3555830946338494,
            "admission_type_id": 1.266027838323196,
            "glyburide": 0.6558242632494753,
            "pioglitazone": 0.6001722507327925,
            "rosiglitazone": 0.584673245579305,
            "diag_1": 0.42920363137871315,
            "admission_source_id": -0.34033382073571766,
            "glyburide-metformin": 0.2620208833184871,
            "acarbose": 0.2512767447809978,
            "number_outpatient": 0.18086204042737863,
            "num_lab_procedures": -0.13850334432358177,
            "medical_specialty": 0.11884189651247588,
            "glipizide": 0.11340478912809254,
            "glipizide-metformin": -0.10482445157060974,
            "chlorpropamide": -0.06979630615920578,
            "race": 0.03779610013330226,
            "tolazamide": 0.03497780427067165,
            "tolbutamide": -0.03070729427415612,
            "troglitazone": -0.027441419242484916,
            "repaglinide": 0.018156668574833543,
            "miglitol": -0.01811300646917582,
            "metformin-rosiglitazone": -0.017819525907790425,
            "acetohexamide": -0.010079052092801388,
            "nateglinide": 0.009223771463419357,
            "glimepiride-pioglitazone": -0.009044547705216349,
            "metformin-pioglitazone": -0.008352825646639516,
            "diag_3": 0.006492662758473
        },
        "Lime": {
            "race": 0.0,
            "gender": 0.0,
            "age": 0.0,
            "admission_type_id": 0.0,
            "discharge_disposition_id": -12.50237286396199,
            "admission_source_id": 0.0,
            "time_in_hospital": 21.56002492428573,
            "payer_code": 0.0,
            "medical_specialty": 0.0,
            "num_lab_procedures": 0.0,
            "num_procedures": -13.56146041754564,
            "num_medications": -9.182684378398264,
            "number_outpatient": 0.0,
            "number_emergency": -43.193457415808375,
            "number_inpatient": 0.0,
            "diag_1": 0.0,
            "diag_2": 0.0,
            "diag_3": 0.0,
            "number_diagnoses": 0.0,
            "metformin": 0.0,
            "repaglinide": 0.0,
            "nateglinide": 0.0,
            "chlorpropamide": 0.0,
            "glimepiride": 0.0,
            "acetohexamide": 0.0,
            "glipizide": 0.0,
            "glyburide": 0.0,
            "tolbutamide": 0.0,
            "pioglitazone": 0.0,
            "rosiglitazone": 0.0,
            "acarbose": 0.0,
            "miglitol": 0.0,
            "troglitazone": 0.0,
            "tolazamide": 0.0,
            "insulin": 0.0,
            "glyburide-metformin": 0.0,
            "glipizide-metformin": 0.0,
            "glimepiride-pioglitazone": 0.0,
            "metformin-rosiglitazone": 0.0,
            "metformin-pioglitazone": 0.0,
            "change": 0.0,
            "diabetesMed": 0.0
        },
        "Inherent": {
            "time_in_hospital": 19.033331267174976,
            "number_diagnoses": 12.887551538325098,
            "diabetesMed": 6.503639529549203,
            "age": 5.5656841496817,
            "metformin": 3.7584839403011996,
            "diag_2": 2.2311159482201686,
            "admission_type_id": 1.2490894642059533,
            "glimepiride": 1.1856516391497982,
            "discharge_disposition_id": 0.7808417760583434,
            "pioglitazone": 0.7036765255943835,
            "glyburide": 0.6409909868543145,
            "rosiglitazone": 0.457247909500853,
            "diag_1": 0.25836323987690013,
            "number_outpatient": 0.2175905301926257,
            "glyburide-metformin": 0.11408233529264376,
            "medical_specialty": 0.09902715805372643,
            "glipizide": 0.08764662170509929,
            "tolazamide": 0.04659475592295703,
            "race": 0.04508222644808803,
            "nateglinide": 0.025402064350412406,
            "glimepiride-pioglitazone": -0.0,
            "glipizide-metformin": -0.0,
            "troglitazone": -0.0,
            "miglitol": -0.0,
            "chlorpropamide": -0.0,
            "repaglinide": 0.0,
            "metformin-rosiglitazone": -0.0,
            "acetohexamide": -0.0,
            "tolbutamide": -0.0,
            "acarbose": -0.0,
            "metformin-pioglitazone": -0.0,
            "diag_3": -0.05532487278243797,
            "num_lab_procedures": -0.14625809920254518,
            "admission_source_id": -0.6218839572365502,
            "gender": -1.4090047067028673,
            "num_medications": -2.250274011283171,
            "num_procedures": -2.6951252386509688,
            "number_emergency": -2.8478974262754906,
            "payer_code": -3.1158937315560467,
            "change": -3.348225325313369,
            "insulin": -3.4292784774917444,
            "number_inpatient": -24.18974054704637
        }
    },
    "DecisionTree": {
        "SHAP": {
            "discharge_disposition_id": 57.56172908391274,
            "number_inpatient": -22.03167309114623,
            "payer_code": -13.97084651496439,
            "diag_1": -2.7252454272050244,
            "number_diagnoses": 1.9974704886609431,
            "num_medications": -0.8151872176926237,
            "medical_specialty": 0.7283830567168317,
            "admission_source_id": 0.16946511970122294,
            "gender": 0.0,
            "race": 0.0,
            "num_lab_procedures": 0.0,
            "time_in_hospital": 0.0,
            "admission_type_id": 0.0,
            "age": 0.0,
            "number_emergency": 0.0,
            "number_outpatient": 0.0,
            "diag_2": 0.0,
            "num_procedures": 0.0,
            "diag_3": 0.0,
            "metformin": 0.0,
            "repaglinide": 0.0,
            "nateglinide": 0.0,
            "chlorpropamide": 0.0,
            "glimepiride": 0.0,
            "acetohexamide": 0.0,
            "glipizide": 0.0,
            "glyburide": 0.0,
            "tolbutamide": 0.0,
            "pioglitazone": 0.0,
            "rosiglitazone": 0.0,
            "acarbose": 0.0,
            "miglitol": 0.0,
            "troglitazone": 0.0,
            "tolazamide": 0.0,
            "insulin": 0.0,
            "glyburide-metformin": 0.0,
            "glipizide-metformin": 0.0,
            "glimepiride-pioglitazone": 0.0,
            "metformin-rosiglitazone": 0.0,
            "metformin-pioglitazone": 0.0,
            "change": 0.0,
            "diabetesMed": 0.0
        },
        "Lime": {
            "race": 2.466673943933034,
            "gender": 0.0,
            "age": 0.0,
            "admission_type_id": 0.0,
            "discharge_disposition_id": 29.27435094484131,
            "admission_source_id": 0.0,
            "time_in_hospital": 0.0,
            "payer_code": -2.638660623159529,
            "medical_specialty": 0.0,
            "num_lab_procedures": 0.0,
            "num_procedures": 0.0,
            "num_medications": 0.0,
            "number_outpatient": 0.0,
            "number_emergency": 0.0,
            "number_inpatient": -26.532426954772404,
            "diag_1": 0.0,
            "diag_2": -2.511747110728618,
            "diag_3": 0.0,
            "number_diagnoses": 3.983076627935861,
            "metformin": 0.0,
            "repaglinide": 0.0,
            "nateglinide": 6.897231767930011,
            "chlorpropamide": 0.0,
            "glimepiride": 3.98683511593073,
            "acetohexamide": 0.0,
            "glipizide": 0.0,
            "glyburide": 2.403309691191742,
            "tolbutamide": 3.4595197057808216,
            "pioglitazone": 2.223163632877769,
            "rosiglitazone": 0.0,
            "acarbose": 0.0,
            "miglitol": 0.0,
            "troglitazone": -13.62300388091818,
            "tolazamide": 0.0,
            "insulin": 0.0,
            "glyburide-metformin": 0.0,
            "glipizide-metformin": 0.0,
            "glimepiride-pioglitazone": 0.0,
            "metformin-rosiglitazone": 0.0,
            "metformin-pioglitazone": 0.0,
            "change": 0.0,
            "diabetesMed": 0.0
        },
        "Inherent": {
            "discharge_disposition_id": 55.085362477113875,
            "number_inpatient": -23.921606384478753,
            "payer_code": -20.993031138407375,
            "gender": 0.0,
            "admission_type_id": 0.0,
            "race": 0.0,
            "admission_source_id": 0.0,
            "time_in_hospital": 0.0,
            "medical_specialty": 0.0,
            "age": 0.0,
            "num_lab_procedures": 0.0,
            "num_procedures": 0.0,
            "number_outpatient": 0.0,
            "num_medications": 0.0,
            "number_emergency": 0.0,
            "diag_1": 0.0,
            "diag_2": 0.0,
            "diag_3": 0.0,
            "number_diagnoses": 0.0,
            "metformin": 0.0,
            "repaglinide": 0.0,
            "nateglinide": 0.0,
            "chlorpropamide": 0.0,
            "glimepiride": 0.0,
            "acetohexamide": 0.0,
            "glipizide": 0.0,
            "glyburide": 0.0,
            "tolbutamide": 0.0,
            "pioglitazone": 0.0,
            "rosiglitazone": 0.0,
            "acarbose": 0.0,
            "miglitol": 0.0,
            "troglitazone": 0.0,
            "tolazamide": 0.0,
            "insulin": 0.0,
            "glyburide-metformin": 0.0,
            "glipizide-metformin": 0.0,
            "glimepiride-pioglitazone": 0.0,
            "metformin-rosiglitazone": 0.0,
            "metformin-pioglitazone": 0.0,
            "change": 0.0,
            "diabetesMed": 0.0
        }
    },
    "XGBOOST": {
        "SHAP": {
            "discharge_disposition_id": 22.283010557853558,
            "time_in_hospital": -19.910265325646854,
            "number_inpatient": -12.078911017400333,
            "payer_code": -7.469936173618544,
            "diag_3": -6.67176234001804,
            "num_medications": -4.375144373615641,
            "diabetesMed": 4.374614418104506,
            "age": 4.177266311774967,
            "diag_1": -3.2400495736404107,
            "number_emergency": -2.619591380760537,
            "num_lab_procedures": 1.8514221463224283,
            "diag_2": 1.4421213335120582,
            "insulin": -1.3469612737466965,
            "metformin": 1.1193563155003041,
            "glimepiride": 1.0450432882299605,
            "gender": -0.8918146740485706,
            "glipizide": -0.8098530141850376,
            "medical_specialty": 0.738140848309226,
            "pioglitazone": 0.4601735165882957,
            "num_procedures": -0.45068558674152004,
            "change": 0.44356960684724406,
            "acarbose": 0.43476574243718,
            "number_outpatient": -0.39032360807119443,
            "race": 0.3095883984097561,
            "number_diagnoses": 0.29501672626922176,
            "glyburide-metformin": 0.21779437676407534,
            "admission_type_id": 0.17373342134786818,
            "glyburide": 0.1404603648326941,
            "rosiglitazone": 0.1351167458630573,
            "admission_source_id": 0.09136597110499263,
            "repaglinide": 0.012141568435227153,
            "acetohexamide": 0.0,
            "nateglinide": 0.0,
            "chlorpropamide": 0.0,
            "tolazamide": 0.0,
            "troglitazone": 0.0,
            "miglitol": 0.0,
            "tolbutamide": 0.0,
            "glimepiride-pioglitazone": 0.0,
            "glipizide-metformin": 0.0,
            "metformin-pioglitazone": 0.0,
            "metformin-rosiglitazone": 0.0
        },
        "Lime": {
            "race": 0.0,
            "gender": 0.0,
            "age": 3.5250170036173056,
            "admission_type_id": 0.0,
            "discharge_disposition_id": 15.618429946093503,
            "admission_source_id": 0.0,
            "time_in_hospital": 2.1141597185714756,
            "payer_code": 0.0,
            "medical_specialty": 0.0,
            "num_lab_procedures": 0.0,
            "num_procedures": 2.0380031319424794,
            "num_medications": 0.0,
            "number_outpatient": 0.0,
            "number_emergency": -6.213109622190249,
            "number_inpatient": -18.22616355602485,
            "diag_1": -4.56095079934952,
            "diag_2": 0.0,
            "diag_3": 0.0,
            "number_diagnoses": 3.9942626378499386,
            "metformin": 2.0951851387046014,
            "repaglinide": -2.110943426711302,
            "nateglinide": 3.8644683082964972,
            "chlorpropamide": 0.0,
            "glimepiride": 6.042226791758038,
            "acetohexamide": 0.0,
            "glipizide": 0.0,
            "glyburide": 1.8644878527756124,
            "tolbutamide": 0.0,
            "pioglitazone": 2.793087329965686,
            "rosiglitazone": -2.5243851810331366,
            "acarbose": 8.525487804499306,
            "miglitol": 0.0,
            "troglitazone": 0.0,
            "tolazamide": 5.1875181589087935,
            "insulin": -1.5319355783027293,
            "glyburide-metformin": 0.0,
            "glipizide-metformin": 0.0,
            "glimepiride-pioglitazone": 0.0,
            "metformin-rosiglitazone": 0.0,
            "metformin-pioglitazone": 0.0,
            "change": -1.4726956236480888,
            "diabetesMed": 5.697482389756901
        },
        "Inherent": {
            "race": 0.43243643641471863,
            "gender": -0.9354715347290039,
            "age": 3.4975457191467285,
            "admission_type_id": 0.22461116313934326,
            "discharge_disposition_id": 20.791471481323242,
            "admission_source_id": -0.29117336869239807,
            "time_in_hospital": -16.967018127441406,
            "payer_code": -7.890735626220703,
            "medical_specialty": 0.4067745506763458,
            "num_lab_procedures": 1.415075659751892,
            "num_procedures": -0.46707025170326233,
            "num_medications": -7.14567756652832,
            "number_outpatient": -0.5344245433807373,
            "number_emergency": -2.3978147506713867,
            "number_inpatient": -15.433979034423828,
            "diag_1": -4.2469162940979,
            "diag_2": 0.8956248760223389,
            "diag_3": -7.4910888671875,
            "number_diagnoses": 0.9027150273323059,
            "metformin": 0.9669820070266724,
            "repaglinide": 0.000979026430286467,
            "nateglinide": -0.006869101896882057,
            "chlorpropamide": 0.015060425736010075,
            "glimepiride": 0.5580795407295227,
            "acetohexamide": 0.0,
            "glipizide": -0.7240169048309326,
            "glyburide": 0.19186533987522125,
            "tolbutamide": 0.0,
            "pioglitazone": 0.4599035382270813,
            "rosiglitazone": 0.052656836807727814,
            "acarbose": 0.06236919015645981,
            "miglitol": 0.0,
            "troglitazone": 0.0,
            "tolazamide": 0.0,
            "insulin": -1.3221776485443115,
            "glyburide-metformin": 0.02287381701171398,
            "glipizide-metformin": 0.0,
            "glimepiride-pioglitazone": 0.0,
            "metformin-rosiglitazone": 0.0,
            "metformin-pioglitazone": 0.0,
            "change": 0.30853071808815,
            "diabetesMed": 2.9400126934051514
        }
    }
}