{
    "LogisticRegression": {
        "SHAP": {
            "discharge_disposition_id": 35.74147724167479,
            "diabetesMed": -15.315713289445473,
            "number_inpatient": -11.545750921416637,
            "time_in_hospital": 8.098515575075643,
            "number_diagnoses": 5.617306879855018,
            "payer_code": 2.7903424457727484,
            "diag_1": -2.668865758772241,
            "diag_2": -2.36382102966299,
            "metformin": 2.3115805054808396,
            "num_medications": 2.213558098867567,
            "change": -1.9046356773063002,
            "number_emergency": -1.6267002437726261,
            "insulin": 1.2098310834405381,
            "glimepiride": 0.9804607506936408,
            "gender": -0.7150708484482559,
            "age": -0.6975330701811824,
            "diag_3": 0.6742195324841711,
            "admission_type_id": 0.6678304001374447,
            "number_outpatient": -0.6044861561134681,
            "glyburide": 0.3459476694650161,
            "num_procedures": 0.33291142335751217,
            "pioglitazone": 0.31659120141396957,
            "rosiglitazone": 0.30841546743714415,
            "admission_source_id": -0.17952628275794477,
            "num_lab_procedures": 0.16656763817687542,
            "glyburide-metformin": 0.13821616401635634,
            "acarbose": 0.1325486248664061,
            "medical_specialty": 0.06268916756691306,
            "glipizide": 0.059821090349186014,
            "glipizide-metformin": -0.05529495743893539,
            "chlorpropamide": -0.036817590940301806,
            "race": 0.019937464178583456,
            "tolazamide": 0.018450811518449912,
            "tolbutamide": -0.01619811508205776,
            "troglitazone": -0.014475364157331977,
            "repaglinide": 0.009577652933409344,
            "miglitol": -0.009554621148001798,
            "metformin-rosiglitazone": -0.009399809986027543,
            "acetohexamide": -0.005316705674542491,
            "nateglinide": 0.004865544659231393,
            "glimepiride-pioglitazone": -0.004771004025501429,
            "metformin-pioglitazone": -0.004406120248715682
        },
        "Lime": {
            "race": 0.0,
            "gender": 0.0,
            "age": 0.0,
            "admission_type_id": 0.0,
            "discharge_disposition_id": 40.10685215720039,
            "admission_source_id": 0.0,
            "time_in_hospital": 14.416645399888276,
            "payer_code": 0.0,
            "medical_specialty": 0.0,
            "num_lab_procedures": 0.0,
            "num_procedures": 0.0,
            "num_medications": 8.8111614398746,
            "number_outpatient": 0.0,
            "number_emergency": -36.66534100303673,
            "number_inpatient": 0.0,
            "diag_1": 0.0,
            "diag_2": 0.0,
            "diag_3": 0.0,
            "number_diagnoses": 0.0,
            "metformin": 0.0,
            "repaglinide": 0.0,
            "nateglinide": 0.0,
            "chlorpropamide": 0.0,
            "glimepiride": 0.0,
            "acetohexamide": 0.0,
            "glipizide": 0.0,
            "glyburide": 0.0,
            "tolbutamide": 0.0,
            "pioglitazone": 0.0,
            "rosiglitazone": 0.0,
            "acarbose": 0.0,
            "miglitol": 0.0,
            "troglitazone": 0.0,
            "tolazamide": 0.0,
            "insulin": 0.0,
            "glyburide-metformin": 0.0,
            "glipizide-metformin": 0.0,
            "glimepiride-pioglitazone": 0.0,
            "metformin-rosiglitazone": 0.0,
            "metformin-pioglitazone": 0.0,
            "change": 0.0,
            "diabetesMed": 0.0
        },
        "Inherent": {
            "discharge_disposition_id": 34.236627396598216,
            "time_in_hospital": 8.557955886388106,
            "number_diagnoses": 6.822957388907236,
            "payer_code": 2.487363601046117,
            "num_medications": 2.4387926917289393,
            "metformin": 1.9898252740489148,
            "insulin": 1.3419183235101888,
            "admission_type_id": 0.6612958376046809,
            "glimepiride": 0.6277104373123186,
            "diag_3": 0.6201699198742567,
            "pioglitazone": 0.37254205621813113,
            "glyburide": 0.3393549330898716,
            "num_procedures": 0.30266715542301553,
            "rosiglitazone": 0.24207724744406242,
            "num_lab_procedures": 0.15457459474093094,
            "glyburide-metformin": 0.060397734217705154,
            "medical_specialty": 0.05242718740917391,
            "glipizide": 0.04640207749293574,
            "tolazamide": 0.024668303615582348,
            "race": 0.0238675367572844,
            "nateglinide": 0.013448419751240677,
            "glipizide-metformin": -0.0,
            "troglitazone": -0.0,
            "miglitol": -0.0,
            "chlorpropamide": -0.0,
            "repaglinide": 0.0,
            "metformin-pioglitazone": -0.0,
            "acetohexamide": -0.0,
            "tolbutamide": -0.0,
            "glimepiride-pioglitazone": -0.0,
            "metformin-rosiglitazone": -0.0,
            "acarbose": -0.0,
            "age": -0.27372762687693625,
            "admission_source_id": -0.32923924520898057,
            "number_outpatient": -0.5624337911962057,
            "gender": -0.7459585357245296,
            "number_emergency": -1.5077404524569278,
            "change": -1.77262520775472,
            "diag_2": -2.232677696912213,
            "diag_1": -2.6664040644900506,
            "number_inpatient": -12.80658847496402,
            "diabetesMed": -15.685560901236506
        }
    },
    "DecisionTree": {
        "SHAP": {
            "discharge_disposition_id": 79.42347026846059,
            "medical_specialty": 7.569605854965053,
            "number_inpatient": -6.9777386138570305,
            "payer_code": 2.486008693299394,
            "diag_1": -1.6406334318246074,
            "number_diagnoses": 1.276091716510832,
            "num_medications": 0.5292850779044501,
            "admission_source_id": 0.09716634317803013,
            "gender": 0.0,
            "race": 0.0,
            "num_lab_procedures": 0.0,
            "time_in_hospital": 0.0,
            "admission_type_id": 0.0,
            "age": 0.0,
            "number_emergency": 0.0,
            "number_outpatient": 0.0,
            "diag_2": 0.0,
            "num_procedures": 0.0,
            "diag_3": 0.0,
            "metformin": 0.0,
            "repaglinide": 0.0,
            "nateglinide": 0.0,
            "chlorpropamide": 0.0,
            "glimepiride": 0.0,
            "acetohexamide": 0.0,
            "glipizide": 0.0,
            "glyburide": 0.0,
            "tolbutamide": 0.0,
            "pioglitazone": 0.0,
            "rosiglitazone": 0.0,
            "acarbose": 0.0,
            "miglitol": 0.0,
            "troglitazone": 0.0,
            "tolazamide": 0.0,
            "insulin": 0.0,
            "glyburide-metformin": 0.0,
            "glipizide-metformin": 0.0,
            "glimepiride-pioglitazone": 0.0,
            "metformin-rosiglitazone": 0.0,
            "metformin-pioglitazone": 0.0,
            "change": 0.0,
            "diabetesMed": 0.0
        },
        "Lime": {
            "race": 0.0,
            "gender": 0.0,
            "age": 0.0,
            "admission_type_id": 0.0,
            "discharge_disposition_id": 0.0,
            "admission_source_id": 0.0,
            "time_in_hospital": 0.0,
            "payer_code": 3.372942074752125,
            "medical_specialty": 0.0,
            "num_lab_procedures": 0.0,
            "num_procedures": -2.766432165473093,
            "num_medications": 0.0,
            "number_outpatient": 0.0,
            "number_emergency": 0.0,
            "number_inpatient": -25.325042493599454,
            "diag_1": 14.230491994065517,
            "diag_2": 14.230491994065506,
            "diag_3": 16.029362348651976,
            "number_diagnoses": 2.539972190998517,
            "metformin": 0.0,
            "repaglinide": -8.499387408752707,
            "nateglinide": 0.0,
            "chlorpropamide": 5.915831133535454,
            "glimepiride": 0.0,
            "acetohexamide": 0.0,
            "glipizide": 0.0,
            "glyburide": 0.0,
            "tolbutamide": 0.0,
            "pioglitazone": -3.3701034208891376,
            "rosiglitazone": 0.0,
            "acarbose": 1.8582505525804944,
            "miglitol": 0.0,
            "troglitazone": 0.0,
            "tolazamide": 0.0,
            "insulin": 0.0,
            "glyburide-metformin": 0.0,
            "glipizide-metformin": 0.0,
            "glimepiride-pioglitazone": 0.0,
            "metformin-rosiglitazone": 0.0,
            "metformin-pioglitazone": 0.0,
            "change": 1.8616922226360073,
            "diabetesMed": 0.0
        },
        "Inherent": {
            "discharge_disposition_id": 73.69659553583799,
            "medical_specialty": 14.249179024171388,
            "number_inpatient": -12.054225439990628,
            "gender": 0.0,
            "admission_type_id": 0.0,
            "race": 0.0,
            "admission_source_id": 0.0,
            "time_in_hospital": 0.0,
            "payer_code": 0.0,
            "age": 0.0,
            "num_lab_procedures": 0.0,
            "num_procedures": 0.0,
            "number_outpatient": 0.0,
            "num_medications": 0.0,
            "number_emergency": 0.0,
            "diag_1": 0.0,
            "diag_2": 0.0,
            "diag_3": 0.0,
            "number_diagnoses": 0.0,
            "metformin": 0.0,
            "repaglinide": 0.0,
            "nateglinide": 0.0,
            "chlorpropamide": 0.0,
            "glimepiride": 0.0,
            "acetohexamide": 0.0,
            "glipizide": 0.0,
            "glyburide": 0.0,
            "tolbutamide": 0.0,
            "pioglitazone": 0.0,
            "rosiglitazone": 0.0,
            "acarbose": 0.0,
            "miglitol": 0.0,
            "troglitazone": 0.0,
            "tolazamide": 0.0,
            "insulin": 0.0,
            "glyburide-metformin": 0.0,
            "glipizide-metformin": 0.0,
            "glimepiride-pioglitazone": 0.0,
            "metformin-rosiglitazone": 0.0,
            "metformin-pioglitazone": 0.0,
            "change": 0.0,
            "diabetesMed": 0.0
        }
    },
    "XGBOOST": {
        "SHAP": {
            "discharge_disposition_id": 46.46302432769747,
            "diabetesMed": -8.080475770104552,
            "number_inpatient": -7.332992965768645,
            "diag_3": 4.991173230308223,
            "num_medications": 4.78494652877278,
            "payer_code": 3.9643790416696465,
            "time_in_hospital": 3.3365722375124323,
            "medical_specialty": 3.2668636342463984,
            "number_outpatient": 2.3560626729665817,
            "diag_1": 2.0544112599103435,
            "num_procedures": 1.9105361493608868,
            "number_diagnoses": -1.906498325024486,
            "admission_type_id": 1.414005218435855,
            "insulin": -1.352506016797357,
            "number_emergency": 1.209307457477304,
            "metformin": 0.9503008488403895,
            "diag_2": -0.8797004386173372,
            "gender": -0.7532873517971409,
            "age": 0.7332844012987696,
            "glimepiride": 0.48417077071564035,
            "race": 0.3571723910090396,
            "glipizide": -0.23699093386471684,
            "acarbose": 0.2122493388879545,
            "glyburide-metformin": 0.19597426204087967,
            "admission_source_id": 0.16265004779857087,
            "num_lab_procedures": -0.16185989381085258,
            "pioglitazone": 0.1581150520119673,
            "glyburide": 0.10392795512518857,
            "rosiglitazone": 0.09349469195047853,
            "change": 0.08125252520393679,
            "repaglinide": 0.011814260974169271,
            "acetohexamide": 0.0,
            "nateglinide": 0.0,
            "chlorpropamide": 0.0,
            "tolazamide": 0.0,
            "troglitazone": 0.0,
            "miglitol": 0.0,
            "tolbutamide": 0.0,
            "glimepiride-pioglitazone": 0.0,
            "glipizide-metformin": 0.0,
            "metformin-pioglitazone": 0.0,
            "metformin-rosiglitazone": 0.0
        },
        "Lime": {
            "race": 0.0,
            "gender": -2.848990226513782,
            "age": 0.0,
            "admission_type_id": 2.425381820475497,
            "discharge_disposition_id": -1.154322234651404,
            "admission_source_id": 1.6978731754076186,
            "time_in_hospital": 1.8194264867302583,
            "payer_code": 4.868143354479193,
            "medical_specialty": 0.0,
            "num_lab_procedures": 0.0,
            "num_procedures": 1.7587198985479435,
            "num_medications": 0.0,
            "number_outpatient": 0.0,
            "number_emergency": -6.208213451975887,
            "number_inpatient": -15.14235299917471,
            "diag_1": 8.054979632727937,
            "diag_2": 8.054979632727935,
            "diag_3": 14.320360758002373,
            "number_diagnoses": 0.0,
            "metformin": 2.6175103687508536,
            "repaglinide": -1.6137503182391089,
            "nateglinide": -2.069913284411371,
            "chlorpropamide": 0.0,
            "glimepiride": 3.2315532741607567,
            "acetohexamide": 0.0,
            "glipizide": 0.0,
            "glyburide": 2.8436370423937207,
            "tolbutamide": 0.0,
            "pioglitazone": 5.458443167872164,
            "rosiglitazone": -2.517825903428153,
            "acarbose": 3.8553321011175505,
            "miglitol": 0.0,
            "troglitazone": 0.0,
            "tolazamide": 0.0,
            "insulin": -1.3544259438108879,
            "glyburide-metformin": 0.0,
            "glipizide-metformin": 0.0,
            "glimepiride-pioglitazone": 0.0,
            "metformin-rosiglitazone": 0.0,
            "metformin-pioglitazone": 0.0,
            "change": 0.0,
            "diabetesMed": -6.083864924400897
        },
        "Inherent": {
            "race": 0.4796557128429413,
            "gender": -0.8731244206428528,
            "age": 0.5437103509902954,
            "admission_type_id": 1.7875983715057373,
            "discharge_disposition_id": 48.99644088745117,
            "admission_source_id": -0.04412837699055672,
            "time_in_hospital": 2.886195659637451,
            "payer_code": 3.173229932785034,
            "medical_specialty": 2.866281270980835,
            "num_lab_procedures": -0.5615190267562866,
            "num_procedures": 1.8230175971984863,
            "num_medications": 4.004354953765869,
            "number_outpatient": 2.195730686187744,
            "number_emergency": 0.24259838461875916,
            "number_inpatient": -10.084362030029297,
            "diag_1": 0.822742760181427,
            "diag_2": -0.6085867881774902,
            "diag_3": 4.488768577575684,
            "number_diagnoses": -1.3779215812683105,
            "metformin": 0.8149658441543579,
            "repaglinide": 0.0022934761364012957,
            "nateglinide": 0.006240551825612783,
            "chlorpropamide": 0.007267989683896303,
            "glimepiride": 0.25749871134757996,
            "acetohexamide": 0.0,
            "glipizide": -0.2744215130805969,
            "glyburide": 0.20055991411209106,
            "tolbutamide": 0.0,
            "pioglitazone": 0.17062091827392578,
            "rosiglitazone": 0.02118081972002983,
            "acarbose": 0.03322005644440651,
            "miglitol": 0.0,
            "troglitazone": 0.0,
            "tolazamide": 0.0,
            "insulin": -1.678981065750122,
            "glyburide-metformin": 0.028381165117025375,
            "glipizide-metformin": 0.0,
            "glimepiride-pioglitazone": 0.0,
            "metformin-rosiglitazone": 0.0,
            "metformin-pioglitazone": 0.0,
            "change": 0.012943350709974766,
            "diabetesMed": -8.631463050842285
        }
    }
}