{
    "LogisticRegression": {
        "SHAP": {
            "number_inpatient": 22.449694075933653,
            "discharge_disposition_id": 19.82144386632693,
            "age": 8.20070554752024,
            "number_diagnoses": 7.7360671210655,
            "diabetesMed": 6.11661386077446,
            "glyburide": -5.202468701420089,
            "change": 3.2407450480198863,
            "metformin": 3.183472494671297,
            "insulin": -2.8250801339813996,
            "number_outpatient": -2.7602466944259074,
            "number_emergency": -2.2402661169908242,
            "payer_code": -2.0417353159244036,
            "num_procedures": -2.0016402766902686,
            "time_in_hospital": -1.808389129963792,
            "diag_1": 1.6651626872843346,
            "glimepiride": 1.3502752011177352,
            "gender": 1.3472366146909431,
            "diag_2": -1.2452648678866616,
            "num_medications": 1.1708061202178464,
            "admission_type_id": 0.9197255751647032,
            "pioglitazone": 0.4360044477649133,
            "rosiglitazone": 0.42474495488665887,
            "diag_3": -0.4235386188044981,
            "num_lab_procedures": 0.31189740663337795,
            "admission_source_id": -0.2472407869314574,
            "glyburide-metformin": 0.19034913792609598,
            "acarbose": 0.18254389170881735,
            "medical_specialty": 0.08633454045399755,
            "glipizide": 0.08238466939669332,
            "glipizide-metformin": -0.07615134998910808,
            "chlorpropamide": -0.050704610027903455,
            "race": 0.027457563634718404,
            "tolazamide": 0.025410168858095387,
            "tolbutamide": -0.022307790581805716,
            "troglitazone": -0.019935244970250968,
            "repaglinide": 0.013190193724476898,
            "miglitol": -0.013158474710073443,
            "metformin-rosiglitazone": -0.012945271200680362,
            "acetohexamide": -0.007322083845679461,
            "nateglinide": 0.006700751956305316,
            "glimepiride-pioglitazone": -0.006570552075144123,
            "metformin-pioglitazone": -0.00606803984838195
        },
        "Lime": {
            "race": -14.187552991937396,
            "gender": 0.0,
            "age": 0.0,
            "admission_type_id": 0.0,
            "discharge_disposition_id": 17.66751183407964,
            "admission_source_id": 0.0,
            "time_in_hospital": 0.0,
            "payer_code": 0.0,
            "medical_specialty": 0.0,
            "num_lab_procedures": 0.0,
            "num_procedures": 0.0,
            "num_medications": 0.0,
            "number_outpatient": 0.0,
            "number_emergency": -12.358322925623968,
            "number_inpatient": 55.78661224835901,
            "diag_1": 0.0,
            "diag_2": 0.0,
            "diag_3": 0.0,
            "number_diagnoses": 0.0,
            "metformin": 0.0,
            "repaglinide": 0.0,
            "nateglinide": 0.0,
            "chlorpropamide": 0.0,
            "glimepiride": 0.0,
            "acetohexamide": 0.0,
            "glipizide": 0.0,
            "glyburide": 0.0,
            "tolbutamide": 0.0,
            "pioglitazone": 0.0,
            "rosiglitazone": 0.0,
            "acarbose": 0.0,
            "miglitol": 0.0,
            "troglitazone": 0.0,
            "tolazamide": 0.0,
            "insulin": 0.0,
            "glyburide-metformin": 0.0,
            "glipizide-metformin": 0.0,
            "glimepiride-pioglitazone": 0.0,
            "metformin-rosiglitazone": 0.0,
            "metformin-pioglitazone": 0.0,
            "change": 0.0,
            "diabetesMed": 0.0
        },
        "Inherent": {
            "number_inpatient": 20.83527393378217,
            "discharge_disposition_id": 19.97008291621395,
            "number_diagnoses": 10.043214210262901,
            "age": 9.077547949452743,
            "diabetesMed": 5.068258679498163,
            "change": 3.4587835739619424,
            "metformin": 2.928970581108818,
            "num_medications": 1.6467596288514779,
            "diag_1": 1.601846086971993,
            "gender": 1.3152244087925535,
            "admission_type_id": 0.9734101174685406,
            "glimepiride": 0.9239732896756524,
            "pioglitazone": 0.54837212951285,
            "rosiglitazone": 0.35633135500219243,
            "num_lab_procedures": 0.31290676234824505,
            "glyburide-metformin": 0.08890387965035924,
            "medical_specialty": 0.07717144393250591,
            "glipizide": 0.06830264026277486,
            "tolazamide": 0.036311095510853805,
            "race": 0.03513238771129453,
            "nateglinide": 0.019795720924599337,
            "acarbose": -0.0,
            "metformin-pioglitazone": -0.0,
            "troglitazone": -0.0,
            "chlorpropamide": -0.0,
            "repaglinide": 0.0,
            "glimepiride-pioglitazone": -0.0,
            "acetohexamide": -0.0,
            "miglitol": -0.0,
            "glipizide-metformin": -0.0,
            "metformin-rosiglitazone": -0.0,
            "tolbutamide": -0.0,
            "admission_source_id": -0.48463152817500643,
            "diag_3": -0.4862878154100487,
            "time_in_hospital": -0.8159603477193845,
            "diag_2": -1.206267846435599,
            "num_procedures": -2.1002996585319877,
            "number_emergency": -2.2193543758784724,
            "payer_code": -2.4282027590246043,
            "insulin": -2.6724221613138046,
            "number_outpatient": -2.822798092421842,
            "glyburide": -5.37720262419268
        }
    },
    "DecisionTree": {
        "SHAP": {
            "discharge_disposition_id": -77.0796083710624,
            "num_medications": 7.313334677537241,
            "number_inpatient": -4.650721826380154,
            "diag_1": 3.1496166089178863,
            "payer_code": -2.7564264884687493,
            "number_diagnoses": 2.1505511034544984,
            "admission_source_id": 1.7955948793178793,
            "medical_specialty": 0.9261237588321359,
            "number_emergency": -0.17802228602905526,
            "gender": 0.0,
            "num_lab_procedures": 0.0,
            "time_in_hospital": 0.0,
            "admission_type_id": 0.0,
            "age": 0.0,
            "race": 0.0,
            "number_outpatient": 0.0,
            "diag_2": 0.0,
            "num_procedures": 0.0,
            "diag_3": 0.0,
            "metformin": 0.0,
            "repaglinide": 0.0,
            "nateglinide": 0.0,
            "chlorpropamide": 0.0,
            "glimepiride": 0.0,
            "acetohexamide": 0.0,
            "glipizide": 0.0,
            "glyburide": 0.0,
            "tolbutamide": 0.0,
            "pioglitazone": 0.0,
            "rosiglitazone": 0.0,
            "acarbose": 0.0,
            "miglitol": 0.0,
            "troglitazone": 0.0,
            "tolazamide": 0.0,
            "insulin": 0.0,
            "glyburide-metformin": 0.0,
            "glipizide-metformin": 0.0,
            "glimepiride-pioglitazone": 0.0,
            "metformin-rosiglitazone": 0.0,
            "metformin-pioglitazone": 0.0,
            "change": 0.0,
            "diabetesMed": 0.0
        },
        "Lime": {
            "race": 0.0,
            "gender": 0.0,
            "age": 0.0,
            "admission_type_id": 1.8900071483615482,
            "discharge_disposition_id": 0.0,
            "admission_source_id": 0.0,
            "time_in_hospital": 4.595784696378378,
            "payer_code": 0.0,
            "medical_specialty": 0.0,
            "num_lab_procedures": 2.3306192576916307,
            "num_procedures": 0.0,
            "num_medications": 0.0,
            "number_outpatient": 2.344601625492683,
            "number_emergency": 0.0,
            "number_inpatient": 6.371277903167105,
            "diag_1": 8.41739317870687,
            "diag_2": -4.876038999829154,
            "diag_3": -16.867319036372766,
            "number_diagnoses": 4.279644867772479,
            "metformin": 9.396530002685202,
            "repaglinide": 4.863665664302386,
            "nateglinide": 5.263309416321515,
            "chlorpropamide": -3.615171417308649,
            "glimepiride": 0.0,
            "acetohexamide": 0.0,
            "glipizide": 1.8988234447590508,
            "glyburide": 4.623291292290835,
            "tolbutamide": 0.0,
            "pioglitazone": 0.0,
            "rosiglitazone": 0.0,
            "acarbose": 4.927636381769971,
            "miglitol": 3.182874310438519,
            "troglitazone": 0.0,
            "tolazamide": -10.256011356351257,
            "insulin": 0.0,
            "glyburide-metformin": 0.0,
            "glipizide-metformin": 0.0,
            "glimepiride-pioglitazone": 0.0,
            "metformin-rosiglitazone": 0.0,
            "metformin-pioglitazone": 0.0,
            "change": 0.0,
            "diabetesMed": 0.0
        },
        "Inherent": {
            "discharge_disposition_id": -53.630243217373994,
            "number_inpatient": -46.369756782626006,
            "gender": 0.0,
            "age": 0.0,
            "admission_type_id": 0.0,
            "admission_source_id": 0.0,
            "time_in_hospital": 0.0,
            "payer_code": 0.0,
            "medical_specialty": 0.0,
            "race": 0.0,
            "num_lab_procedures": 0.0,
            "num_procedures": 0.0,
            "number_outpatient": 0.0,
            "num_medications": 0.0,
            "number_emergency": 0.0,
            "diag_1": 0.0,
            "diag_2": 0.0,
            "diag_3": 0.0,
            "number_diagnoses": 0.0,
            "metformin": 0.0,
            "repaglinide": 0.0,
            "nateglinide": 0.0,
            "chlorpropamide": 0.0,
            "glimepiride": 0.0,
            "acetohexamide": 0.0,
            "glipizide": 0.0,
            "glyburide": 0.0,
            "tolbutamide": 0.0,
            "pioglitazone": 0.0,
            "rosiglitazone": 0.0,
            "acarbose": 0.0,
            "miglitol": 0.0,
            "troglitazone": 0.0,
            "tolazamide": 0.0,
            "insulin": 0.0,
            "glyburide-metformin": 0.0,
            "glipizide-metformin": 0.0,
            "glimepiride-pioglitazone": 0.0,
            "metformin-rosiglitazone": 0.0,
            "metformin-pioglitazone": 0.0,
            "change": 0.0,
            "diabetesMed": 0.0
        }
    },
    "XGBOOST": {
        "SHAP": {
            "discharge_disposition_id": -72.57727885078585,
            "diag_3": 5.579850382196183,
            "number_outpatient": -3.7713953837855785,
            "number_inpatient": 2.727117795716059,
            "num_medications": 2.5111930563731897,
            "time_in_hospital": 2.13482280780955,
            "age": 1.2353658452335408,
            "payer_code": -1.1310474393253243,
            "diabetesMed": 0.8599231577875316,
            "number_diagnoses": 0.775249409110353,
            "glyburide": -0.7732178450118343,
            "number_emergency": -0.7672088833524107,
            "gender": 0.6578495797942858,
            "diag_2": -0.6168447090264502,
            "medical_specialty": 0.6117885468389253,
            "num_procedures": -0.5776357125890014,
            "metformin": 0.5355434447346022,
            "num_lab_procedures": 0.46899713211848426,
            "glimepiride": 0.26729603165005483,
            "admission_type_id": 0.20799546015172776,
            "acarbose": 0.16644403541235425,
            "diag_1": 0.15338260884218421,
            "glyburide-metformin": 0.15097580596890325,
            "pioglitazone": 0.1467103793285118,
            "insulin": -0.14055793566918615,
            "race": 0.13061730944889813,
            "glipizide": -0.12437631576711164,
            "change": 0.09593519884903386,
            "admission_source_id": 0.061174108222831126,
            "rosiglitazone": 0.034887389582741554,
            "repaglinide": 0.00731743951730854,
            "acetohexamide": 0.0,
            "nateglinide": 0.0,
            "chlorpropamide": 0.0,
            "tolazamide": 0.0,
            "troglitazone": 0.0,
            "miglitol": 0.0,
            "tolbutamide": 0.0,
            "glimepiride-pioglitazone": 0.0,
            "glipizide-metformin": 0.0,
            "metformin-pioglitazone": 0.0,
            "metformin-rosiglitazone": 0.0
        },
        "Lime": {
            "race": 0.0,
            "gender": 2.520647834759621,
            "age": 0.0,
            "admission_type_id": 0.0,
            "discharge_disposition_id": -5.031145230078309,
            "admission_source_id": 0.0,
            "time_in_hospital": 0.0,
            "payer_code": -1.9592668922421115,
            "medical_specialty": 0.0,
            "num_lab_procedures": 2.0673110359492113,
            "num_procedures": 2.7050014539231526,
            "num_medications": 0.0,
            "number_outpatient": 0.0,
            "number_emergency": -8.57600997042408,
            "number_inpatient": 7.203480333174916,
            "diag_1": -7.896893580873277,
            "diag_2": -12.631149174354778,
            "diag_3": -7.072790905278478,
            "number_diagnoses": 3.499177084973194,
            "metformin": 3.5854096131907114,
            "repaglinide": 2.303380515596125,
            "nateglinide": -2.433748676691965,
            "chlorpropamide": 12.386241190983233,
            "glimepiride": 2.4381457458302807,
            "acetohexamide": 0.0,
            "glipizide": -2.253146535127761,
            "glyburide": 3.144112189133487,
            "tolbutamide": 0.0,
            "pioglitazone": 0.0,
            "rosiglitazone": 0.0,
            "acarbose": 1.8086371770385263,
            "miglitol": 0.0,
            "troglitazone": 0.0,
            "tolazamide": 0.0,
            "insulin": 0.0,
            "glyburide-metformin": 0.0,
            "glipizide-metformin": 0.0,
            "glimepiride-pioglitazone": 0.0,
            "metformin-rosiglitazone": 0.0,
            "metformin-pioglitazone": 0.0,
            "change": 2.240908144069865,
            "diabetesMed": 6.243396716306916
        },
        "Inherent": {
            "race": 0.17832668125629425,
            "gender": 0.5456975698471069,
            "age": 1.0262949466705322,
            "admission_type_id": 0.2117127925157547,
            "discharge_disposition_id": -75.99773406982422,
            "admission_source_id": -0.11557982116937637,
            "time_in_hospital": 1.7573442459106445,
            "payer_code": -1.3848496675491333,
            "medical_specialty": 0.41193538904190063,
            "num_lab_procedures": 0.39407071471214294,
            "num_procedures": -0.5770211219787598,
            "num_medications": 1.8355557918548584,
            "number_outpatient": -3.3343586921691895,
            "number_emergency": -0.8633623719215393,
            "number_inpatient": 1.4636131525039673,
            "diag_1": -0.5808882713317871,
            "diag_2": -0.8806599974632263,
            "diag_3": 4.867912292480469,
            "number_diagnoses": 0.9375041127204895,
            "metformin": 0.4456731975078583,
            "repaglinide": -0.0034102825447916985,
            "nateglinide": -0.0017804291564971209,
            "chlorpropamide": 0.00812210701406002,
            "glimepiride": 0.13929103314876556,
            "acetohexamide": 0.0,
            "glipizide": -0.10363529622554779,
            "glyburide": -0.7680296897888184,
            "tolbutamide": 0.0,
            "pioglitazone": 0.17750445008277893,
            "rosiglitazone": 0.014872763305902481,
            "acarbose": 0.02837083302438259,
            "miglitol": 0.0,
            "troglitazone": 0.0,
            "tolazamide": 0.0,
            "insulin": -0.18633592128753662,
            "glyburide-metformin": 0.028736537322402,
            "glipizide-metformin": 0.0,
            "glimepiride-pioglitazone": 0.0,
            "metformin-rosiglitazone": 0.0,
            "metformin-pioglitazone": 0.0,
            "change": 0.10446367412805557,
            "diabetesMed": 0.6253497004508972
        }
    }
}