{
    "LogisticRegression": {
        "SHAP": {
            "number_inpatient": 30.49903696356566,
            "age": 11.1410703760664,
            "number_diagnoses": 10.509835736734383,
            "diabetesMed": 8.309727143747722,
            "metformin": 4.324907277536542,
            "num_procedures": 3.965066158189846,
            "insulin": -3.8380132548755173,
            "diag_1": -3.7478694431075223,
            "change": -3.5635240400698374,
            "number_emergency": -3.0435140398448963,
            "payer_code": -2.773799975160955,
            "time_in_hospital": -2.4567874614559644,
            "discharge_disposition_id": -2.1209922284869505,
            "glimepiride": 1.834416679825654,
            "gender": -1.337879043829705,
            "admission_type_id": 1.2494933881239705,
            "diag_2": 1.2079012653811232,
            "glyburide": 0.6472591327745371,
            "pioglitazone": 0.5923339411077516,
            "rosiglitazone": 0.5770373545118113,
            "admission_source_id": -0.33588902699601614,
            "num_medications": 0.3151434327655041,
            "glyburide-metformin": 0.25859886437447666,
            "acarbose": 0.247995045360938,
            "num_lab_procedures": -0.1927367537039884,
            "number_outpatient": 0.1784999640892015,
            "medical_specialty": 0.11728980945721053,
            "glipizide": 0.11192371123909797,
            "diag_3": 0.11030185977058643,
            "glipizide-metformin": -0.103455433748339,
            "chlorpropamide": -0.06888475941959557,
            "race": 0.03730247928511718,
            "tolazamide": 0.03452099064834431,
            "tolbutamide": -0.030306253939528526,
            "troglitazone": -0.027083031562430523,
            "repaglinide": 0.01791954066717865,
            "miglitol": -0.01787644879298799,
            "metformin-rosiglitazone": -0.017586801117088824,
            "acetohexamide": -0.009947418664341753,
            "nateglinide": 0.00910330808552639,
            "glimepiride-pioglitazone": -0.008926425007531845,
            "metformin-pioglitazone": -0.008243736908227496
        },
        "Lime": {
            "race": -19.780425561098,
            "gender": 0.0,
            "age": 0.0,
            "admission_type_id": 0.0,
            "discharge_disposition_id": 0.0,
            "admission_source_id": 0.0,
            "time_in_hospital": 0.0,
            "payer_code": 0.0,
            "medical_specialty": 0.0,
            "num_lab_procedures": 0.0,
            "num_procedures": 0.0,
            "num_medications": 0.0,
            "number_outpatient": 0.0,
            "number_emergency": -14.863047858095355,
            "number_inpatient": 65.35652658080664,
            "diag_1": 0.0,
            "diag_2": 0.0,
            "diag_3": 0.0,
            "number_diagnoses": 0.0,
            "metformin": 0.0,
            "repaglinide": 0.0,
            "nateglinide": 0.0,
            "chlorpropamide": 0.0,
            "glimepiride": 0.0,
            "acetohexamide": 0.0,
            "glipizide": 0.0,
            "glyburide": 0.0,
            "tolbutamide": 0.0,
            "pioglitazone": 0.0,
            "rosiglitazone": 0.0,
            "acarbose": 0.0,
            "miglitol": 0.0,
            "troglitazone": 0.0,
            "tolazamide": 0.0,
            "insulin": 0.0,
            "glyburide-metformin": 0.0,
            "glipizide-metformin": 0.0,
            "glimepiride-pioglitazone": 0.0,
            "metformin-rosiglitazone": 0.0,
            "metformin-pioglitazone": 0.0,
            "change": 0.0,
            "diabetesMed": 0.0
        },
        "Inherent": {
            "number_inpatient": 28.127950545045078,
            "number_diagnoses": 13.558498607572103,
            "age": 12.254833826709966,
            "diabetesMed": 6.842229669717684,
            "num_procedures": 4.03835091815027,
            "metformin": 3.9541567783152973,
            "diag_2": 1.3533334425330068,
            "admission_type_id": 1.3141191102751877,
            "glimepiride": 1.2473786080057345,
            "num_medications": 0.9115577517829481,
            "pioglitazone": 0.7403110795778491,
            "glyburide": 0.6743620288838809,
            "rosiglitazone": 0.4810529855765207,
            "number_outpatient": 0.22891865005266995,
            "glyburide-metformin": 0.12002164876811883,
            "medical_specialty": 0.1041826743109784,
            "glipizide": 0.09220964857545234,
            "tolazamide": 0.04902055533379302,
            "diag_3": 0.0486325188966507,
            "race": 0.047429281093846254,
            "nateglinide": 0.026724537481018256,
            "troglitazone": -0.0,
            "repaglinide": 0.0,
            "miglitol": -0.0,
            "acetohexamide": -0.0,
            "chlorpropamide": -0.0,
            "metformin-pioglitazone": -0.0,
            "metformin-rosiglitazone": -0.0,
            "glimepiride-pioglitazone": -0.0,
            "glipizide-metformin": -0.0,
            "tolbutamide": -0.0,
            "acarbose": -0.0,
            "num_lab_procedures": -0.21150269890670034,
            "admission_source_id": -0.6542602559678312,
            "time_in_hospital": -1.1015594217916937,
            "gender": -1.4823598025646516,
            "discharge_disposition_id": -2.9125685001710666,
            "number_emergency": -2.996163636966739,
            "payer_code": -3.2781122694261464,
            "change": -3.522539426988695,
            "insulin": -3.6078123392002768,
            "diag_1": -4.017846781358153
        }
    },
    "DecisionTree": {
        "SHAP": {
            "discharge_disposition_id": 60.17517872858007,
            "payer_code": -23.28813432663027,
            "diag_1": -4.532449404279846,
            "num_medications": -4.281694924781615,
            "number_diagnoses": 3.0686848485800713,
            "number_inpatient": 2.125485526294126,
            "medical_specialty": 1.2141485090323012,
            "admission_source_id": 0.8474491974349274,
            "number_emergency": -0.46677453438677347,
            "gender": 0.0,
            "num_lab_procedures": 0.0,
            "time_in_hospital": 0.0,
            "admission_type_id": 0.0,
            "age": 0.0,
            "race": 0.0,
            "number_outpatient": 0.0,
            "diag_2": 0.0,
            "num_procedures": 0.0,
            "diag_3": 0.0,
            "metformin": 0.0,
            "repaglinide": 0.0,
            "nateglinide": 0.0,
            "chlorpropamide": 0.0,
            "glimepiride": 0.0,
            "acetohexamide": 0.0,
            "glipizide": 0.0,
            "glyburide": 0.0,
            "tolbutamide": 0.0,
            "pioglitazone": 0.0,
            "rosiglitazone": 0.0,
            "acarbose": 0.0,
            "miglitol": 0.0,
            "troglitazone": 0.0,
            "tolazamide": 0.0,
            "insulin": 0.0,
            "glyburide-metformin": 0.0,
            "glipizide-metformin": 0.0,
            "glimepiride-pioglitazone": 0.0,
            "metformin-rosiglitazone": 0.0,
            "metformin-pioglitazone": 0.0,
            "change": 0.0,
            "diabetesMed": 0.0
        },
        "Lime": {
            "race": -2.6327655915358745,
            "gender": 0.0,
            "age": 0.0,
            "admission_type_id": 0.0,
            "discharge_disposition_id": 25.96076683656626,
            "admission_source_id": 0.0,
            "time_in_hospital": 0.0,
            "payer_code": 0.0,
            "medical_specialty": 0.0,
            "num_lab_procedures": 2.128298563070277,
            "num_procedures": 0.0,
            "num_medications": 0.0,
            "number_outpatient": -2.309102587494612,
            "number_emergency": -2.454269387524467,
            "number_inpatient": 6.610809122331345,
            "diag_1": 4.960325712285437,
            "diag_2": -8.281383197141528,
            "diag_3": -8.28138319714153,
            "number_diagnoses": 3.7989846005375374,
            "metformin": 0.0,
            "repaglinide": -7.0191320660482335,
            "nateglinide": -8.989184764760463,
            "chlorpropamide": 0.0,
            "glimepiride": 0.0,
            "acetohexamide": 0.0,
            "glipizide": 0.0,
            "glyburide": 2.4693096039662503,
            "tolbutamide": 3.3831353333911123,
            "pioglitazone": 5.936508976513063,
            "rosiglitazone": 4.78464045969201,
            "acarbose": 0.0,
            "miglitol": 0.0,
            "troglitazone": 0.0,
            "tolazamide": 0.0,
            "insulin": 0.0,
            "glyburide-metformin": 0.0,
            "glipizide-metformin": 0.0,
            "glimepiride-pioglitazone": 0.0,
            "metformin-rosiglitazone": 0.0,
            "metformin-pioglitazone": 0.0,
            "change": 0.0,
            "diabetesMed": 0.0
        },
        "Inherent": {
            "discharge_disposition_id": 55.085362477113875,
            "number_inpatient": -23.921606384478753,
            "payer_code": -20.993031138407375,
            "gender": 0.0,
            "admission_type_id": 0.0,
            "race": 0.0,
            "admission_source_id": 0.0,
            "time_in_hospital": 0.0,
            "medical_specialty": 0.0,
            "age": 0.0,
            "num_lab_procedures": 0.0,
            "num_procedures": 0.0,
            "number_outpatient": 0.0,
            "num_medications": 0.0,
            "number_emergency": 0.0,
            "diag_1": 0.0,
            "diag_2": 0.0,
            "diag_3": 0.0,
            "number_diagnoses": 0.0,
            "metformin": 0.0,
            "repaglinide": 0.0,
            "nateglinide": 0.0,
            "chlorpropamide": 0.0,
            "glimepiride": 0.0,
            "acetohexamide": 0.0,
            "glipizide": 0.0,
            "glyburide": 0.0,
            "tolbutamide": 0.0,
            "pioglitazone": 0.0,
            "rosiglitazone": 0.0,
            "acarbose": 0.0,
            "miglitol": 0.0,
            "troglitazone": 0.0,
            "tolazamide": 0.0,
            "insulin": 0.0,
            "glyburide-metformin": 0.0,
            "glipizide-metformin": 0.0,
            "glimepiride-pioglitazone": 0.0,
            "metformin-rosiglitazone": 0.0,
            "metformin-pioglitazone": 0.0,
            "change": 0.0,
            "diabetesMed": 0.0
        }
    },
    "XGBOOST": {
        "SHAP": {
            "discharge_disposition_id": 24.687051567893405,
            "number_inpatient": 15.720170825220995,
            "payer_code": -8.285571252785024,
            "diag_1": -7.854734746280509,
            "diabetesMed": 5.705556636223801,
            "age": 5.484082883407331,
            "time_in_hospital": 5.392856029444791,
            "diag_2": -4.517791503924685,
            "number_emergency": -3.9238305366044215,
            "num_medications": 2.5513773533955355,
            "metformin": 2.231855354548992,
            "insulin": -2.2155824524712178,
            "gender": -1.5436900877247404,
            "num_lab_procedures": 1.5228093702596157,
            "glimepiride": 1.2290306005270466,
            "glipizide": -0.89519549375137,
            "admission_source_id": 0.8479244059146225,
            "num_procedures": 0.7724433054399517,
            "acarbose": 0.6991920997833094,
            "pioglitazone": 0.6462438555005179,
            "number_outpatient": -0.5185765070263921,
            "race": 0.5142213504072585,
            "diag_3": 0.4878436068073166,
            "admission_type_id": 0.40325120421779004,
            "glyburide-metformin": 0.3261912039647209,
            "change": 0.27329528199256725,
            "glyburide": 0.2345284549176459,
            "number_diagnoses": 0.2276012925705575,
            "medical_specialty": 0.21106577232067333,
            "rosiglitazone": -0.04664374152892194,
            "repaglinide": 0.029791223144279483,
            "acetohexamide": 0.0,
            "nateglinide": 0.0,
            "chlorpropamide": 0.0,
            "tolazamide": 0.0,
            "troglitazone": 0.0,
            "miglitol": 0.0,
            "tolbutamide": 0.0,
            "glimepiride-pioglitazone": 0.0,
            "glipizide-metformin": 0.0,
            "metformin-pioglitazone": 0.0,
            "metformin-rosiglitazone": 0.0
        },
        "Lime": {
            "race": 0.0,
            "gender": -1.1642515818002142,
            "age": 2.760484983486072,
            "admission_type_id": 0.0,
            "discharge_disposition_id": 14.133769367327655,
            "admission_source_id": 0.0,
            "time_in_hospital": 0.0,
            "payer_code": 0.0,
            "medical_specialty": 0.0,
            "num_lab_procedures": 2.4669946708996404,
            "num_procedures": 0.0,
            "num_medications": 0.0,
            "number_outpatient": 0.0,
            "number_emergency": -5.960580072778613,
            "number_inpatient": 5.83413727078048,
            "diag_1": -2.1504059335226127,
            "diag_2": -2.4852053133778034,
            "diag_3": -2.485205313377803,
            "number_diagnoses": 2.86437421668346,
            "metformin": 0.0,
            "repaglinide": 0.0,
            "nateglinide": 0.0,
            "chlorpropamide": 11.28045036020494,
            "glimepiride": 7.957957072229377,
            "acetohexamide": -10.32346892534501,
            "glipizide": 0.0,
            "glyburide": 11.492642353723951,
            "tolbutamide": 0.0,
            "pioglitazone": 2.7759994690143044,
            "rosiglitazone": 1.424516606488818,
            "acarbose": 7.7380330886156425,
            "miglitol": -3.0011101189313973,
            "troglitazone": 0.0,
            "tolazamide": 0.0,
            "insulin": 0.0,
            "glyburide-metformin": 0.0,
            "glipizide-metformin": 0.0,
            "glimepiride-pioglitazone": 0.0,
            "metformin-rosiglitazone": 0.0,
            "metformin-pioglitazone": 0.0,
            "change": 0.0,
            "diabetesMed": 1.7004132814121986
        },
        "Inherent": {
            "race": 0.7185981869697571,
            "gender": -1.8068817853927612,
            "age": 4.917450904846191,
            "admission_type_id": 0.5000484585762024,
            "discharge_disposition_id": 26.37920379638672,
            "admission_source_id": 0.3808434307575226,
            "time_in_hospital": 4.964670658111572,
            "payer_code": -9.816713333129883,
            "medical_specialty": -0.23343251645565033,
            "num_lab_procedures": 1.4515841007232666,
            "num_procedures": 0.6794292330741882,
            "num_medications": -0.3661322593688965,
            "number_outpatient": -0.6245835423469543,
            "number_emergency": -4.132173538208008,
            "number_inpatient": 10.37861156463623,
            "diag_1": -10.822025299072266,
            "diag_2": -5.874972820281982,
            "diag_3": -2.697497606277466,
            "number_diagnoses": 0.9611013531684875,
            "metformin": 1.9211702346801758,
            "repaglinide": 0.0022525927051901817,
            "nateglinide": 0.025167172774672508,
            "chlorpropamide": 0.02465694025158882,
            "glimepiride": 0.7462924122810364,
            "acetohexamide": 0.0,
            "glipizide": -0.8528168201446533,
            "glyburide": 0.5368894934654236,
            "tolbutamide": 0.0,
            "pioglitazone": 0.8058590888977051,
            "rosiglitazone": -0.13176986575126648,
            "acarbose": 0.11535117775201797,
            "miglitol": 0.0,
            "troglitazone": 0.0,
            "tolazamide": 0.0,
            "insulin": -2.6220998764038086,
            "glyburide-metformin": 0.036595966666936874,
            "glipizide-metformin": 0.0,
            "glimepiride-pioglitazone": 0.0,
            "metformin-rosiglitazone": 0.0,
            "metformin-pioglitazone": 0.0,
            "change": 0.004131659399718046,
            "diabetesMed": 4.468993663787842
        }
    }
}