{
    "LogisticRegression": {
        "SHAP": {
            "number_inpatient": 22.229992577754885,
            "diabetesMed": -20.88614058417019,
            "discharge_disposition_id": -6.839289236123877,
            "number_diagnoses": -6.61215907595001,
            "time_in_hospital": -6.06892197456175,
            "diag_1": -4.950846889604589,
            "num_medications": -4.883363268519006,
            "payer_code": 3.8052086441543063,
            "age": 3.584609860614771,
            "metformin": 3.1523177860982305,
            "diag_2": -2.7091647475696834,
            "change": -2.5973644038674677,
            "number_emergency": -2.218341995416729,
            "insulin": 1.6498547350877513,
            "glimepiride": 1.3370608791926437,
            "gender": 1.3340520295626228,
            "admission_type_id": 0.9107247804949161,
            "diag_3": 0.47417023074653497,
            "glyburide": 0.4717711491890938,
            "num_procedures": 0.4539935332370635,
            "pioglitazone": 0.43173753748709137,
            "num_lab_procedures": -0.4264158379226264,
            "rosiglitazone": 0.42058823441568766,
            "medical_specialty": -0.37643570392509124,
            "admission_source_id": -0.24482119176387918,
            "glyburide-metformin": 0.1884863067161049,
            "acarbose": 0.1807574456950695,
            "number_outpatient": 0.13010420235801948,
            "race": -0.09181121316821055,
            "glipizide": 0.08157842075774997,
            "glipizide-metformin": -0.07540610305503612,
            "chlorpropamide": -0.05020839485677367,
            "tolazamide": 0.02516149499429055,
            "tolbutamide": -0.02208947780679401,
            "troglitazone": -0.019740150855751645,
            "repaglinide": 0.013061109323026529,
            "miglitol": -0.013029700723320112,
            "metformin-rosiglitazone": -0.012818583706966633,
            "acetohexamide": -0.0072504270656251245,
            "nateglinide": 0.006635175773451992,
            "glimepiride-pioglitazone": -0.006506250079317895,
            "metformin-pioglitazone": -0.006008655634005187
        },
        "Lime": {
            "race": -30.138154313300937,
            "gender": 0.0,
            "age": 0.0,
            "admission_type_id": 0.0,
            "discharge_disposition_id": -10.24476542135107,
            "admission_source_id": 0.0,
            "time_in_hospital": 0.0,
            "payer_code": 0.0,
            "medical_specialty": 0.0,
            "num_lab_procedures": 0.0,
            "num_procedures": 0.0,
            "num_medications": 0.0,
            "number_outpatient": 0.0,
            "number_emergency": -13.009296349939342,
            "number_inpatient": 46.607783915408646,
            "diag_1": 0.0,
            "diag_2": 0.0,
            "diag_3": 0.0,
            "number_diagnoses": 0.0,
            "metformin": 0.0,
            "repaglinide": 0.0,
            "nateglinide": 0.0,
            "chlorpropamide": 0.0,
            "glimepiride": 0.0,
            "acetohexamide": 0.0,
            "glipizide": 0.0,
            "glyburide": 0.0,
            "tolbutamide": 0.0,
            "pioglitazone": 0.0,
            "rosiglitazone": 0.0,
            "acarbose": 0.0,
            "miglitol": 0.0,
            "troglitazone": 0.0,
            "tolazamide": 0.0,
            "insulin": 0.0,
            "glyburide-metformin": 0.0,
            "glipizide-metformin": 0.0,
            "glimepiride-pioglitazone": 0.0,
            "metformin-rosiglitazone": 0.0,
            "metformin-pioglitazone": 0.0,
            "change": 0.0,
            "diabetesMed": 0.0
        },
        "Inherent": {
            "number_inpatient": 20.930651476303254,
            "age": 4.357168936803161,
            "payer_code": 3.6780944131189,
            "metformin": 2.942378516950246,
            "insulin": 1.9843107322503568,
            "gender": 1.3212451058264902,
            "admission_type_id": 0.9778660927134246,
            "glimepiride": 0.9282029581697873,
            "pioglitazone": 0.5508824102159603,
            "glyburide": 0.501808212895471,
            "diag_3": 0.44959051031834113,
            "num_procedures": 0.4475575556898017,
            "rosiglitazone": 0.35796253149026414,
            "number_outpatient": 0.17034360441601043,
            "glyburide-metformin": 0.08931085455208555,
            "glipizide": 0.06861530896090043,
            "tolazamide": 0.03647731665424172,
            "nateglinide": 0.019886339709848915,
            "troglitazone": -0.0,
            "miglitol": -0.0,
            "glipizide-metformin": -0.0,
            "glimepiride-pioglitazone": -0.0,
            "metformin-rosiglitazone": -0.0,
            "acetohexamide": -0.0,
            "chlorpropamide": -0.0,
            "repaglinide": 0.0,
            "metformin-pioglitazone": -0.0,
            "acarbose": -0.0,
            "tolbutamide": -0.0,
            "race": -0.08963851466001438,
            "medical_specialty": -0.40742569829819947,
            "num_lab_procedures": -0.4575714564857813,
            "admission_source_id": -0.4868500238056603,
            "number_emergency": -2.2295139047153603,
            "change": -2.621202171831364,
            "diag_2": -2.7614531149026815,
            "num_medications": -4.6896176149835895,
            "number_diagnoses": -4.894755053635168,
            "time_in_hospital": -5.311178118392506,
            "diag_1": -5.3195032369144215,
            "discharge_disposition_id": -7.72451103319997,
            "diabetesMed": -23.19442718113675
        }
    },
    "DecisionTree": {
        "SHAP": {
            "number_inpatient": 40.15045743797494,
            "discharge_disposition_id": -26.522199339642473,
            "num_medications": -11.15729954756476,
            "number_diagnoses": -8.475550335902282,
            "diag_1": -6.540034997923182,
            "payer_code": 5.096715690793231,
            "admission_source_id": 0.9960326896888648,
            "number_emergency": -0.7406291990850795,
            "medical_specialty": -0.32108076142519415,
            "gender": 0.0,
            "num_lab_procedures": 0.0,
            "time_in_hospital": 0.0,
            "admission_type_id": 0.0,
            "age": 0.0,
            "race": 0.0,
            "number_outpatient": 0.0,
            "diag_2": 0.0,
            "num_procedures": 0.0,
            "diag_3": 0.0,
            "metformin": 0.0,
            "repaglinide": 0.0,
            "nateglinide": 0.0,
            "chlorpropamide": 0.0,
            "glimepiride": 0.0,
            "acetohexamide": 0.0,
            "glipizide": 0.0,
            "glyburide": 0.0,
            "tolbutamide": 0.0,
            "pioglitazone": 0.0,
            "rosiglitazone": 0.0,
            "acarbose": 0.0,
            "miglitol": 0.0,
            "troglitazone": 0.0,
            "tolazamide": 0.0,
            "insulin": 0.0,
            "glyburide-metformin": 0.0,
            "glipizide-metformin": 0.0,
            "glimepiride-pioglitazone": 0.0,
            "metformin-rosiglitazone": 0.0,
            "metformin-pioglitazone": 0.0,
            "change": 0.0,
            "diabetesMed": 0.0
        },
        "Lime": {
            "race": 0.0,
            "gender": 0.0,
            "age": 0.0,
            "admission_type_id": 0.0,
            "discharge_disposition_id": -17.526282551534177,
            "admission_source_id": 0.0,
            "time_in_hospital": 0.0,
            "payer_code": 3.24042599360195,
            "medical_specialty": -8.35226075408257,
            "num_lab_procedures": 0.0,
            "num_procedures": 0.0,
            "num_medications": 0.0,
            "number_outpatient": 0.0,
            "number_emergency": 0.0,
            "number_inpatient": 4.536199417210131,
            "diag_1": -8.383118253102708,
            "diag_2": 13.210792239318813,
            "diag_3": 6.2690903110675595,
            "number_diagnoses": -5.6627193870165815,
            "metformin": 0.0,
            "repaglinide": -2.541729410338247,
            "nateglinide": 0.0,
            "chlorpropamide": 9.693112957014863,
            "glimepiride": 0.0,
            "acetohexamide": 0.0,
            "glipizide": 3.8632885114874442,
            "glyburide": 2.527253823502098,
            "tolbutamide": 0.0,
            "pioglitazone": 3.3416045313308405,
            "rosiglitazone": 0.0,
            "acarbose": -10.85212185939202,
            "miglitol": 0.0,
            "troglitazone": 0.0,
            "tolazamide": 0.0,
            "insulin": 0.0,
            "glyburide-metformin": 0.0,
            "glipizide-metformin": 0.0,
            "glimepiride-pioglitazone": 0.0,
            "metformin-rosiglitazone": 0.0,
            "metformin-pioglitazone": 0.0,
            "change": 0.0,
            "diabetesMed": 0.0
        },
        "Inherent": {
            "number_inpatient": 41.339934239452816,
            "discharge_disposition_id": -36.13740178542741,
            "num_medications": -17.559753757631547,
            "number_emergency": -4.962910217488232,
            "gender": 0.0,
            "admission_source_id": 0.0,
            "time_in_hospital": 0.0,
            "age": 0.0,
            "admission_type_id": 0.0,
            "race": 0.0,
            "num_lab_procedures": 0.0,
            "medical_specialty": 0.0,
            "payer_code": 0.0,
            "num_procedures": 0.0,
            "number_outpatient": 0.0,
            "diag_1": 0.0,
            "diag_2": 0.0,
            "diag_3": 0.0,
            "number_diagnoses": 0.0,
            "metformin": 0.0,
            "repaglinide": 0.0,
            "nateglinide": 0.0,
            "chlorpropamide": 0.0,
            "glimepiride": 0.0,
            "acetohexamide": 0.0,
            "glipizide": 0.0,
            "glyburide": 0.0,
            "tolbutamide": 0.0,
            "pioglitazone": 0.0,
            "rosiglitazone": 0.0,
            "acarbose": 0.0,
            "miglitol": 0.0,
            "troglitazone": 0.0,
            "tolazamide": 0.0,
            "insulin": 0.0,
            "glyburide-metformin": 0.0,
            "glipizide-metformin": 0.0,
            "glimepiride-pioglitazone": 0.0,
            "metformin-rosiglitazone": 0.0,
            "metformin-pioglitazone": 0.0,
            "change": 0.0,
            "diabetesMed": 0.0
        }
    },
    "XGBOOST": {
        "SHAP": {
            "number_inpatient": 20.606724763613936,
            "diag_1": -13.877528925863114,
            "discharge_disposition_id": -11.349763414658238,
            "diabetesMed": -8.639579475935182,
            "medical_specialty": 7.321015370294632,
            "num_medications": -7.169065301510255,
            "payer_code": 6.866409778961888,
            "diag_3": 4.93782383434034,
            "number_diagnoses": -4.731302491958601,
            "number_emergency": -2.2948847979649725,
            "metformin": 2.0863394187069377,
            "diag_2": -2.0239382522896467,
            "admission_type_id": 1.128107699991329,
            "num_procedures": 1.1132949393841618,
            "age": 0.963212483111203,
            "num_lab_procedures": 0.8649063247445828,
            "change": 0.6689323598121313,
            "gender": 0.6639758708922371,
            "time_in_hospital": 0.6110890886860323,
            "insulin": -0.5775028498879374,
            "glimepiride": 0.4586490781022764,
            "race": -0.31028100170357464,
            "acarbose": 0.17954805515437072,
            "glyburide-metformin": 0.1517373447393464,
            "rosiglitazone": 0.12817695017301267,
            "number_outpatient": 0.10793216642235,
            "glyburide": 0.06281833114204657,
            "admission_source_id": -0.0376356925765601,
            "pioglitazone": -0.0327389158987577,
            "glipizide": 0.019945074161890917,
            "repaglinide": 0.015139947318458505,
            "acetohexamide": 0.0,
            "nateglinide": 0.0,
            "chlorpropamide": 0.0,
            "tolazamide": 0.0,
            "troglitazone": 0.0,
            "miglitol": 0.0,
            "tolbutamide": 0.0,
            "glimepiride-pioglitazone": 0.0,
            "glipizide-metformin": 0.0,
            "metformin-pioglitazone": 0.0,
            "metformin-rosiglitazone": 0.0
        },
        "Lime": {
            "race": 0.0,
            "gender": 0.0,
            "age": 0.0,
            "admission_type_id": 0.0,
            "discharge_disposition_id": -4.4396046911491736,
            "admission_source_id": 0.0,
            "time_in_hospital": -3.52060432254346,
            "payer_code": 4.70999791832516,
            "medical_specialty": -10.598664019972801,
            "num_lab_procedures": 1.73913907474258,
            "num_procedures": 0.0,
            "num_medications": -1.5031811417594445,
            "number_outpatient": 0.0,
            "number_emergency": -3.9641888860478516,
            "number_inpatient": 6.8076051437453335,
            "diag_1": 5.565546863862605,
            "diag_2": 3.839690948624788,
            "diag_3": 2.387810249750057,
            "number_diagnoses": -2.0862807933311927,
            "metformin": 2.886850473516217,
            "repaglinide": 0.0,
            "nateglinide": -1.2327089311523625,
            "chlorpropamide": 0.0,
            "glimepiride": 3.6308639633632978,
            "acetohexamide": 0.0,
            "glipizide": -8.453801437945014,
            "glyburide": 7.119687288552592,
            "tolbutamide": 0.0,
            "pioglitazone": 4.153350048271908,
            "rosiglitazone": 0.0,
            "acarbose": 13.66462441434865,
            "miglitol": 0.0,
            "troglitazone": 0.0,
            "tolazamide": 0.0,
            "insulin": -1.1480519386769403,
            "glyburide-metformin": 0.0,
            "glipizide-metformin": 0.0,
            "glimepiride-pioglitazone": 0.0,
            "metformin-rosiglitazone": 0.0,
            "metformin-pioglitazone": 0.0,
            "change": 0.0,
            "diabetesMed": -6.547747450318569
        },
        "Inherent": {
            "race": -0.03534989804029465,
            "gender": 0.6025987863540649,
            "age": 0.5533798933029175,
            "admission_type_id": 2.1811130046844482,
            "discharge_disposition_id": -12.192526817321777,
            "admission_source_id": -0.56272292137146,
            "time_in_hospital": -0.029062919318675995,
            "payer_code": 5.246362686157227,
            "medical_specialty": 9.096501350402832,
            "num_lab_procedures": 0.6546400785446167,
            "num_procedures": 1.1503702402114868,
            "num_medications": -8.460305213928223,
            "number_outpatient": -0.015943875536322594,
            "number_emergency": -2.6562387943267822,
            "number_inpatient": 17.223934173583984,
            "diag_1": -16.027816772460938,
            "diag_2": -2.5677034854888916,
            "diag_3": 2.9506449699401855,
            "number_diagnoses": -3.7702674865722656,
            "metformin": 1.7686983346939087,
            "repaglinide": 0.004953162744641304,
            "nateglinide": 0.021290192380547523,
            "chlorpropamide": 0.011199943721294403,
            "glimepiride": 0.30619293451309204,
            "acetohexamide": 0.0,
            "glipizide": -0.16123370826244354,
            "glyburide": 0.22474101185798645,
            "tolbutamide": 0.0,
            "pioglitazone": -0.14753924310207367,
            "rosiglitazone": 0.06294885277748108,
            "acarbose": 0.028545843437314034,
            "miglitol": 0.0,
            "troglitazone": 0.0,
            "tolazamide": 0.0,
            "insulin": -0.7102518081665039,
            "glyburide-metformin": 0.02028278447687626,
            "glipizide-metformin": 0.0,
            "glimepiride-pioglitazone": 0.0,
            "metformin-rosiglitazone": 0.0,
            "metformin-pioglitazone": 0.0,
            "change": 0.6095752120018005,
            "diabetesMed": -9.945068359375
        }
    }
}