{
    "LogisticRegression": {
        "SHAP": {
            "diabetesMed": -22.995203070085644,
            "number_inpatient": -17.33493452228347,
            "time_in_hospital": 12.159212352417866,
            "discharge_disposition_id": -7.529914117255182,
            "admission_source_id": -5.202511651041545,
            "admission_type_id": -4.631890578256388,
            "payer_code": 4.189454971048688,
            "metformin": 3.4706358190326045,
            "number_diagnoses": 3.1959802446224073,
            "num_procedures": 3.1818718299288222,
            "change": -2.859643775414017,
            "number_emergency": -2.442348046922972,
            "insulin": 1.8164554871491836,
            "glimepiride": 1.4720760070630174,
            "num_medications": -1.2823891483362977,
            "diag_1": 1.1807697999736242,
            "gender": -1.0736162958141555,
            "age": -1.0472848566556927,
            "glyburide": 0.5194101482986784,
            "pioglitazone": 0.47533398080346295,
            "rosiglitazone": 0.4630588317789864,
            "glyburide-metformin": 0.2075194735667093,
            "diag_2": 0.20598871183261377,
            "acarbose": 0.19901015955711773,
            "num_lab_procedures": 0.16014152671717605,
            "number_outpatient": 0.1432420001884727,
            "race": -0.10108222160076981,
            "glipizide": 0.08981613160657949,
            "glipizide-metformin": -0.08302053916981487,
            "chlorpropamide": -0.05527839051459803,
            "diag_3": 0.04516094888900611,
            "medical_specialty": -0.040083705236444354,
            "tolazamide": 0.027702278676567774,
            "tolbutamide": -0.024320052133727385,
            "troglitazone": -0.021733492395726337,
            "repaglinide": 0.014380007641584903,
            "miglitol": -0.014345427431541527,
            "metformin-rosiglitazone": -0.014112992020938275,
            "acetohexamide": -0.007982568251276516,
            "nateglinide": 0.00730518947248114,
            "glimepiride-pioglitazone": -0.007163244985149082,
            "metformin-pioglitazone": -0.006615403928999888
        },
        "Lime": {
            "race": 0.0,
            "gender": 0.0,
            "age": 0.0,
            "admission_type_id": 0.0,
            "discharge_disposition_id": -19.319353622011132,
            "admission_source_id": 0.0,
            "time_in_hospital": 15.267614012890979,
            "payer_code": 0.0,
            "medical_specialty": 0.0,
            "num_lab_procedures": 0.0,
            "num_procedures": 0.0,
            "num_medications": 0.0,
            "number_outpatient": 0.0,
            "number_emergency": -34.76887597304961,
            "number_inpatient": -13.024650475529437,
            "diag_1": 0.0,
            "diag_2": 0.0,
            "diag_3": 0.0,
            "number_diagnoses": 17.61950591651884,
            "metformin": 0.0,
            "repaglinide": 0.0,
            "nateglinide": 0.0,
            "chlorpropamide": 0.0,
            "glimepiride": 0.0,
            "acetohexamide": 0.0,
            "glipizide": 0.0,
            "glyburide": 0.0,
            "tolbutamide": 0.0,
            "pioglitazone": 0.0,
            "rosiglitazone": 0.0,
            "acarbose": 0.0,
            "miglitol": 0.0,
            "troglitazone": 0.0,
            "tolazamide": 0.0,
            "insulin": 0.0,
            "glyburide-metformin": 0.0,
            "glipizide-metformin": 0.0,
            "glimepiride-pioglitazone": 0.0,
            "metformin-rosiglitazone": 0.0,
            "metformin-pioglitazone": 0.0,
            "change": 0.0,
            "diabetesMed": 0.0
        },
        "Inherent": {
            "time_in_hospital": 12.624452512046275,
            "number_diagnoses": 5.082342991211783,
            "payer_code": 3.669287862484203,
            "num_procedures": 2.9978342879679083,
            "metformin": 2.9353335087243715,
            "insulin": 1.9795596489512974,
            "diag_1": 1.0016497473422543,
            "glimepiride": 0.9259805393212549,
            "pioglitazone": 0.5495634191041424,
            "glyburide": 0.500606721324181,
            "rosiglitazone": 0.3571054531217347,
            "diag_2": 0.278505765376772,
            "number_outpatient": 0.16993574659370014,
            "num_lab_procedures": 0.14246154519553322,
            "glyburide-metformin": 0.08909701540754494,
            "glipizide": 0.06845102166296586,
            "tolazamide": 0.036389978130524754,
            "nateglinide": 0.019838725364505056,
            "troglitazone": -0.0,
            "miglitol": -0.0,
            "glipizide-metformin": -0.0,
            "glimepiride-pioglitazone": -0.0,
            "acetohexamide": -0.0,
            "chlorpropamide": -0.0,
            "tolbutamide": -0.0,
            "repaglinide": 0.0,
            "metformin-rosiglitazone": -0.0,
            "metformin-pioglitazone": -0.0,
            "acarbose": -0.0,
            "diag_3": -0.005139289522355823,
            "medical_specialty": -0.05032752382434786,
            "race": -0.08942389099093269,
            "age": -0.40379519041917716,
            "num_medications": -0.7837884007503894,
            "gender": -1.1004167625108532,
            "number_emergency": -2.2241757255151184,
            "change": -2.614926163916049,
            "admission_type_id": -4.38450141280259,
            "admission_source_id": -5.178286733358214,
            "discharge_disposition_id": -7.706016049139877,
            "number_inpatient": -18.89191416616871,
            "diabetesMed": -23.138892201750437
        }
    },
    "DecisionTree": {
        "SHAP": {
            "discharge_disposition_id": -37.589809275409515,
            "number_inpatient": -31.94925705198029,
            "diag_1": 13.654753013668131,
            "number_diagnoses": 8.61362689387513,
            "payer_code": 5.926515742283323,
            "num_medications": -1.661042344280178,
            "medical_specialty": -0.3733561576856509,
            "admission_source_id": 0.2316395208177769,
            "gender": 0.0,
            "race": 0.0,
            "num_lab_procedures": 0.0,
            "time_in_hospital": 0.0,
            "admission_type_id": 0.0,
            "age": 0.0,
            "number_emergency": 0.0,
            "number_outpatient": 0.0,
            "diag_2": 0.0,
            "num_procedures": 0.0,
            "diag_3": 0.0,
            "metformin": 0.0,
            "repaglinide": 0.0,
            "nateglinide": 0.0,
            "chlorpropamide": 0.0,
            "glimepiride": 0.0,
            "acetohexamide": 0.0,
            "glipizide": 0.0,
            "glyburide": 0.0,
            "tolbutamide": 0.0,
            "pioglitazone": 0.0,
            "rosiglitazone": 0.0,
            "acarbose": 0.0,
            "miglitol": 0.0,
            "troglitazone": 0.0,
            "tolazamide": 0.0,
            "insulin": 0.0,
            "glyburide-metformin": 0.0,
            "glipizide-metformin": 0.0,
            "glimepiride-pioglitazone": 0.0,
            "metformin-rosiglitazone": 0.0,
            "metformin-pioglitazone": 0.0,
            "change": 0.0,
            "diabetesMed": 0.0
        },
        "Lime": {
            "race": 0.0,
            "gender": 0.0,
            "age": 0.0,
            "admission_type_id": 0.0,
            "discharge_disposition_id": -17.724480870001706,
            "admission_source_id": 0.0,
            "time_in_hospital": -3.5827621939843284,
            "payer_code": 4.664781090167377,
            "medical_specialty": 0.0,
            "num_lab_procedures": 2.4038152047188888,
            "num_procedures": 0.0,
            "num_medications": 0.0,
            "number_outpatient": 0.0,
            "number_emergency": 0.0,
            "number_inpatient": -33.265511717901006,
            "diag_1": 0.0,
            "diag_2": 6.86319536605875,
            "diag_3": 0.0,
            "number_diagnoses": 3.4613428178942933,
            "metformin": 0.0,
            "repaglinide": 6.741269602012169,
            "nateglinide": 5.519310192715738,
            "chlorpropamide": -4.956232411208327,
            "glimepiride": 0.0,
            "acetohexamide": 0.0,
            "glipizide": 0.0,
            "glyburide": 2.522695310608482,
            "tolbutamide": 0.0,
            "pioglitazone": 0.0,
            "rosiglitazone": 0.0,
            "acarbose": -5.632034659432128,
            "miglitol": 0.0,
            "troglitazone": 0.0,
            "tolazamide": 0.0,
            "insulin": 0.0,
            "glyburide-metformin": 0.0,
            "glipizide-metformin": 0.0,
            "glimepiride-pioglitazone": 0.0,
            "metformin-rosiglitazone": 0.0,
            "metformin-pioglitazone": 0.0,
            "change": 0.0,
            "diabetesMed": 2.6625685632968064
        },
        "Inherent": {
            "number_inpatient": -41.653027985739975,
            "discharge_disposition_id": -29.027678452630802,
            "number_diagnoses": 15.386633009188442,
            "diag_1": 13.932660552440781,
            "gender": 0.0,
            "admission_source_id": 0.0,
            "time_in_hospital": 0.0,
            "age": 0.0,
            "admission_type_id": 0.0,
            "race": 0.0,
            "num_lab_procedures": 0.0,
            "medical_specialty": 0.0,
            "payer_code": 0.0,
            "num_procedures": 0.0,
            "number_emergency": 0.0,
            "number_outpatient": 0.0,
            "diag_2": 0.0,
            "num_medications": 0.0,
            "diag_3": 0.0,
            "metformin": 0.0,
            "repaglinide": 0.0,
            "nateglinide": 0.0,
            "chlorpropamide": 0.0,
            "glimepiride": 0.0,
            "acetohexamide": 0.0,
            "glipizide": 0.0,
            "glyburide": 0.0,
            "tolbutamide": 0.0,
            "pioglitazone": 0.0,
            "rosiglitazone": 0.0,
            "acarbose": 0.0,
            "miglitol": 0.0,
            "troglitazone": 0.0,
            "tolazamide": 0.0,
            "insulin": 0.0,
            "glyburide-metformin": 0.0,
            "glipizide-metformin": 0.0,
            "glimepiride-pioglitazone": 0.0,
            "metformin-rosiglitazone": 0.0,
            "metformin-pioglitazone": 0.0,
            "change": 0.0,
            "diabetesMed": 0.0
        }
    },
    "XGBOOST": {
        "SHAP": {
            "number_inpatient": -17.871538582110592,
            "discharge_disposition_id": -15.542510414792531,
            "diabetesMed": -13.06471753921129,
            "diag_1": 11.745501417640428,
            "admission_source_id": -9.095206734680241,
            "payer_code": 7.051757194560102,
            "medical_specialty": 2.989135129701532,
            "time_in_hospital": 2.852055818885553,
            "age": 2.216639033903073,
            "diag_3": -2.0192026818819446,
            "number_emergency": -2.0078893228801893,
            "number_diagnoses": 1.9045826017228447,
            "num_lab_procedures": 1.527946747670607,
            "race": -1.4882113604656457,
            "gender": -1.417846358800312,
            "insulin": -1.2964547863358584,
            "metformin": 1.1583126705294293,
            "glimepiride": 0.8963915666465219,
            "glipizide": -0.5560030519401872,
            "glyburide-metformin": 0.49888396704329985,
            "admission_type_id": -0.48988143893143093,
            "num_medications": -0.4748973115638798,
            "pioglitazone": 0.4650650957026366,
            "change": 0.4476904100224101,
            "rosiglitazone": 0.33494491947786653,
            "acarbose": 0.22684504706459466,
            "diag_2": -0.14154452937850853,
            "number_outpatient": -0.10372443458073419,
            "glyburide": 0.04952430892524518,
            "repaglinide": 0.03853703333465914,
            "num_procedures": -0.02655848961585211,
            "acetohexamide": 0.0,
            "nateglinide": 0.0,
            "chlorpropamide": 0.0,
            "tolazamide": 0.0,
            "troglitazone": 0.0,
            "miglitol": 0.0,
            "tolbutamide": 0.0,
            "glimepiride-pioglitazone": 0.0,
            "glipizide-metformin": 0.0,
            "metformin-pioglitazone": 0.0,
            "metformin-rosiglitazone": 0.0
        },
        "Lime": {
            "race": -1.6844546146250508,
            "gender": -1.873792781240244,
            "age": 0.0,
            "admission_type_id": -2.07660159763958,
            "discharge_disposition_id": -7.140546140000701,
            "admission_source_id": -4.020420368477166,
            "time_in_hospital": 2.07258986131525,
            "payer_code": 4.197442960135233,
            "medical_specialty": 0.0,
            "num_lab_procedures": 0.0,
            "num_procedures": 1.7580940835069274,
            "num_medications": 0.0,
            "number_outpatient": 0.0,
            "number_emergency": -7.623130971640883,
            "number_inpatient": -18.014368843990198,
            "diag_1": 5.904045447567734,
            "diag_2": 5.01180428599647,
            "diag_3": 0.0,
            "number_diagnoses": 0.0,
            "metformin": 4.684087439435728,
            "repaglinide": 1.8640053193032797,
            "nateglinide": 0.0,
            "chlorpropamide": 3.6695805933347225,
            "glimepiride": 0.0,
            "acetohexamide": 0.0,
            "glipizide": 0.0,
            "glyburide": 8.402753130192824,
            "tolbutamide": 0.0,
            "pioglitazone": 3.055089431924729,
            "rosiglitazone": 0.0,
            "acarbose": 5.985016057980776,
            "miglitol": 3.7401087004267355,
            "troglitazone": 0.0,
            "tolazamide": 0.0,
            "insulin": -1.714578639946444,
            "glyburide-metformin": 0.0,
            "glipizide-metformin": 0.0,
            "glimepiride-pioglitazone": 0.0,
            "metformin-rosiglitazone": 0.0,
            "metformin-pioglitazone": 0.0,
            "change": 0.0,
            "diabetesMed": -5.507488731319326
        },
        "Inherent": {
            "race": -1.1058639287948608,
            "gender": -1.4116004705429077,
            "age": 2.006044387817383,
            "admission_type_id": -0.6225868463516235,
            "discharge_disposition_id": -14.111868858337402,
            "admission_source_id": -8.568582534790039,
            "time_in_hospital": 1.9270230531692505,
            "payer_code": 5.18357515335083,
            "medical_specialty": 2.3214690685272217,
            "num_lab_procedures": 1.2689621448516846,
            "num_procedures": 0.08834294229745865,
            "num_medications": -1.896888017654419,
            "number_outpatient": -0.1709618717432022,
            "number_emergency": -1.943722128868103,
            "number_inpatient": -22.71820831298828,
            "diag_1": 9.492901802062988,
            "diag_2": -0.5607966184616089,
            "diag_3": -3.542900800704956,
            "number_diagnoses": 3.4557840824127197,
            "metformin": 0.9634595513343811,
            "repaglinide": 0.03338276594877243,
            "nateglinide": -0.0029796911403536797,
            "chlorpropamide": 0.017054641619324684,
            "glimepiride": 0.49584075808525085,
            "acetohexamide": 0.0,
            "glipizide": -0.5608229637145996,
            "glyburide": 0.11294972896575928,
            "tolbutamide": 0.0,
            "pioglitazone": 0.4848612844944,
            "rosiglitazone": 0.20133906602859497,
            "acarbose": 0.029181255027651787,
            "miglitol": 0.0,
            "troglitazone": 0.0,
            "tolazamide": 0.0,
            "insulin": -1.3738172054290771,
            "glyburide-metformin": 0.08529585599899292,
            "glipizide-metformin": 0.0,
            "glimepiride-pioglitazone": 0.0,
            "metformin-rosiglitazone": 0.0,
            "metformin-pioglitazone": 0.0,
            "change": 0.32136785984039307,
            "diabetesMed": -12.919573783874512
        }
    }
}