{
    "LogisticRegression": {
        "SHAP": {
            "number_diagnoses": -17.0326402201344,
            "number_inpatient": -16.62903062113503,
            "num_procedures": -12.384607223461337,
            "metformin": -11.10988640588426,
            "discharge_disposition_id": -7.223284995359718,
            "diabetesMed": 6.396814174098614,
            "num_medications": -4.666620699786778,
            "time_in_hospital": -4.1504479709714195,
            "change": -2.7431948961658885,
            "number_emergency": -2.3428920603965175,
            "payer_code": -2.135266620706585,
            "insulin": 1.7424867615683157,
            "diag_3": 1.6300739936368696,
            "glimepiride": 1.4121309178654196,
            "gender": 1.4089531346725361,
            "diag_1": 1.391408503573823,
            "age": -1.004637884728766,
            "admission_type_id": 0.9618579379718528,
            "num_lab_procedures": -0.6660634552385467,
            "glyburide": 0.4982590069713889,
            "pioglitazone": 0.4559776855162638,
            "rosiglitazone": 0.44420239852313304,
            "diag_2": 0.30389343016736264,
            "admission_source_id": -0.2585668159307661,
            "glyburide-metformin": 0.19906897692556513,
            "acarbose": 0.19090617463470816,
            "number_outpatient": 0.1374089763249347,
            "race": 0.09155608284312317,
            "glipizide": 0.08615868729344145,
            "glipizide-metformin": -0.07963982132515933,
            "chlorpropamide": -0.053027373560175665,
            "medical_specialty": 0.02930695079506892,
            "tolazamide": 0.026574201350209666,
            "tolbutamide": -0.023329704021638285,
            "troglitazone": -0.020848472781259272,
            "repaglinide": 0.013794432687166095,
            "miglitol": -0.013761260633879283,
            "metformin-rosiglitazone": -0.013538290333334506,
            "acetohexamide": -0.007657506390643801,
            "nateglinide": 0.007007711466975892,
            "glimepiride-pioglitazone": -0.00687154716688512,
            "metformin-pioglitazone": -0.00634601500023579
        },
        "Lime": {
            "race": -31.78296866714419,
            "gender": 0.0,
            "age": 0.0,
            "admission_type_id": 0.0,
            "discharge_disposition_id": -12.035026777467692,
            "admission_source_id": 0.0,
            "time_in_hospital": 0.0,
            "payer_code": 0.0,
            "medical_specialty": 0.0,
            "num_lab_procedures": 0.0,
            "num_procedures": -8.955309209705911,
            "num_medications": 0.0,
            "number_outpatient": 0.0,
            "number_emergency": -23.892190261618666,
            "number_inpatient": 0.0,
            "diag_1": 0.0,
            "diag_2": 0.0,
            "diag_3": 0.0,
            "number_diagnoses": -23.33450508406354,
            "metformin": 0.0,
            "repaglinide": 0.0,
            "nateglinide": 0.0,
            "chlorpropamide": 0.0,
            "glimepiride": 0.0,
            "acetohexamide": 0.0,
            "glipizide": 0.0,
            "glyburide": 0.0,
            "tolbutamide": 0.0,
            "pioglitazone": 0.0,
            "rosiglitazone": 0.0,
            "acarbose": 0.0,
            "miglitol": 0.0,
            "troglitazone": 0.0,
            "tolazamide": 0.0,
            "insulin": 0.0,
            "glyburide-metformin": 0.0,
            "glipizide-metformin": 0.0,
            "glimepiride-pioglitazone": 0.0,
            "metformin-rosiglitazone": 0.0,
            "metformin-pioglitazone": 0.0,
            "change": 0.0,
            "diabetesMed": 0.0
        },
        "Inherent": {
            "diabetesMed": 5.2571522119688625,
            "insulin": 2.0488866304271474,
            "diag_3": 1.6232981696219335,
            "gender": 1.3642427009277747,
            "diag_1": 1.3022765058476171,
            "admission_type_id": 1.0096890225637232,
            "glimepiride": 0.9584096887689771,
            "pioglitazone": 0.5688099080878019,
            "glyburide": 0.5181386774409433,
            "diag_2": 0.3973567774204787,
            "rosiglitazone": 0.36961179166354674,
            "number_outpatient": 0.17588713702663178,
            "race": 0.10094047395827462,
            "glyburide-metformin": 0.09221731902657691,
            "glipizide": 0.0708482733514136,
            "tolazamide": 0.03766440668391439,
            "nateglinide": 0.02053350561352566,
            "medical_specialty": 0.017456083184216327,
            "troglitazone": -0.0,
            "miglitol": -0.0,
            "acarbose": -0.0,
            "glipizide-metformin": -0.0,
            "glimepiride-pioglitazone": -0.0,
            "metformin-rosiglitazone": -0.0,
            "chlorpropamide": -0.0,
            "repaglinide": 0.0,
            "metformin-pioglitazone": -0.0,
            "tolbutamide": -0.0,
            "acetohexamide": -0.0,
            "age": -0.41793666966232995,
            "admission_source_id": -0.502693700430333,
            "num_lab_procedures": -0.6938598365210302,
            "number_emergency": -2.302069508308433,
            "payer_code": -2.518701651388297,
            "change": -2.706504580268677,
            "time_in_hospital": -3.165196085548913,
            "num_medications": -4.338358563658287,
            "discharge_disposition_id": -7.9758916410041305,
            "metformin": -11.782028145895572,
            "num_procedures": -12.741378275813009,
            "number_diagnoses": -15.368426311345829,
            "number_inpatient": -19.553535746571793
        }
    },
    "DecisionTree": {
        "SHAP": {
            "number_inpatient": -32.84691517790487,
            "discharge_disposition_id": -32.54683820445884,
            "number_diagnoses": -22.137392717525252,
            "diag_1": 8.772853279259268,
            "payer_code": -1.8300514922440165,
            "num_medications": -1.3677707451187717,
            "medical_specialty": -0.30743685237818796,
            "admission_source_id": 0.19074153111080736,
            "gender": 0.0,
            "race": 0.0,
            "num_lab_procedures": 0.0,
            "time_in_hospital": 0.0,
            "admission_type_id": 0.0,
            "age": 0.0,
            "number_emergency": 0.0,
            "number_outpatient": 0.0,
            "diag_2": 0.0,
            "num_procedures": 0.0,
            "diag_3": 0.0,
            "metformin": 0.0,
            "repaglinide": 0.0,
            "nateglinide": 0.0,
            "chlorpropamide": 0.0,
            "glimepiride": 0.0,
            "acetohexamide": 0.0,
            "glipizide": 0.0,
            "glyburide": 0.0,
            "tolbutamide": 0.0,
            "pioglitazone": 0.0,
            "rosiglitazone": 0.0,
            "acarbose": 0.0,
            "miglitol": 0.0,
            "troglitazone": 0.0,
            "tolazamide": 0.0,
            "insulin": 0.0,
            "glyburide-metformin": 0.0,
            "glipizide-metformin": 0.0,
            "glimepiride-pioglitazone": 0.0,
            "metformin-rosiglitazone": 0.0,
            "metformin-pioglitazone": 0.0,
            "change": 0.0,
            "diabetesMed": 0.0
        },
        "Lime": {
            "race": 4.561125198854182,
            "gender": 3.398590953688066,
            "age": 0.0,
            "admission_type_id": 0.0,
            "discharge_disposition_id": -20.353265051852432,
            "admission_source_id": 0.0,
            "time_in_hospital": 0.0,
            "payer_code": 0.0,
            "medical_specialty": 0.0,
            "num_lab_procedures": 0.0,
            "num_procedures": 0.0,
            "num_medications": -4.166600761412725,
            "number_outpatient": 0.0,
            "number_emergency": 0.0,
            "number_inpatient": -35.41649290599111,
            "diag_1": 4.207470198469472,
            "diag_2": 0.0,
            "diag_3": -6.039940779750156,
            "number_diagnoses": -8.92882299220848,
            "metformin": 0.0,
            "repaglinide": -3.599328866836498,
            "nateglinide": 0.0,
            "chlorpropamide": 0.0,
            "glimepiride": 0.0,
            "acetohexamide": 0.0,
            "glipizide": 0.0,
            "glyburide": -6.087016523368048,
            "tolbutamide": 0.0,
            "pioglitazone": 3.241345767568827,
            "rosiglitazone": 0.0,
            "acarbose": 0.0,
            "miglitol": 0.0,
            "troglitazone": 0.0,
            "tolazamide": 0.0,
            "insulin": 0.0,
            "glyburide-metformin": 0.0,
            "glipizide-metformin": 0.0,
            "glimepiride-pioglitazone": 0.0,
            "metformin-rosiglitazone": 0.0,
            "metformin-pioglitazone": 0.0,
            "change": 0.0,
            "diabetesMed": 0.0
        },
        "Inherent": {
            "number_inpatient": -39.273799514568424,
            "discharge_disposition_id": -27.369612223924538,
            "number_diagnoses": -24.11268218732319,
            "diag_1": 9.243906074183842,
            "gender": 0.0,
            "admission_source_id": 0.0,
            "time_in_hospital": 0.0,
            "age": 0.0,
            "admission_type_id": 0.0,
            "race": 0.0,
            "num_lab_procedures": 0.0,
            "medical_specialty": 0.0,
            "payer_code": 0.0,
            "num_procedures": 0.0,
            "number_emergency": 0.0,
            "number_outpatient": 0.0,
            "diag_2": 0.0,
            "num_medications": 0.0,
            "diag_3": 0.0,
            "metformin": 0.0,
            "repaglinide": 0.0,
            "nateglinide": 0.0,
            "chlorpropamide": 0.0,
            "glimepiride": 0.0,
            "acetohexamide": 0.0,
            "glipizide": 0.0,
            "glyburide": 0.0,
            "tolbutamide": 0.0,
            "pioglitazone": 0.0,
            "rosiglitazone": 0.0,
            "acarbose": 0.0,
            "miglitol": 0.0,
            "troglitazone": 0.0,
            "tolazamide": 0.0,
            "insulin": 0.0,
            "glyburide-metformin": 0.0,
            "glipizide-metformin": 0.0,
            "glimepiride-pioglitazone": 0.0,
            "metformin-rosiglitazone": 0.0,
            "metformin-pioglitazone": 0.0,
            "change": 0.0,
            "diabetesMed": 0.0
        }
    },
    "XGBOOST": {
        "SHAP": {
            "discharge_disposition_id": -18.898418184368094,
            "number_inpatient": -16.684954498169567,
            "diag_3": -11.409672924295586,
            "number_diagnoses": -10.646519539037927,
            "metformin": -5.853184275490126,
            "race": -5.398774088223755,
            "medical_specialty": -4.7943112205590115,
            "diabetesMed": 4.54273714678254,
            "num_medications": -3.2563039855722358,
            "number_emergency": -3.0230198489070848,
            "diag_1": 2.7738387247789973,
            "num_procedures": -1.9202010068989794,
            "time_in_hospital": -1.9182092529492438,
            "age": 1.7750493859129166,
            "payer_code": 1.7185470257696869,
            "admission_type_id": 1.1860053397761159,
            "num_lab_procedures": 0.7569047213758918,
            "insulin": -0.6540494011905059,
            "glimepiride": 0.5663852736208987,
            "pioglitazone": 0.39911949045642653,
            "gender": 0.37327040436037073,
            "glipizide": -0.30714363187197824,
            "glyburide-metformin": 0.2872938860268235,
            "acarbose": 0.2851167197599763,
            "rosiglitazone": 0.20476204838236517,
            "admission_source_id": 0.1275187470421312,
            "diag_2": -0.1244912161860402,
            "glyburide": 0.04587422202855068,
            "number_outpatient": 0.037129055629602704,
            "repaglinide": 0.01833602836935191,
            "change": -0.012858706207217324,
            "acetohexamide": 0.0,
            "nateglinide": 0.0,
            "chlorpropamide": 0.0,
            "tolazamide": 0.0,
            "troglitazone": 0.0,
            "miglitol": 0.0,
            "tolbutamide": 0.0,
            "glimepiride-pioglitazone": 0.0,
            "glipizide-metformin": 0.0,
            "metformin-pioglitazone": 0.0,
            "metformin-rosiglitazone": 0.0
        },
        "Lime": {
            "race": -3.728326362004581,
            "gender": 0.0,
            "age": 0.0,
            "admission_type_id": 0.0,
            "discharge_disposition_id": -9.771607177892905,
            "admission_source_id": 0.0,
            "time_in_hospital": 0.0,
            "payer_code": 0.0,
            "medical_specialty": 0.0,
            "num_lab_procedures": -3.194192015634903,
            "num_procedures": -2.3064295293619277,
            "num_medications": -3.4295019222140115,
            "number_outpatient": 0.0,
            "number_emergency": -6.554445025654887,
            "number_inpatient": -20.84878871923123,
            "diag_1": 3.036249693325553,
            "diag_2": 0.0,
            "diag_3": 0.0,
            "number_diagnoses": -4.570873059920851,
            "metformin": -1.6393842559885285,
            "repaglinide": 8.291864867616951,
            "nateglinide": 5.918863642874068,
            "chlorpropamide": 6.748206453838332,
            "glimepiride": 0.0,
            "acetohexamide": 0.0,
            "glipizide": 0.0,
            "glyburide": 0.0,
            "tolbutamide": 0.0,
            "pioglitazone": 1.6792887811020802,
            "rosiglitazone": 2.1743455952239334,
            "acarbose": 9.160245928153048,
            "miglitol": 0.0,
            "troglitazone": 0.0,
            "tolazamide": 0.0,
            "insulin": 0.0,
            "glyburide-metformin": 0.0,
            "glipizide-metformin": 0.0,
            "glimepiride-pioglitazone": 0.0,
            "metformin-rosiglitazone": 0.0,
            "metformin-pioglitazone": 0.0,
            "change": 0.0,
            "diabetesMed": 6.947386969962214
        },
        "Inherent": {
            "race": -4.914592742919922,
            "gender": 0.23515799641609192,
            "age": 1.8799179792404175,
            "admission_type_id": 1.195797085762024,
            "discharge_disposition_id": -18.196693420410156,
            "admission_source_id": -0.525661051273346,
            "time_in_hospital": -2.379312038421631,
            "payer_code": 1.3227230310440063,
            "medical_specialty": -4.697314262390137,
            "num_lab_procedures": 0.3251241147518158,
            "num_procedures": -2.1296463012695312,
            "num_medications": -4.1616740226745605,
            "number_outpatient": 0.023890698328614235,
            "number_emergency": -2.9230165481567383,
            "number_inpatient": -21.327184677124023,
            "diag_1": 0.9185366630554199,
            "diag_2": -1.2368407249450684,
            "diag_3": -10.71877384185791,
            "number_diagnoses": -8.844970703125,
            "metformin": -6.522571086883545,
            "repaglinide": 0.005239394493401051,
            "nateglinide": 0.0014668791554868221,
            "chlorpropamide": 0.016619408503174782,
            "glimepiride": 0.32849425077438354,
            "acetohexamide": 0.0,
            "glipizide": -0.23104247450828552,
            "glyburide": 0.08052515983581543,
            "tolbutamide": 0.0,
            "pioglitazone": 0.40449509024620056,
            "rosiglitazone": 0.11983714997768402,
            "acarbose": 0.034454863518476486,
            "miglitol": 0.0,
            "troglitazone": 0.0,
            "tolazamide": 0.0,
            "insulin": -0.8437166810035706,
            "glyburide-metformin": 0.044704731553792953,
            "glipizide-metformin": 0.0,
            "glimepiride-pioglitazone": 0.0,
            "metformin-rosiglitazone": 0.0,
            "metformin-pioglitazone": 0.0,
            "change": -0.13128414750099182,
            "diabetesMed": 3.2787232398986816
        }
    }
}