{
    "LogisticRegression": {
        "SHAP": {
            "diabetesMed": -20.121515170972472,
            "number_inpatient": -15.16860481357089,
            "num_procedures": -11.296943100532825,
            "number_diagnoses": -10.95343045738432,
            "time_in_hospital": -7.907547321040593,
            "age": 7.823166844430783,
            "discharge_disposition_id": -6.588908159874999,
            "metformin": 3.0369138760262713,
            "change": -2.502276906848635,
            "number_emergency": -2.1371302149049707,
            "payer_code": -1.9477392446401312,
            "insulin": 1.5894548324131132,
            "glimepiride": 1.2881121170648033,
            "diag_1": 1.2136803394055298,
            "num_medications": -1.1221302384107703,
            "admission_source_id": 1.0590916457964343,
            "gender": -0.939447523824252,
            "num_lab_procedures": -0.607567185572088,
            "glyburide": 0.4544999731941916,
            "pioglitazone": 0.4159319609774593,
            "rosiglitazone": 0.40519082524714406,
            "diag_2": 0.3095236093984676,
            "glyburide-metformin": 0.18158596916575132,
            "acarbose": 0.1741400557543014,
            "number_outpatient": 0.1253411883829935,
            "admission_type_id": -0.1087024722333836,
            "race": -0.08845007583783497,
            "glipizide": 0.07859189802376111,
            "glipizide-metformin": -0.07264554408657903,
            "medical_specialty": 0.057636893498456215,
            "chlorpropamide": -0.04837030444899142,
            "diag_3": 0.048271649058176866,
            "tolazamide": 0.02424035217093604,
            "tolbutamide": -0.021280799150855872,
            "troglitazone": -0.01901747923799455,
            "repaglinide": 0.012582952237341256,
            "miglitol": -0.012552693482118155,
            "metformin-rosiglitazone": -0.012349305296048654,
            "acetohexamide": -0.006984994552204466,
            "nateglinide": 0.006392267132816851,
            "glimepiride-pioglitazone": -0.006268061308385432,
            "metformin-pioglitazone": -0.005788683409917213
        },
        "Lime": {
            "race": -26.566768265816894,
            "gender": 0.0,
            "age": 0.0,
            "admission_type_id": 0.0,
            "discharge_disposition_id": -11.592400422973688,
            "admission_source_id": 0.0,
            "time_in_hospital": -9.18147452236569,
            "payer_code": 0.0,
            "medical_specialty": 0.0,
            "num_lab_procedures": 0.0,
            "num_procedures": -8.997721844882618,
            "num_medications": 0.0,
            "number_outpatient": 0.0,
            "number_emergency": -20.893880701719937,
            "number_inpatient": 0.0,
            "diag_1": 0.0,
            "diag_2": 0.0,
            "diag_3": 0.0,
            "number_diagnoses": -22.76775424224118,
            "metformin": 0.0,
            "repaglinide": 0.0,
            "nateglinide": 0.0,
            "chlorpropamide": 0.0,
            "glimepiride": 0.0,
            "acetohexamide": 0.0,
            "glipizide": 0.0,
            "glyburide": 0.0,
            "tolbutamide": 0.0,
            "pioglitazone": 0.0,
            "rosiglitazone": 0.0,
            "acarbose": 0.0,
            "miglitol": 0.0,
            "troglitazone": 0.0,
            "tolazamide": 0.0,
            "insulin": 0.0,
            "glyburide-metformin": 0.0,
            "glipizide-metformin": 0.0,
            "glimepiride-pioglitazone": 0.0,
            "metformin-rosiglitazone": 0.0,
            "metformin-pioglitazone": 0.0,
            "change": 0.0,
            "diabetesMed": 0.0
        },
        "Inherent": {
            "age": 8.362408328170538,
            "metformin": 2.6982229250474523,
            "insulin": 1.819654635639846,
            "diag_1": 1.1010849434451335,
            "glimepiride": 0.8511816159623393,
            "admission_source_id": 0.8476112013616727,
            "pioglitazone": 0.5051707452618113,
            "glyburide": 0.46016867517611343,
            "diag_2": 0.3851971378095369,
            "rosiglitazone": 0.32825916285446544,
            "number_outpatient": 0.15620866449463197,
            "glyburide-metformin": 0.08189993021624917,
            "glipizide": 0.06292168005611022,
            "medical_specialty": 0.04638569392064665,
            "tolazamide": 0.033450465830176725,
            "nateglinide": 0.01823619136398934,
            "diag_3": 0.004024273898091939,
            "tolbutamide": -0.0,
            "troglitazone": -0.0,
            "miglitol": -0.0,
            "glipizide-metformin": -0.0,
            "glimepiride-pioglitazone": -0.0,
            "metformin-rosiglitazone": -0.0,
            "acetohexamide": -0.0,
            "chlorpropamide": -0.0,
            "repaglinide": 0.0,
            "metformin-pioglitazone": -0.0,
            "acarbose": -0.0,
            "race": -0.08220040141998587,
            "admission_type_id": -0.08868696466711283,
            "num_lab_procedures": -0.6162299315441272,
            "num_medications": -0.7204754843036693,
            "gender": -1.011527217227052,
            "number_emergency": -2.044511096978203,
            "payer_code": -2.23690616536795,
            "change": -2.403697468043725,
            "time_in_hospital": -6.929853870250644,
            "discharge_disposition_id": -7.0835389242051665,
            "number_diagnoses": -9.068790408227906,
            "num_procedures": -11.315856963345226,
            "number_inpatient": -17.365861749501008,
            "diabetesMed": -21.269777084409426
        }
    },
    "DecisionTree": {
        "SHAP": {
            "discharge_disposition_id": -33.062562648670294,
            "number_inpatient": -32.44788816476845,
            "number_diagnoses": -21.86846585949738,
            "diag_1": 8.666279939822461,
            "payer_code": -1.807819876980274,
            "num_medications": -1.3511549541952077,
            "medical_specialty": 0.6074041686816428,
            "admission_source_id": 0.18842438738428138,
            "gender": 0.0,
            "race": 0.0,
            "num_lab_procedures": 0.0,
            "time_in_hospital": 0.0,
            "admission_type_id": 0.0,
            "age": 0.0,
            "number_emergency": 0.0,
            "number_outpatient": 0.0,
            "diag_2": 0.0,
            "num_procedures": 0.0,
            "diag_3": 0.0,
            "metformin": 0.0,
            "repaglinide": 0.0,
            "nateglinide": 0.0,
            "chlorpropamide": 0.0,
            "glimepiride": 0.0,
            "acetohexamide": 0.0,
            "glipizide": 0.0,
            "glyburide": 0.0,
            "tolbutamide": 0.0,
            "pioglitazone": 0.0,
            "rosiglitazone": 0.0,
            "acarbose": 0.0,
            "miglitol": 0.0,
            "troglitazone": 0.0,
            "tolazamide": 0.0,
            "insulin": 0.0,
            "glyburide-metformin": 0.0,
            "glipizide-metformin": 0.0,
            "glimepiride-pioglitazone": 0.0,
            "metformin-rosiglitazone": 0.0,
            "metformin-pioglitazone": 0.0,
            "change": 0.0,
            "diabetesMed": 0.0
        },
        "Lime": {
            "race": 0.0,
            "gender": 0.0,
            "age": 0.0,
            "admission_type_id": 0.0,
            "discharge_disposition_id": -17.662093562374295,
            "admission_source_id": 0.0,
            "time_in_hospital": 0.0,
            "payer_code": -2.7079973929552876,
            "medical_specialty": 0.0,
            "num_lab_procedures": 0.0,
            "num_procedures": 0.0,
            "num_medications": -2.2271738813673183,
            "number_outpatient": 0.0,
            "number_emergency": -4.360664138788269,
            "number_inpatient": -35.6497622240251,
            "diag_1": 0.0,
            "diag_2": 6.779387167341866,
            "diag_3": 0.0,
            "number_diagnoses": -7.914624446922093,
            "metformin": 0.0,
            "repaglinide": 0.0,
            "nateglinide": 0.0,
            "chlorpropamide": 0.0,
            "glimepiride": 2.4880874046669352,
            "acetohexamide": 0.0,
            "glipizide": 0.0,
            "glyburide": 9.353473550559896,
            "tolbutamide": 0.0,
            "pioglitazone": -3.8931141119748327,
            "rosiglitazone": 0.0,
            "acarbose": -6.963622119024109,
            "miglitol": 0.0,
            "troglitazone": 0.0,
            "tolazamide": 0.0,
            "insulin": 0.0,
            "glyburide-metformin": 0.0,
            "glipizide-metformin": 0.0,
            "glimepiride-pioglitazone": 0.0,
            "metformin-rosiglitazone": 0.0,
            "metformin-pioglitazone": 0.0,
            "change": 0.0,
            "diabetesMed": 0.0
        },
        "Inherent": {
            "number_inpatient": -39.273799514568424,
            "discharge_disposition_id": -27.369612223924538,
            "number_diagnoses": -24.11268218732319,
            "diag_1": 9.243906074183842,
            "gender": 0.0,
            "admission_source_id": 0.0,
            "time_in_hospital": 0.0,
            "age": 0.0,
            "admission_type_id": 0.0,
            "race": 0.0,
            "num_lab_procedures": 0.0,
            "medical_specialty": 0.0,
            "payer_code": 0.0,
            "num_procedures": 0.0,
            "number_emergency": 0.0,
            "number_outpatient": 0.0,
            "diag_2": 0.0,
            "num_medications": 0.0,
            "diag_3": 0.0,
            "metformin": 0.0,
            "repaglinide": 0.0,
            "nateglinide": 0.0,
            "chlorpropamide": 0.0,
            "glimepiride": 0.0,
            "acetohexamide": 0.0,
            "glipizide": 0.0,
            "glyburide": 0.0,
            "tolbutamide": 0.0,
            "pioglitazone": 0.0,
            "rosiglitazone": 0.0,
            "acarbose": 0.0,
            "miglitol": 0.0,
            "troglitazone": 0.0,
            "tolazamide": 0.0,
            "insulin": 0.0,
            "glyburide-metformin": 0.0,
            "glipizide-metformin": 0.0,
            "glimepiride-pioglitazone": 0.0,
            "metformin-rosiglitazone": 0.0,
            "metformin-pioglitazone": 0.0,
            "change": 0.0,
            "diabetesMed": 0.0
        }
    },
    "XGBOOST": {
        "SHAP": {
            "number_inpatient": -17.32080116601141,
            "discharge_disposition_id": -15.441595014441162,
            "diabetesMed": -13.458119654119441,
            "number_diagnoses": -8.751019992609164,
            "time_in_hospital": -5.651760491933621,
            "medical_specialty": -5.6194681740639085,
            "admission_source_id": -4.883487417309256,
            "diag_1": 4.558877293110034,
            "num_procedures": -4.522812529818843,
            "age": 4.356941796526426,
            "number_emergency": -2.8293012083388045,
            "num_medications": 2.6228677947197037,
            "diag_3": -1.0712757162710622,
            "diag_2": -1.049440397897097,
            "insulin": -0.9710734772729737,
            "gender": -0.881191113927666,
            "metformin": 0.8766131962166978,
            "payer_code": -0.8370794613644671,
            "glimepiride": 0.749986218429844,
            "num_lab_procedures": 0.7497141164480148,
            "admission_type_id": 0.5502640205543797,
            "pioglitazone": 0.46509681942475894,
            "glipizide": -0.44755193090338374,
            "race": -0.35167094693969786,
            "acarbose": 0.32417815469691524,
            "glyburide-metformin": 0.25369616729332095,
            "change": -0.1660705157502623,
            "rosiglitazone": 0.12644950221126264,
            "number_outpatient": 0.055573111616643175,
            "glyburide": 0.038769271023696844,
            "repaglinide": 0.0172533287560725,
            "acetohexamide": 0.0,
            "nateglinide": 0.0,
            "chlorpropamide": 0.0,
            "tolazamide": 0.0,
            "troglitazone": 0.0,
            "miglitol": 0.0,
            "tolbutamide": 0.0,
            "glimepiride-pioglitazone": 0.0,
            "glipizide-metformin": 0.0,
            "metformin-pioglitazone": 0.0,
            "metformin-rosiglitazone": 0.0
        },
        "Lime": {
            "race": 2.330380117524959,
            "gender": 2.1326949015046672,
            "age": 4.141418600549753,
            "admission_type_id": 0.0,
            "discharge_disposition_id": -7.596451503909828,
            "admission_source_id": 0.0,
            "time_in_hospital": -2.622752731652628,
            "payer_code": 0.0,
            "medical_specialty": -5.401226571088821,
            "num_lab_procedures": -3.0788312326692324,
            "num_procedures": 0.0,
            "num_medications": 2.035115448673512,
            "number_outpatient": 0.0,
            "number_emergency": -8.099041069456753,
            "number_inpatient": -19.952961294099193,
            "diag_1": -1.8822453282469194,
            "diag_2": -3.047266853183488,
            "diag_3": 0.0,
            "number_diagnoses": -5.18163398853214,
            "metformin": 3.2672660871569454,
            "repaglinide": 0.0,
            "nateglinide": 7.989217227101153,
            "chlorpropamide": 0.0,
            "glimepiride": 3.9208979065877925,
            "acetohexamide": 0.0,
            "glipizide": -2.0475529305883855,
            "glyburide": 0.0,
            "tolbutamide": 0.0,
            "pioglitazone": 2.46312004928152,
            "rosiglitazone": 2.5935549345629476,
            "acarbose": -2.4988333636694997,
            "miglitol": 0.0,
            "troglitazone": 0.0,
            "tolazamide": 0.0,
            "insulin": 0.0,
            "glyburide-metformin": 0.0,
            "glipizide-metformin": 0.0,
            "glimepiride-pioglitazone": 0.0,
            "metformin-rosiglitazone": 0.0,
            "metformin-pioglitazone": 0.0,
            "change": 0.0,
            "diabetesMed": -7.717537859959873
        },
        "Inherent": {
            "race": -0.06347382813692093,
            "gender": -0.9173400402069092,
            "age": 4.102239608764648,
            "admission_type_id": 0.5038341283798218,
            "discharge_disposition_id": -14.803738594055176,
            "admission_source_id": -4.690699577331543,
            "time_in_hospital": -5.456363201141357,
            "payer_code": -1.2933980226516724,
            "medical_specialty": -5.712474346160889,
            "num_lab_procedures": 0.4585767090320587,
            "num_procedures": -4.893336296081543,
            "num_medications": 0.6352102160453796,
            "number_outpatient": 0.09574256837368011,
            "number_emergency": -2.7235124111175537,
            "number_inpatient": -21.810287475585938,
            "diag_1": 2.8263449668884277,
            "diag_2": -1.7461756467819214,
            "diag_3": -2.826500415802002,
            "number_diagnoses": -7.042389869689941,
            "metformin": 0.7082102298736572,
            "repaglinide": 0.006171207409352064,
            "nateglinide": -0.004216656554490328,
            "chlorpropamide": 0.015908870846033096,
            "glimepiride": 0.4348296523094177,
            "acetohexamide": 0.0,
            "glipizide": -0.3749386966228485,
            "glyburide": 0.10707924515008926,
            "tolbutamide": 0.0,
            "pioglitazone": 0.5054498314857483,
            "rosiglitazone": 0.06238293647766113,
            "acarbose": 0.04727678373456001,
            "miglitol": 0.0,
            "troglitazone": 0.0,
            "tolazamide": 0.0,
            "insulin": -1.1897794008255005,
            "glyburide-metformin": 0.03874373435974121,
            "glipizide-metformin": 0.0,
            "glimepiride-pioglitazone": 0.0,
            "metformin-rosiglitazone": 0.0,
            "metformin-pioglitazone": 0.0,
            "change": -0.30805155634880066,
            "diabetesMed": -13.595329284667969
        }
    }
}