{
    "LogisticRegression": {
        "SHAP": {
            "number_inpatient": -19.968362394655593,
            "number_diagnoses": 9.715125523007064,
            "discharge_disposition_id": 8.109196888380046,
            "diabetesMed": 7.681380022075637,
            "admission_source_id": -5.992848595815236,
            "admission_type_id": -5.335541909323052,
            "num_medications": -5.014235140758649,
            "time_in_hospital": -4.9839134386574,
            "payer_code": 4.825893919036954,
            "metformin": 3.9978757165323486,
            "num_procedures": 3.665244291040748,
            "diag_1": -3.3730957703645483,
            "change": -3.2940651234468183,
            "number_emergency": -2.8133761239274038,
            "insulin": 2.0924014102579735,
            "glimepiride": 1.6957056944014246,
            "gender": -1.2367141762241174,
            "num_lab_procedures": 1.2205611909948508,
            "age": -1.2063826097095098,
            "glyburide": 0.5983160801304012,
            "pioglitazone": 0.5475441037851416,
            "glipizide": -0.5341440711894485,
            "rosiglitazone": 0.5334041816611748,
            "diag_3": -0.4281682423853452,
            "glyburide-metformin": 0.23904469017759822,
            "acarbose": 0.22924268800360548,
            "number_outpatient": 0.1650025367111666,
            "glipizide-metformin": -0.0956325626849953,
            "diag_2": 0.09546148111389678,
            "chlorpropamide": -0.06367597944889056,
            "medical_specialty": -0.04617300118745648,
            "race": 0.03448182042537694,
            "tolazamide": 0.03191065642967184,
            "tolbutamide": -0.028014620640125432,
            "troglitazone": -0.025035124978492744,
            "repaglinide": 0.01656453928083597,
            "miglitol": -0.016524705835549987,
            "metformin-rosiglitazone": -0.01625696011627369,
            "acetohexamide": -0.009195236098334256,
            "nateglinide": 0.008414953662536882,
            "glimepiride-pioglitazone": -0.008251445749696103,
            "metformin-pioglitazone": -0.007620379694627038
        },
        "Lime": {
            "race": -28.991025886871263,
            "gender": 0.0,
            "age": 0.0,
            "admission_type_id": 0.0,
            "discharge_disposition_id": 37.99762578134022,
            "admission_source_id": 0.0,
            "time_in_hospital": -9.735880191867937,
            "payer_code": 0.0,
            "medical_specialty": 0.0,
            "num_lab_procedures": 0.0,
            "num_procedures": 0.0,
            "num_medications": 0.0,
            "number_outpatient": 0.0,
            "number_emergency": -23.275468139920584,
            "number_inpatient": 0.0,
            "diag_1": 0.0,
            "diag_2": 0.0,
            "diag_3": 0.0,
            "number_diagnoses": 0.0,
            "metformin": 0.0,
            "repaglinide": 0.0,
            "nateglinide": 0.0,
            "chlorpropamide": 0.0,
            "glimepiride": 0.0,
            "acetohexamide": 0.0,
            "glipizide": 0.0,
            "glyburide": 0.0,
            "tolbutamide": 0.0,
            "pioglitazone": 0.0,
            "rosiglitazone": 0.0,
            "acarbose": 0.0,
            "miglitol": 0.0,
            "troglitazone": 0.0,
            "tolazamide": 0.0,
            "insulin": 0.0,
            "glyburide-metformin": 0.0,
            "glipizide-metformin": 0.0,
            "glimepiride-pioglitazone": 0.0,
            "metformin-rosiglitazone": 0.0,
            "metformin-pioglitazone": 0.0,
            "change": 0.0,
            "diabetesMed": 0.0
        },
        "Inherent": {
            "number_diagnoses": 12.259275748222034,
            "discharge_disposition_id": 7.495277783201545,
            "diabetesMed": 6.186583240631806,
            "payer_code": 4.469216870808963,
            "num_procedures": 3.651381978683181,
            "metformin": 3.5752556164291143,
            "insulin": 2.411116737479436,
            "num_lab_procedures": 1.2156758828963472,
            "glimepiride": 1.1278504177029938,
            "pioglitazone": 0.6693718771295404,
            "glyburide": 0.6097422956256333,
            "rosiglitazone": 0.4349568023995301,
            "number_outpatient": 0.2069828626407888,
            "diag_2": 0.1965717945567488,
            "glyburide-metformin": 0.10852075370519947,
            "tolazamide": 0.044323233903813285,
            "race": 0.04288444113898198,
            "nateglinide": 0.024163698629620232,
            "troglitazone": -0.0,
            "miglitol": -0.0,
            "acarbose": -0.0,
            "glipizide-metformin": -0.0,
            "glimepiride-pioglitazone": -0.0,
            "metformin-rosiglitazone": -0.0,
            "acetohexamide": -0.0,
            "repaglinide": 0.0,
            "metformin-pioglitazone": -0.0,
            "tolbutamide": -0.0,
            "chlorpropamide": -0.0,
            "medical_specialty": -0.06129925668724603,
            "diag_3": -0.48926035291244785,
            "age": -0.49182521105092863,
            "glipizide": -0.5579631020131313,
            "gender": -1.3403148905861177,
            "number_emergency": -2.7090607356671317,
            "change": -3.1849973525329207,
            "diag_1": -3.5409324187557205,
            "time_in_hospital": -3.7247825945744717,
            "num_medications": -4.512396545027628,
            "admission_type_id": -5.340351702718834,
            "admission_source_id": -6.3071874701437105,
            "number_inpatient": -23.010476331544435
        }
    },
    "DecisionTree": {
        "SHAP": {
            "number_inpatient": -44.11369346259335,
            "discharge_disposition_id": 29.801509764898853,
            "payer_code": 10.246893982945107,
            "diag_1": -8.187249483957643,
            "number_diagnoses": 5.259827355730883,
            "num_medications": -1.4449194629196604,
            "medical_specialty": -0.6455295374294658,
            "admission_source_id": 0.30037694952503025,
            "gender": 0.0,
            "race": 0.0,
            "num_lab_procedures": 0.0,
            "time_in_hospital": 0.0,
            "admission_type_id": 0.0,
            "age": 0.0,
            "number_emergency": 0.0,
            "number_outpatient": 0.0,
            "diag_2": 0.0,
            "num_procedures": 0.0,
            "diag_3": 0.0,
            "metformin": 0.0,
            "repaglinide": 0.0,
            "nateglinide": 0.0,
            "chlorpropamide": 0.0,
            "glimepiride": 0.0,
            "acetohexamide": 0.0,
            "glipizide": 0.0,
            "glyburide": 0.0,
            "tolbutamide": 0.0,
            "pioglitazone": 0.0,
            "rosiglitazone": 0.0,
            "acarbose": 0.0,
            "miglitol": 0.0,
            "troglitazone": 0.0,
            "tolazamide": 0.0,
            "insulin": 0.0,
            "glyburide-metformin": 0.0,
            "glipizide-metformin": 0.0,
            "glimepiride-pioglitazone": 0.0,
            "metformin-rosiglitazone": 0.0,
            "metformin-pioglitazone": 0.0,
            "change": 0.0,
            "diabetesMed": 0.0
        },
        "Lime": {
            "race": 0.0,
            "gender": 0.0,
            "age": 0.0,
            "admission_type_id": 0.0,
            "discharge_disposition_id": 0.0,
            "admission_source_id": 8.640891516335705,
            "time_in_hospital": 0.0,
            "payer_code": 0.0,
            "medical_specialty": 0.0,
            "num_lab_procedures": 0.0,
            "num_procedures": 0.0,
            "num_medications": 0.0,
            "number_outpatient": 0.0,
            "number_emergency": 0.0,
            "number_inpatient": -47.9747986093603,
            "diag_1": 7.789120460700145,
            "diag_2": 0.0,
            "diag_3": 0.0,
            "number_diagnoses": 6.756189071949861,
            "metformin": 7.21210031077176,
            "repaglinide": 0.0,
            "nateglinide": 9.002438695995195,
            "chlorpropamide": 0.0,
            "glimepiride": 0.0,
            "acetohexamide": 0.0,
            "glipizide": 0.0,
            "glyburide": 0.0,
            "tolbutamide": 0.0,
            "pioglitazone": 0.0,
            "rosiglitazone": -4.3525980016582615,
            "acarbose": 8.271863333228783,
            "miglitol": 0.0,
            "troglitazone": 0.0,
            "tolazamide": 0.0,
            "insulin": 0.0,
            "glyburide-metformin": 0.0,
            "glipizide-metformin": 0.0,
            "glimepiride-pioglitazone": 0.0,
            "metformin-rosiglitazone": 0.0,
            "metformin-pioglitazone": 0.0,
            "change": 0.0,
            "diabetesMed": 0.0
        },
        "Inherent": {
            "number_inpatient": -64.94048756620666,
            "discharge_disposition_id": 35.05951243379335,
            "gender": 0.0,
            "age": 0.0,
            "admission_type_id": 0.0,
            "admission_source_id": 0.0,
            "time_in_hospital": 0.0,
            "payer_code": 0.0,
            "medical_specialty": 0.0,
            "race": 0.0,
            "num_lab_procedures": 0.0,
            "num_procedures": 0.0,
            "number_outpatient": 0.0,
            "num_medications": 0.0,
            "number_emergency": 0.0,
            "diag_1": 0.0,
            "diag_2": 0.0,
            "diag_3": 0.0,
            "number_diagnoses": 0.0,
            "metformin": 0.0,
            "repaglinide": 0.0,
            "nateglinide": 0.0,
            "chlorpropamide": 0.0,
            "glimepiride": 0.0,
            "acetohexamide": 0.0,
            "glipizide": 0.0,
            "glyburide": 0.0,
            "tolbutamide": 0.0,
            "pioglitazone": 0.0,
            "rosiglitazone": 0.0,
            "acarbose": 0.0,
            "miglitol": 0.0,
            "troglitazone": 0.0,
            "tolazamide": 0.0,
            "insulin": 0.0,
            "glyburide-metformin": 0.0,
            "glipizide-metformin": 0.0,
            "glimepiride-pioglitazone": 0.0,
            "metformin-rosiglitazone": 0.0,
            "metformin-pioglitazone": 0.0,
            "change": 0.0,
            "diabetesMed": 0.0
        }
    },
    "XGBOOST": {
        "SHAP": {
            "number_inpatient": -17.863267419636884,
            "num_lab_procedures": -10.550130807028372,
            "admission_source_id": -9.98853264401373,
            "num_medications": -9.634050451066665,
            "diag_1": -9.586977401698292,
            "diabetesMed": 5.520035668693191,
            "diag_3": -5.268702142883463,
            "payer_code": 4.415237009850722,
            "time_in_hospital": -3.5825867436624472,
            "discharge_disposition_id": -2.4124820451877698,
            "glipizide": 2.2879148058319214,
            "number_emergency": -2.2206686961553057,
            "admission_type_id": 2.0951583623756345,
            "number_diagnoses": 1.8614446047148963,
            "change": 1.8396854055969667,
            "gender": -1.7957970869471904,
            "age": 1.7633449632214602,
            "insulin": -1.3773855754034692,
            "metformin": 1.18906832182462,
            "glimepiride": 1.1572334041423273,
            "num_procedures": 0.6530129376803256,
            "pioglitazone": 0.47142977230143934,
            "medical_specialty": 0.46626197889162,
            "glyburide-metformin": 0.4619207567799837,
            "race": 0.3856966461611933,
            "number_outpatient": -0.3148734871797446,
            "acarbose": 0.30407756981282047,
            "rosiglitazone": 0.2928609095447737,
            "diag_2": 0.21796339211178467,
            "repaglinide": 0.020671387022765525,
            "glyburide": -0.0015276025782378624,
            "acetohexamide": 0.0,
            "nateglinide": 0.0,
            "chlorpropamide": 0.0,
            "tolazamide": 0.0,
            "troglitazone": 0.0,
            "miglitol": 0.0,
            "tolbutamide": 0.0,
            "glimepiride-pioglitazone": 0.0,
            "glipizide-metformin": 0.0,
            "metformin-pioglitazone": 0.0,
            "metformin-rosiglitazone": 0.0
        },
        "Lime": {
            "race": 0.0,
            "gender": 0.0,
            "age": 0.0,
            "admission_type_id": 2.585590973559306,
            "discharge_disposition_id": -2.6471906792808713,
            "admission_source_id": -2.1784470289505555,
            "time_in_hospital": 0.0,
            "payer_code": 2.3669873665334515,
            "medical_specialty": 0.0,
            "num_lab_procedures": -2.009564757100229,
            "num_procedures": 0.0,
            "num_medications": -2.067944864185914,
            "number_outpatient": 2.1079077145570073,
            "number_emergency": -7.169815068686789,
            "number_inpatient": -15.933058198735283,
            "diag_1": -3.619957770078852,
            "diag_2": 0.0,
            "diag_3": 0.0,
            "number_diagnoses": 2.7979265492299716,
            "metformin": 2.8734991665977043,
            "repaglinide": -7.196307892944906,
            "nateglinide": -4.299886352581511,
            "chlorpropamide": 0.0,
            "glimepiride": 7.2860806599028285,
            "acetohexamide": 0.0,
            "glipizide": 2.991550087732659,
            "glyburide": 4.422599607200922,
            "tolbutamide": 0.0,
            "pioglitazone": 3.771051830686129,
            "rosiglitazone": 5.464373992168281,
            "acarbose": 8.758389088618621,
            "miglitol": 0.0,
            "troglitazone": 0.0,
            "tolazamide": 0.0,
            "insulin": -2.9673704975522712,
            "glyburide-metformin": 0.0,
            "glipizide-metformin": 0.0,
            "glimepiride-pioglitazone": 0.0,
            "metformin-rosiglitazone": 0.0,
            "metformin-pioglitazone": 0.0,
            "change": 0.0,
            "diabetesMed": 4.484499853115934
        },
        "Inherent": {
            "race": 0.5473783016204834,
            "gender": -1.8019304275512695,
            "age": 1.420996904373169,
            "admission_type_id": 1.7438627481460571,
            "discharge_disposition_id": -0.44842153787612915,
            "admission_source_id": -9.100378036499023,
            "time_in_hospital": -5.170401573181152,
            "payer_code": 2.962766170501709,
            "medical_specialty": -0.35701656341552734,
            "num_lab_procedures": -8.656634330749512,
            "num_procedures": 0.4903579652309418,
            "num_medications": -10.410176277160645,
            "number_outpatient": -0.5543373823165894,
            "number_emergency": -2.2265806198120117,
            "number_inpatient": -22.404447555541992,
            "diag_1": -10.78260326385498,
            "diag_2": -0.36959347128868103,
            "diag_3": -6.484851837158203,
            "number_diagnoses": 2.567333936691284,
            "metformin": 1.0480155944824219,
            "repaglinide": -0.006649489514529705,
            "nateglinide": 0.0165236946195364,
            "chlorpropamide": 0.016075637191534042,
            "glimepiride": 0.6103076338768005,
            "acetohexamide": 0.0,
            "glipizide": 1.7884244918823242,
            "glyburide": 0.05299350619316101,
            "tolbutamide": 0.0,
            "pioglitazone": 0.46197929978370667,
            "rosiglitazone": 0.14170415699481964,
            "acarbose": 0.03836073726415634,
            "miglitol": 0.0,
            "troglitazone": 0.0,
            "tolazamide": 0.0,
            "insulin": -1.4864528179168701,
            "glyburide-metformin": 0.07131139934062958,
            "glipizide-metformin": 0.0,
            "glimepiride-pioglitazone": 0.0,
            "metformin-rosiglitazone": 0.0,
            "metformin-pioglitazone": 0.0,
            "change": 1.821232557296753,
            "diabetesMed": 3.9399075508117676
        }
    }
}