{
    "LogisticRegression": {
        "SHAP": {
            "number_inpatient": -16.93865169367014,
            "number_emergency": 15.187741975111313,
            "age": -10.782750825652615,
            "number_diagnoses": 8.241092791792749,
            "insulin": -7.793944500814155,
            "discharge_disposition_id": 6.878824557211889,
            "diabetesMed": 6.515918438833983,
            "change": 3.452307256041013,
            "diag_1": -3.4348949632344,
            "metformin": 3.3912958378123115,
            "num_procedures": 3.1091330972022346,
            "num_medications": 2.2473634125075788,
            "diag_2": -2.192734048091693,
            "payer_code": -2.175023811388002,
            "glimepiride": 1.4384238208800897,
            "gender": -1.049073041727808,
            "admission_type_id": 0.9797670688867206,
            "num_lab_procedures": 0.5080367311485159,
            "glyburide": 0.507536245774635,
            "pioglitazone": 0.4644676752972788,
            "rosiglitazone": 0.4524731405878327,
            "time_in_hospital": 0.37483779218225094,
            "number_outpatient": -0.37343397369275527,
            "diag_3": -0.36320418173086666,
            "admission_source_id": -0.26338115157632813,
            "glyburide-metformin": 0.2027755038752373,
            "acarbose": 0.19446071583982494,
            "medical_specialty": 0.09197062898805149,
            "glipizide": 0.08776290258270235,
            "glipizide-metformin": -0.08112265982951931,
            "chlorpropamide": -0.05401470665550079,
            "race": 0.02925004737020723,
            "tolazamide": 0.027068994637399747,
            "tolbutamide": -0.023764087007975783,
            "troglitazone": -0.02123665695448752,
            "repaglinide": 0.014051275502656817,
            "miglitol": -0.014017485808633703,
            "metformin-rosiglitazone": -0.01379036395499055,
            "acetohexamide": -0.007800083874300738,
            "nateglinide": 0.0071381902176532765,
            "glimepiride-pioglitazone": -0.0069994906322776535,
            "metformin-pioglitazone": -0.006464173419416257
        },
        "Lime": {
            "race": -36.03198159515904,
            "gender": 0.0,
            "age": 0.0,
            "admission_type_id": 0.0,
            "discharge_disposition_id": 23.10988139889435,
            "admission_source_id": 0.0,
            "time_in_hospital": 0.0,
            "payer_code": 0.0,
            "medical_specialty": 0.0,
            "num_lab_procedures": 0.0,
            "num_procedures": 0.0,
            "num_medications": 9.215730991619225,
            "number_outpatient": 0.0,
            "number_emergency": 31.642406014327385,
            "number_inpatient": 0.0,
            "diag_1": 0.0,
            "diag_2": 0.0,
            "diag_3": 0.0,
            "number_diagnoses": 0.0,
            "metformin": 0.0,
            "repaglinide": 0.0,
            "nateglinide": 0.0,
            "chlorpropamide": 0.0,
            "glimepiride": 0.0,
            "acetohexamide": 0.0,
            "glipizide": 0.0,
            "glyburide": 0.0,
            "tolbutamide": 0.0,
            "pioglitazone": 0.0,
            "rosiglitazone": 0.0,
            "acarbose": 0.0,
            "miglitol": 0.0,
            "troglitazone": 0.0,
            "tolazamide": 0.0,
            "insulin": 0.0,
            "glyburide-metformin": 0.0,
            "glipizide-metformin": 0.0,
            "glimepiride-pioglitazone": 0.0,
            "metformin-rosiglitazone": 0.0,
            "metformin-pioglitazone": 0.0,
            "change": 0.0,
            "diabetesMed": 0.0
        },
        "Inherent": {
            "number_emergency": 14.862512663183741,
            "number_diagnoses": 10.04991547909013,
            "discharge_disposition_id": 6.144482737848707,
            "diabetesMed": 5.071640441868873,
            "change": 3.4610914246220066,
            "num_procedures": 2.993331826552714,
            "metformin": 2.930924917523449,
            "num_medications": 2.6200462758882916,
            "time_in_hospital": 1.4204946379822356,
            "admission_type_id": 0.9740596189866535,
            "glimepiride": 0.9245898047945839,
            "pioglitazone": 0.548738027220525,
            "glyburide": 0.49985485773519095,
            "num_lab_procedures": 0.4839835131364673,
            "rosiglitazone": 0.3565691147623099,
            "glyburide-metformin": 0.08896320018110246,
            "medical_specialty": 0.07722293607244739,
            "glipizide": 0.06834821475162153,
            "tolazamide": 0.03633532385123718,
            "race": 0.03515582956662758,
            "nateglinide": 0.01980892948958334,
            "glipizide-metformin": -0.0,
            "troglitazone": -0.0,
            "miglitol": -0.0,
            "acarbose": -0.0,
            "chlorpropamide": -0.0,
            "metformin-rosiglitazone": -0.0,
            "glimepiride-pioglitazone": -0.0,
            "repaglinide": 0.0,
            "tolbutamide": -0.0,
            "metformin-pioglitazone": -0.0,
            "acetohexamide": -0.0,
            "number_outpatient": -0.3293798315759936,
            "diag_3": -0.4010861077786775,
            "admission_source_id": -0.4849548953843936,
            "gender": -1.0987640414002422,
            "diag_2": -2.049053304875022,
            "payer_code": -2.4298229613935445,
            "diag_1": -3.4603492562380955,
            "insulin": -7.324997173960234,
            "age": -9.889982340846904,
            "number_inpatient": -18.863540311438403
        }
    },
    "DecisionTree": {
        "SHAP": {
            "number_inpatient": -42.960723481562084,
            "discharge_disposition_id": 37.536472654792576,
            "diag_1": -7.545031135142917,
            "number_diagnoses": 4.847239752767654,
            "payer_code": -3.5411678723433426,
            "num_medications": 2.010491594742201,
            "medical_specialty": 1.189786745378461,
            "admission_source_id": 0.3690867632707604,
            "gender": 0.0,
            "race": 0.0,
            "num_lab_procedures": 0.0,
            "time_in_hospital": 0.0,
            "admission_type_id": 0.0,
            "age": 0.0,
            "number_emergency": 0.0,
            "number_outpatient": 0.0,
            "diag_2": 0.0,
            "num_procedures": 0.0,
            "diag_3": 0.0,
            "metformin": 0.0,
            "repaglinide": 0.0,
            "nateglinide": 0.0,
            "chlorpropamide": 0.0,
            "glimepiride": 0.0,
            "acetohexamide": 0.0,
            "glipizide": 0.0,
            "glyburide": 0.0,
            "tolbutamide": 0.0,
            "pioglitazone": 0.0,
            "rosiglitazone": 0.0,
            "acarbose": 0.0,
            "miglitol": 0.0,
            "troglitazone": 0.0,
            "tolazamide": 0.0,
            "insulin": 0.0,
            "glyburide-metformin": 0.0,
            "glipizide-metformin": 0.0,
            "glimepiride-pioglitazone": 0.0,
            "metformin-rosiglitazone": 0.0,
            "metformin-pioglitazone": 0.0,
            "change": 0.0,
            "diabetesMed": 0.0
        },
        "Lime": {
            "race": 3.042856766721511,
            "gender": 0.0,
            "age": 0.0,
            "admission_type_id": 0.0,
            "discharge_disposition_id": 0.0,
            "admission_source_id": 0.0,
            "time_in_hospital": 0.0,
            "payer_code": -3.6036895661662474,
            "medical_specialty": 0.0,
            "num_lab_procedures": 0.0,
            "num_procedures": 0.0,
            "num_medications": 5.931775442834893,
            "number_outpatient": 0.0,
            "number_emergency": 0.0,
            "number_inpatient": -38.70305287387026,
            "diag_1": -4.4555767750088755,
            "diag_2": 11.333113820781787,
            "diag_3": -3.0860202593241537,
            "number_diagnoses": 3.1514647985438513,
            "metformin": 0.0,
            "repaglinide": -2.661242626209739,
            "nateglinide": 3.29937683130083,
            "chlorpropamide": 0.0,
            "glimepiride": 3.370426070802828,
            "acetohexamide": 0.0,
            "glipizide": 0.0,
            "glyburide": 5.76241913751414,
            "tolbutamide": 0.0,
            "pioglitazone": 0.0,
            "rosiglitazone": 2.433151869091726,
            "acarbose": 3.2595802220908023,
            "miglitol": -5.906252939738346,
            "troglitazone": 0.0,
            "tolazamide": 0.0,
            "insulin": 0.0,
            "glyburide-metformin": 0.0,
            "glipizide-metformin": 0.0,
            "glimepiride-pioglitazone": 0.0,
            "metformin-rosiglitazone": 0.0,
            "metformin-pioglitazone": 0.0,
            "change": 0.0,
            "diabetesMed": 0.0
        },
        "Inherent": {
            "number_inpatient": -64.94048756620666,
            "discharge_disposition_id": 35.05951243379335,
            "gender": 0.0,
            "age": 0.0,
            "admission_type_id": 0.0,
            "admission_source_id": 0.0,
            "time_in_hospital": 0.0,
            "payer_code": 0.0,
            "medical_specialty": 0.0,
            "race": 0.0,
            "num_lab_procedures": 0.0,
            "num_procedures": 0.0,
            "number_outpatient": 0.0,
            "num_medications": 0.0,
            "number_emergency": 0.0,
            "diag_1": 0.0,
            "diag_2": 0.0,
            "diag_3": 0.0,
            "number_diagnoses": 0.0,
            "metformin": 0.0,
            "repaglinide": 0.0,
            "nateglinide": 0.0,
            "chlorpropamide": 0.0,
            "glimepiride": 0.0,
            "acetohexamide": 0.0,
            "glipizide": 0.0,
            "glyburide": 0.0,
            "tolbutamide": 0.0,
            "pioglitazone": 0.0,
            "rosiglitazone": 0.0,
            "acarbose": 0.0,
            "miglitol": 0.0,
            "troglitazone": 0.0,
            "tolazamide": 0.0,
            "insulin": 0.0,
            "glyburide-metformin": 0.0,
            "glipizide-metformin": 0.0,
            "glimepiride-pioglitazone": 0.0,
            "metformin-rosiglitazone": 0.0,
            "metformin-pioglitazone": 0.0,
            "change": 0.0,
            "diabetesMed": 0.0
        }
    },
    "XGBOOST": {
        "SHAP": {
            "number_inpatient": -22.06002067737124,
            "num_medications": 12.308050512355086,
            "number_emergency": 10.520168473643693,
            "diabetesMed": 6.66794023589513,
            "age": -4.9868297617484645,
            "discharge_disposition_id": 4.504424129781059,
            "diag_3": -4.436383105926819,
            "number_outpatient": 4.299409313415323,
            "time_in_hospital": 4.158259744144942,
            "num_lab_procedures": 3.4155161918730146,
            "diag_2": -2.928422824599122,
            "number_diagnoses": 2.8672503719011373,
            "payer_code": -2.8067356194957127,
            "medical_specialty": 2.439767985955007,
            "gender": -2.2332493925536383,
            "metformin": 2.183196128221711,
            "admission_type_id": 1.4128146919864433,
            "admission_source_id": 1.353580358020587,
            "glimepiride": 0.9977869637246702,
            "diag_1": 0.7037476346417106,
            "acarbose": 0.6291870983457224,
            "pioglitazone": 0.49897662843704294,
            "glyburide-metformin": 0.43165961686633936,
            "race": 0.34217435476657754,
            "glyburide": 0.2704746462136505,
            "glipizide": -0.26299825588975534,
            "change": -0.1358470572129598,
            "rosiglitazone": 0.058504956157972944,
            "num_procedures": 0.05245559738374089,
            "repaglinide": 0.027667437693919487,
            "insulin": 0.006500233777802547,
            "acetohexamide": 0.0,
            "nateglinide": 0.0,
            "chlorpropamide": 0.0,
            "tolazamide": 0.0,
            "troglitazone": 0.0,
            "miglitol": 0.0,
            "tolbutamide": 0.0,
            "glimepiride-pioglitazone": 0.0,
            "glipizide-metformin": 0.0,
            "metformin-pioglitazone": 0.0,
            "metformin-rosiglitazone": 0.0
        },
        "Lime": {
            "race": 0.0,
            "gender": 0.0,
            "age": -2.2476714028790568,
            "admission_type_id": -1.7126259657578722,
            "discharge_disposition_id": -3.307571504224798,
            "admission_source_id": 0.0,
            "time_in_hospital": 2.904485649913967,
            "payer_code": 0.0,
            "medical_specialty": 0.0,
            "num_lab_procedures": 2.217838389798268,
            "num_procedures": 2.8992923138708755,
            "num_medications": 3.618189027252384,
            "number_outpatient": -1.9710459855661013,
            "number_emergency": 11.694193116855146,
            "number_inpatient": -25.709671317753756,
            "diag_1": -1.7449448088874244,
            "diag_2": 2.0466982313775883,
            "diag_3": 0.0,
            "number_diagnoses": 4.668802828165749,
            "metformin": 2.704999570772259,
            "repaglinide": 3.2697791527389843,
            "nateglinide": -2.768691895596119,
            "chlorpropamide": 0.0,
            "glimepiride": 3.678741767343896,
            "acetohexamide": 0.0,
            "glipizide": 0.0,
            "glyburide": -4.875289923636719,
            "tolbutamide": 0.0,
            "pioglitazone": 6.270322393291187,
            "rosiglitazone": 0.0,
            "acarbose": -2.610951999510664,
            "miglitol": 0.0,
            "troglitazone": 0.0,
            "tolazamide": 0.0,
            "insulin": 1.6746210717439387,
            "glyburide-metformin": 0.0,
            "glipizide-metformin": 0.0,
            "glimepiride-pioglitazone": 0.0,
            "metformin-rosiglitazone": 0.0,
            "metformin-pioglitazone": 0.0,
            "change": 0.0,
            "diabetesMed": 5.403571683063248
        },
        "Inherent": {
            "race": 0.4826948940753937,
            "gender": -2.2780520915985107,
            "age": -5.148754119873047,
            "admission_type_id": 1.4810882806777954,
            "discharge_disposition_id": 4.9848480224609375,
            "admission_source_id": 0.8914291858673096,
            "time_in_hospital": 3.201789379119873,
            "payer_code": -3.165419101715088,
            "medical_specialty": 1.4126149415969849,
            "num_lab_procedures": 3.009631395339966,
            "num_procedures": 0.18379463255405426,
            "num_medications": 9.100545883178711,
            "number_outpatient": 3.3906564712524414,
            "number_emergency": 10.241579055786133,
            "number_inpatient": -27.778764724731445,
            "diag_1": -1.6553295850753784,
            "diag_2": -2.6991641521453857,
            "diag_3": -6.638195991516113,
            "number_diagnoses": 3.7692553997039795,
            "metformin": 1.8465107679367065,
            "repaglinide": -0.011141723021864891,
            "nateglinide": -0.011510821990668774,
            "chlorpropamide": 0.0212276391685009,
            "glimepiride": 0.4690008759498596,
            "acetohexamide": 0.0,
            "glipizide": -0.38486191630363464,
            "glyburide": 0.4018521308898926,
            "tolbutamide": 0.0,
            "pioglitazone": 0.5346841812133789,
            "rosiglitazone": -0.033245839178562164,
            "acarbose": 0.09227932244539261,
            "miglitol": 0.0,
            "troglitazone": 0.0,
            "tolazamide": 0.0,
            "insulin": 4.636547600966878e-05,
            "glyburide-metformin": 0.060519929975271225,
            "glipizide-metformin": 0.0,
            "glimepiride-pioglitazone": 0.0,
            "metformin-rosiglitazone": 0.0,
            "metformin-pioglitazone": 0.0,
            "change": -0.0719224363565445,
            "diabetesMed": 4.547590255737305
        }
    }
}