{
    "LogisticRegression": {
        "SHAP": {
            "number_inpatient": 23.126802273513903,
            "glimepiride": -10.873006592339626,
            "number_diagnoses": 7.969395666523046,
            "pioglitazone": -7.349354429649954,
            "discharge_disposition_id": -7.115202099234498,
            "diabetesMed": 6.301097861872863,
            "age": -5.708432104988963,
            "time_in_hospital": -4.088344310765874,
            "payer_code": 3.9587196268740437,
            "change": 3.338489588807826,
            "metformin": 3.2794896303891488,
            "num_procedures": 3.006629394606869,
            "insulin": -2.9102877502219497,
            "number_emergency": -2.307835080177806,
            "diag_1": -1.8675066768086248,
            "gender": 1.3878707967337807,
            "num_medications": 1.206118958740064,
            "admission_type_id": 0.9474655400997191,
            "num_lab_procedures": 0.6187746536410763,
            "glyburide": 0.4908034965590849,
            "rosiglitazone": 0.4375557437491636,
            "diag_3": -0.35753231253841045,
            "admission_source_id": -0.25469784906518805,
            "glyburide-metformin": 0.19609028349610447,
            "acarbose": 0.1880496222134813,
            "diag_2": 0.15974302661635242,
            "number_outpatient": 0.13535290901977623,
            "glipizide": 0.08486948432623129,
            "glipizide-metformin": -0.07844816094608693,
            "chlorpropamide": -0.05223391848925162,
            "medical_specialty": -0.037876084534601395,
            "race": 0.02828571484959753,
            "tolazamide": 0.026176568327839572,
            "tolbutamide": -0.02298061880929754,
            "troglitazone": -0.020536514535193402,
            "repaglinide": 0.0135880249050848,
            "miglitol": -0.013555349209285191,
            "metformin-rosiglitazone": -0.01333571524059611,
            "acetohexamide": -0.0075429261867158304,
            "nateglinide": 0.006902854223900583,
            "glimepiride-pioglitazone": -0.006768727366872369,
            "metformin-pioglitazone": -0.006251058802256587
        },
        "Lime": {
            "race": -20.660893656292657,
            "gender": 0.0,
            "age": 0.0,
            "admission_type_id": 0.0,
            "discharge_disposition_id": -12.499387111204422,
            "admission_source_id": 0.0,
            "time_in_hospital": 0.0,
            "payer_code": 0.0,
            "medical_specialty": 0.0,
            "num_lab_procedures": 0.0,
            "num_procedures": 0.0,
            "num_medications": 0.0,
            "number_outpatient": 0.0,
            "number_emergency": -16.544811698675176,
            "number_inpatient": 50.29490753382776,
            "diag_1": 0.0,
            "diag_2": 0.0,
            "diag_3": 0.0,
            "number_diagnoses": 0.0,
            "metformin": 0.0,
            "repaglinide": 0.0,
            "nateglinide": 0.0,
            "chlorpropamide": 0.0,
            "glimepiride": 0.0,
            "acetohexamide": 0.0,
            "glipizide": 0.0,
            "glyburide": 0.0,
            "tolbutamide": 0.0,
            "pioglitazone": 0.0,
            "rosiglitazone": 0.0,
            "acarbose": 0.0,
            "miglitol": 0.0,
            "troglitazone": 0.0,
            "tolazamide": 0.0,
            "insulin": 0.0,
            "glyburide-metformin": 0.0,
            "glipizide-metformin": 0.0,
            "glimepiride-pioglitazone": 0.0,
            "metformin-rosiglitazone": 0.0,
            "metformin-pioglitazone": 0.0,
            "change": 0.0,
            "diabetesMed": 0.0
        },
        "Inherent": {
            "number_inpatient": 21.38109117952931,
            "number_diagnoses": 10.306314159709986,
            "diabetesMed": 5.201030775606409,
            "payer_code": 3.757249128286672,
            "change": 3.5493925925894536,
            "num_procedures": 3.069699267909049,
            "metformin": 3.0057002012969707,
            "num_medications": 1.6898994410701185,
            "gender": 1.3496790632707272,
            "admission_type_id": 0.998910335559632,
            "num_lab_procedures": 0.6277515815109629,
            "glyburide": 0.5126074153354397,
            "rosiglitazone": 0.3656660918229691,
            "diag_2": 0.24920462088029974,
            "number_outpatient": 0.17400949712395958,
            "glyburide-metformin": 0.0912328757020174,
            "glipizide": 0.07009195002198274,
            "tolazamide": 0.03726232956732863,
            "race": 0.036052743409906586,
            "nateglinide": 0.020314305220970167,
            "metformin-pioglitazone": -0.0,
            "glipizide-metformin": -0.0,
            "chlorpropamide": -0.0,
            "troglitazone": -0.0,
            "acarbose": -0.0,
            "repaglinide": 0.0,
            "metformin-rosiglitazone": -0.0,
            "glimepiride-pioglitazone": -0.0,
            "miglitol": -0.0,
            "tolbutamide": -0.0,
            "acetohexamide": -0.0,
            "medical_specialty": -0.051533990274024666,
            "diag_3": -0.4178157269298414,
            "admission_source_id": -0.4973273173809174,
            "diag_1": -2.049623282968982,
            "number_emergency": -2.2774943310635476,
            "insulin": -2.7424310370405056,
            "time_in_hospital": -3.131406812663604,
            "age": -5.2778879066839774,
            "pioglitazone": -7.476372535333143,
            "discharge_disposition_id": -7.890746970065108,
            "glimepiride": -11.694200534172175
        }
    },
    "DecisionTree": {
        "SHAP": {
            "number_inpatient": 46.86776356703868,
            "num_medications": 18.429398278331867,
            "discharge_disposition_id": -15.252194179066562,
            "admission_source_id": 5.581813163304786,
            "payer_code": 5.240776460792267,
            "diag_1": -4.553067322387364,
            "number_diagnoses": 3.490976296534481,
            "medical_specialty": -0.3301562415047179,
            "number_emergency": -0.2538544910392867,
            "gender": 0.0,
            "num_lab_procedures": 0.0,
            "time_in_hospital": 0.0,
            "admission_type_id": 0.0,
            "age": 0.0,
            "race": 0.0,
            "number_outpatient": 0.0,
            "diag_2": 0.0,
            "num_procedures": 0.0,
            "diag_3": 0.0,
            "metformin": 0.0,
            "repaglinide": 0.0,
            "nateglinide": 0.0,
            "chlorpropamide": 0.0,
            "glimepiride": 0.0,
            "acetohexamide": 0.0,
            "glipizide": 0.0,
            "glyburide": 0.0,
            "tolbutamide": 0.0,
            "pioglitazone": 0.0,
            "rosiglitazone": 0.0,
            "acarbose": 0.0,
            "miglitol": 0.0,
            "troglitazone": 0.0,
            "tolazamide": 0.0,
            "insulin": 0.0,
            "glyburide-metformin": 0.0,
            "glipizide-metformin": 0.0,
            "glimepiride-pioglitazone": 0.0,
            "metformin-rosiglitazone": 0.0,
            "metformin-pioglitazone": 0.0,
            "change": 0.0,
            "diabetesMed": 0.0
        },
        "Lime": {
            "race": 0.0,
            "gender": 0.0,
            "age": 3.9355384327715117,
            "admission_type_id": 0.0,
            "discharge_disposition_id": -13.670173210717316,
            "admission_source_id": 0.0,
            "time_in_hospital": 0.0,
            "payer_code": 4.934245244452059,
            "medical_specialty": 0.0,
            "num_lab_procedures": 0.0,
            "num_procedures": 0.0,
            "num_medications": 0.0,
            "number_outpatient": 0.0,
            "number_emergency": 0.0,
            "number_inpatient": 9.170949713147142,
            "diag_1": -5.588488804110628,
            "diag_2": 2.978843561133418,
            "diag_3": 10.24158542502582,
            "number_diagnoses": 3.4889542310184636,
            "metformin": 0.0,
            "repaglinide": 0.0,
            "nateglinide": 0.0,
            "chlorpropamide": 0.0,
            "glimepiride": 0.0,
            "acetohexamide": 0.0,
            "glipizide": 0.0,
            "glyburide": -15.988034781272795,
            "tolbutamide": 0.0,
            "pioglitazone": 0.0,
            "rosiglitazone": 0.0,
            "acarbose": -19.355536354994758,
            "miglitol": 0.0,
            "troglitazone": -7.9578624727245115,
            "tolazamide": 0.0,
            "insulin": 0.0,
            "glyburide-metformin": 0.0,
            "glipizide-metformin": 0.0,
            "glimepiride-pioglitazone": 0.0,
            "metformin-rosiglitazone": 0.0,
            "metformin-pioglitazone": 0.0,
            "change": 0.0,
            "diabetesMed": -2.6897877686315796
        },
        "Inherent": {
            "number_inpatient": 31.766238429594544,
            "discharge_disposition_id": -27.76853283541017,
            "num_medications": 25.130061487408867,
            "admission_source_id": 15.335167247586416,
            "gender": 0.0,
            "race": 0.0,
            "time_in_hospital": 0.0,
            "payer_code": 0.0,
            "admission_type_id": 0.0,
            "age": 0.0,
            "num_lab_procedures": 0.0,
            "medical_specialty": 0.0,
            "number_outpatient": 0.0,
            "num_procedures": 0.0,
            "number_emergency": 0.0,
            "diag_1": 0.0,
            "diag_2": 0.0,
            "diag_3": 0.0,
            "number_diagnoses": 0.0,
            "metformin": 0.0,
            "repaglinide": 0.0,
            "nateglinide": 0.0,
            "chlorpropamide": 0.0,
            "glimepiride": 0.0,
            "acetohexamide": 0.0,
            "glipizide": 0.0,
            "glyburide": 0.0,
            "tolbutamide": 0.0,
            "pioglitazone": 0.0,
            "rosiglitazone": 0.0,
            "acarbose": 0.0,
            "miglitol": 0.0,
            "troglitazone": 0.0,
            "tolazamide": 0.0,
            "insulin": 0.0,
            "glyburide-metformin": 0.0,
            "glipizide-metformin": 0.0,
            "glimepiride-pioglitazone": 0.0,
            "metformin-rosiglitazone": 0.0,
            "metformin-pioglitazone": 0.0,
            "change": 0.0,
            "diabetesMed": 0.0
        }
    },
    "XGBOOST": {
        "SHAP": {
            "number_inpatient": 19.669345961548874,
            "discharge_disposition_id": -10.878318583260741,
            "diag_1": -7.77185718524618,
            "diag_3": -7.658673137142369,
            "pioglitazone": -6.827217406725944,
            "num_medications": 6.40260601696836,
            "payer_code": 5.873570475146924,
            "age": -5.3318205445419515,
            "glimepiride": -5.29436956165926,
            "diag_2": 3.0171142751370095,
            "diabetesMed": 2.5069161429077407,
            "gender": 2.4464281308130413,
            "medical_specialty": 2.3320728892884146,
            "number_emergency": -2.291778357037207,
            "num_lab_procedures": 2.0879623530496603,
            "number_diagnoses": 2.0693503465955194,
            "metformin": 1.8476352042069402,
            "insulin": -1.6154471151646033,
            "admission_type_id": 1.330198825032055,
            "glyburide-metformin": 0.458327345645392,
            "num_procedures": 0.43738117986498765,
            "glipizide": 0.27745834977721395,
            "number_outpatient": -0.25104482601128525,
            "admission_source_id": -0.24384239366384863,
            "glyburide": 0.21891177201372103,
            "rosiglitazone": 0.21189023809403143,
            "race": 0.20542627689053647,
            "acarbose": 0.19031908907947995,
            "time_in_hospital": -0.15366464565256605,
            "change": -0.08165035013621559,
            "repaglinide": 0.017401021697917168,
            "acetohexamide": 0.0,
            "nateglinide": 0.0,
            "chlorpropamide": 0.0,
            "tolazamide": 0.0,
            "troglitazone": 0.0,
            "miglitol": 0.0,
            "tolbutamide": 0.0,
            "glimepiride-pioglitazone": 0.0,
            "glipizide-metformin": 0.0,
            "metformin-pioglitazone": 0.0,
            "metformin-rosiglitazone": 0.0
        },
        "Lime": {
            "race": 0.0,
            "gender": 2.516151463703864,
            "age": -3.369166744508752,
            "admission_type_id": 0.0,
            "discharge_disposition_id": -6.945052289774709,
            "admission_source_id": 0.0,
            "time_in_hospital": 0.0,
            "payer_code": 4.926711931931776,
            "medical_specialty": 0.0,
            "num_lab_procedures": 0.0,
            "num_procedures": 0.0,
            "num_medications": 2.642548461678552,
            "number_outpatient": -2.081202065632543,
            "number_emergency": -9.351655630604263,
            "number_inpatient": 9.43529951958869,
            "diag_1": -6.659918855819205,
            "diag_2": 0.0,
            "diag_3": 4.632141604310012,
            "number_diagnoses": 3.3775197649165687,
            "metformin": 3.9036684312847307,
            "repaglinide": 2.992516350376668,
            "nateglinide": 0.0,
            "chlorpropamide": 0.0,
            "glimepiride": -6.200461505517691,
            "acetohexamide": 0.0,
            "glipizide": 0.0,
            "glyburide": 9.026227958712594,
            "tolbutamide": 0.0,
            "pioglitazone": -4.383769888528614,
            "rosiglitazone": 0.0,
            "acarbose": 3.7533071880695865,
            "miglitol": 0.0,
            "troglitazone": 0.0,
            "tolazamide": 5.766522209971487,
            "insulin": -2.7187136890315533,
            "glyburide-metformin": 0.0,
            "glipizide-metformin": 0.0,
            "glimepiride-pioglitazone": 0.0,
            "metformin-rosiglitazone": 0.0,
            "metformin-pioglitazone": 0.0,
            "change": 0.0,
            "diabetesMed": 5.317444446038145
        },
        "Inherent": {
            "race": 0.24883893132209778,
            "gender": 2.3604319095611572,
            "age": -6.178342342376709,
            "admission_type_id": 1.4472639560699463,
            "discharge_disposition_id": -11.026190757751465,
            "admission_source_id": -0.748929500579834,
            "time_in_hospital": -0.7158939242362976,
            "payer_code": 5.102599620819092,
            "medical_specialty": 1.7147554159164429,
            "num_lab_procedures": 2.4457409381866455,
            "num_procedures": 0.5450406074523926,
            "num_medications": 4.475125312805176,
            "number_outpatient": -0.45847445726394653,
            "number_emergency": -2.5193004608154297,
            "number_inpatient": 16.177480697631836,
            "diag_1": -10.532588005065918,
            "diag_2": 2.337711811065674,
            "diag_3": -9.657617568969727,
            "number_diagnoses": 3.4774527549743652,
            "metformin": 1.783129334449768,
            "repaglinide": -0.013729155994951725,
            "nateglinide": 0.010294738225638866,
            "chlorpropamide": 0.015975121408700943,
            "glimepiride": -4.364804267883301,
            "acetohexamide": 0.0,
            "glipizide": -0.1490742266178131,
            "glyburide": 0.3416130840778351,
            "tolbutamide": 0.0,
            "pioglitazone": -6.947958469390869,
            "rosiglitazone": 0.12500162422657013,
            "acarbose": 0.02210797369480133,
            "miglitol": 0.0,
            "troglitazone": 0.0,
            "tolazamide": 0.0,
            "insulin": -1.8564337491989136,
            "glyburide-metformin": 0.09059002995491028,
            "glipizide-metformin": 0.0,
            "glimepiride-pioglitazone": 0.0,
            "metformin-rosiglitazone": 0.0,
            "metformin-pioglitazone": 0.0,
            "change": -0.0488610602915287,
            "diabetesMed": 2.0606491565704346
        }
    }
}