{
    "LogisticRegression": {
        "SHAP": {
            "number_inpatient": 19.769416600240998,
            "diabetesMed": -18.57431184177943,
            "number_diagnoses": -14.342099425348598,
            "time_in_hospital": -7.299512417261813,
            "num_procedures": -6.095475565005973,
            "discharge_disposition_id": -6.082267355040761,
            "num_medications": -4.756211272582935,
            "age": 3.187839376731915,
            "metformin": 2.803396508197092,
            "change": -2.3098693705402265,
            "admission_source_id": 2.1730324749810217,
            "number_emergency": -1.9727998970673695,
            "payer_code": -1.7979717635085644,
            "insulin": 1.4672369085929817,
            "glimepiride": 1.1890653336112567,
            "gender": 1.1863895251684375,
            "diag_1": 1.1203568373854964,
            "admission_type_id": -1.0106072202280778,
            "diag_3": -0.4430098220871396,
            "glyburide": 0.41955211436402495,
            "num_lab_procedures": -0.41554355139396937,
            "pioglitazone": 0.38394971166501785,
            "rosiglitazone": 0.37403449390459936,
            "glyburide-metformin": 0.1676232822785681,
            "acarbose": 0.16074990736241485,
            "number_outpatient": 0.11570333048296104,
            "glipizide": 0.07254873252470456,
            "glipizide-metformin": -0.06705961148126803,
            "medical_specialty": 0.05320502081156221,
            "chlorpropamide": -0.04465096743874859,
            "race": 0.024179394716308637,
            "tolazamide": 0.02237643917725707,
            "tolbutamide": -0.019644455018004898,
            "troglitazone": -0.01755516852531363,
            "repaglinide": 0.011615411501602987,
            "miglitol": -0.011587479432338704,
            "metformin-rosiglitazone": -0.01139973037065578,
            "acetohexamide": -0.006447897483035607,
            "nateglinide": 0.0059007466431842855,
            "glimepiride-pioglitazone": -0.005786091375131577,
            "metformin-pioglitazone": -0.0053435742733851455,
            "diag_2": -0.002673372415859419
        },
        "Lime": {
            "race": -26.79555004784817,
            "gender": 0.0,
            "age": 0.0,
            "admission_type_id": 0.0,
            "discharge_disposition_id": -7.206834835421365,
            "admission_source_id": 0.0,
            "time_in_hospital": 0.0,
            "payer_code": 0.0,
            "medical_specialty": 0.0,
            "num_lab_procedures": 0.0,
            "num_procedures": 0.0,
            "num_medications": 0.0,
            "number_outpatient": 0.0,
            "number_emergency": -10.999724640064896,
            "number_inpatient": 42.359440179075946,
            "diag_1": 0.0,
            "diag_2": 0.0,
            "diag_3": 0.0,
            "number_diagnoses": -12.638450297589628,
            "metformin": 0.0,
            "repaglinide": 0.0,
            "nateglinide": 0.0,
            "chlorpropamide": 0.0,
            "glimepiride": 0.0,
            "acetohexamide": 0.0,
            "glipizide": 0.0,
            "glyburide": 0.0,
            "tolbutamide": 0.0,
            "pioglitazone": 0.0,
            "rosiglitazone": 0.0,
            "acarbose": 0.0,
            "miglitol": 0.0,
            "troglitazone": 0.0,
            "tolazamide": 0.0,
            "insulin": 0.0,
            "glyburide-metformin": 0.0,
            "glipizide-metformin": 0.0,
            "glimepiride-pioglitazone": 0.0,
            "metformin-rosiglitazone": 0.0,
            "metformin-pioglitazone": 0.0,
            "change": 0.0,
            "diabetesMed": 0.0
        },
        "Inherent": {
            "number_inpatient": 18.480790406529653,
            "age": 3.8471772356472727,
            "metformin": 2.597983188913006,
            "admission_source_id": 2.0621103123843096,
            "insulin": 1.7520539571195002,
            "gender": 1.1665978913306654,
            "diag_1": 1.0601793299141054,
            "glimepiride": 0.8195599809245094,
            "pioglitazone": 0.4864035108210192,
            "glyburide": 0.44307328022234777,
            "rosiglitazone": 0.3160642431675878,
            "number_outpatient": 0.15040546893006213,
            "glyburide-metformin": 0.07885732490810475,
            "diag_2": 0.07027986485776058,
            "glipizide": 0.06058412204805586,
            "medical_specialty": 0.044662452421267186,
            "tolazamide": 0.03220777167126757,
            "race": 0.031162263373012027,
            "nateglinide": 0.017558711755668466,
            "troglitazone": -0.0,
            "glipizide-metformin": -0.0,
            "glimepiride-pioglitazone": -0.0,
            "metformin-rosiglitazone": -0.0,
            "miglitol": -0.0,
            "chlorpropamide": -0.0,
            "repaglinide": 0.0,
            "metformin-pioglitazone": -0.0,
            "acetohexamide": -0.0,
            "tolbutamide": -0.0,
            "acarbose": -0.0,
            "num_lab_procedures": -0.44187879117070306,
            "diag_3": -0.5043379467934772,
            "admission_type_id": -1.034194653924112,
            "number_emergency": -1.9685569380454535,
            "payer_code": -2.1538044758475943,
            "change": -2.314399434991285,
            "num_medications": -4.571589474158346,
            "num_procedures": -6.379212837175087,
            "time_in_hospital": -6.672407861266053,
            "discharge_disposition_id": -6.820383472493215,
            "number_diagnoses": -13.141923878862624,
            "diabetesMed": -20.47959891833288
        }
    },
    "DecisionTree": {
        "SHAP": {
            "number_inpatient": 37.70646056000223,
            "discharge_disposition_id": -29.90199367627895,
            "number_diagnoses": -11.586484617844977,
            "num_medications": -5.891474486369834,
            "diag_1": 5.449420108447767,
            "admission_source_id": -4.339100474009179,
            "payer_code": -2.9736493419900913,
            "number_emergency": -1.1523088983076355,
            "medical_specialty": 0.9991078367493325,
            "gender": 0.0,
            "num_lab_procedures": 0.0,
            "time_in_hospital": 0.0,
            "admission_type_id": 0.0,
            "age": 0.0,
            "race": 0.0,
            "number_outpatient": 0.0,
            "diag_2": 0.0,
            "num_procedures": 0.0,
            "diag_3": 0.0,
            "metformin": 0.0,
            "repaglinide": 0.0,
            "nateglinide": 0.0,
            "chlorpropamide": 0.0,
            "glimepiride": 0.0,
            "acetohexamide": 0.0,
            "glipizide": 0.0,
            "glyburide": 0.0,
            "tolbutamide": 0.0,
            "pioglitazone": 0.0,
            "rosiglitazone": 0.0,
            "acarbose": 0.0,
            "miglitol": 0.0,
            "troglitazone": 0.0,
            "tolazamide": 0.0,
            "insulin": 0.0,
            "glyburide-metformin": 0.0,
            "glipizide-metformin": 0.0,
            "glimepiride-pioglitazone": 0.0,
            "metformin-rosiglitazone": 0.0,
            "metformin-pioglitazone": 0.0,
            "change": 0.0,
            "diabetesMed": 0.0
        },
        "Lime": {
            "race": 0.0,
            "gender": 0.0,
            "age": 0.0,
            "admission_type_id": 0.0,
            "discharge_disposition_id": -18.341205435027227,
            "admission_source_id": 0.0,
            "time_in_hospital": 0.0,
            "payer_code": -2.488599580233888,
            "medical_specialty": -4.083618559733025,
            "num_lab_procedures": 0.0,
            "num_procedures": 0.0,
            "num_medications": 2.682399562146869,
            "number_outpatient": 0.0,
            "number_emergency": -3.996853455781964,
            "number_inpatient": 8.984025370007746,
            "diag_1": 0.0,
            "diag_2": 4.2535542562098,
            "diag_3": 0.0,
            "number_diagnoses": -6.799345169701828,
            "metformin": 0.0,
            "repaglinide": 4.260043830349866,
            "nateglinide": -6.969474473677375,
            "chlorpropamide": 8.449356791362773,
            "glimepiride": 0.0,
            "acetohexamide": 0.0,
            "glipizide": 2.6354670787329266,
            "glyburide": 11.534805967167241,
            "tolbutamide": 0.0,
            "pioglitazone": 0.0,
            "rosiglitazone": -7.342030112489809,
            "acarbose": -3.9381033357151574,
            "miglitol": 0.0,
            "troglitazone": 0.0,
            "tolazamide": 3.241117021662511,
            "insulin": 0.0,
            "glyburide-metformin": 0.0,
            "glipizide-metformin": 0.0,
            "glimepiride-pioglitazone": 0.0,
            "metformin-rosiglitazone": 0.0,
            "metformin-pioglitazone": 0.0,
            "change": 0.0,
            "diabetesMed": 0.0
        },
        "Inherent": {
            "number_inpatient": 41.339934239452816,
            "discharge_disposition_id": -36.13740178542741,
            "num_medications": -17.559753757631547,
            "number_emergency": -4.962910217488232,
            "gender": 0.0,
            "admission_source_id": 0.0,
            "time_in_hospital": 0.0,
            "age": 0.0,
            "admission_type_id": 0.0,
            "race": 0.0,
            "num_lab_procedures": 0.0,
            "medical_specialty": 0.0,
            "payer_code": 0.0,
            "num_procedures": 0.0,
            "number_outpatient": 0.0,
            "diag_1": 0.0,
            "diag_2": 0.0,
            "diag_3": 0.0,
            "number_diagnoses": 0.0,
            "metformin": 0.0,
            "repaglinide": 0.0,
            "nateglinide": 0.0,
            "chlorpropamide": 0.0,
            "glimepiride": 0.0,
            "acetohexamide": 0.0,
            "glipizide": 0.0,
            "glyburide": 0.0,
            "tolbutamide": 0.0,
            "pioglitazone": 0.0,
            "rosiglitazone": 0.0,
            "acarbose": 0.0,
            "miglitol": 0.0,
            "troglitazone": 0.0,
            "tolazamide": 0.0,
            "insulin": 0.0,
            "glyburide-metformin": 0.0,
            "glipizide-metformin": 0.0,
            "glimepiride-pioglitazone": 0.0,
            "metformin-rosiglitazone": 0.0,
            "metformin-pioglitazone": 0.0,
            "change": 0.0,
            "diabetesMed": 0.0
        }
    },
    "XGBOOST": {
        "SHAP": {
            "number_inpatient": 19.131061255618675,
            "discharge_disposition_id": -11.986244532469408,
            "diabetesMed": -10.05833956691034,
            "time_in_hospital": -8.894581141929839,
            "number_diagnoses": -7.2353975243025905,
            "diag_1": 5.429986553989597,
            "medical_specialty": -4.830760657834732,
            "admission_source_id": 4.313844809497996,
            "diag_3": -4.253975843340567,
            "age": 3.7823629243879138,
            "number_emergency": -3.7154521868242965,
            "num_procedures": -3.6417914047048012,
            "metformin": 2.5083969071799204,
            "gender": 1.5939437436647295,
            "diag_2": 1.5222063032284112,
            "num_medications": 1.5096512530608772,
            "num_lab_procedures": 1.1643316165183726,
            "admission_type_id": -0.9891410001213337,
            "change": -0.7358309468911862,
            "glimepiride": 0.5381301639417775,
            "pioglitazone": 0.4444541902646897,
            "insulin": -0.3733006795933152,
            "acarbose": 0.3444635670659363,
            "rosiglitazone": 0.3204292667974854,
            "glyburide-metformin": 0.21754167270576688,
            "number_outpatient": 0.1889462705541686,
            "glipizide": -0.12400572580204904,
            "glyburide": -0.07121836382710733,
            "race": -0.039351701001522216,
            "payer_code": -0.021951446624622166,
            "repaglinide": 0.018906779345964457,
            "acetohexamide": 0.0,
            "nateglinide": 0.0,
            "chlorpropamide": 0.0,
            "tolazamide": 0.0,
            "troglitazone": 0.0,
            "miglitol": 0.0,
            "tolbutamide": 0.0,
            "glimepiride-pioglitazone": 0.0,
            "glipizide-metformin": 0.0,
            "metformin-pioglitazone": 0.0,
            "metformin-rosiglitazone": 0.0
        },
        "Lime": {
            "race": 1.8451826809383565,
            "gender": 0.0,
            "age": 2.116859595197108,
            "admission_type_id": 0.0,
            "discharge_disposition_id": -5.854210817249038,
            "admission_source_id": 0.0,
            "time_in_hospital": -3.8655628130656248,
            "payer_code": 0.0,
            "medical_specialty": 1.679990853666412,
            "num_lab_procedures": 0.0,
            "num_procedures": 0.0,
            "num_medications": -3.9918321785083295,
            "number_outpatient": 0.0,
            "number_emergency": -8.75221665510927,
            "number_inpatient": 7.409723504105832,
            "diag_1": 3.398732810392261,
            "diag_2": 0.0,
            "diag_3": 0.0,
            "number_diagnoses": -5.035626021469093,
            "metformin": 5.5338522463193325,
            "repaglinide": 2.5524020405598917,
            "nateglinide": -12.879823780563566,
            "chlorpropamide": 13.65312524933328,
            "glimepiride": 0.0,
            "acetohexamide": 0.0,
            "glipizide": 0.0,
            "glyburide": 2.72260806488916,
            "tolbutamide": 0.0,
            "pioglitazone": 6.615692740389437,
            "rosiglitazone": 3.9525225245396265,
            "acarbose": 2.137714384771835,
            "miglitol": 0.0,
            "troglitazone": 0.0,
            "tolazamide": 0.0,
            "insulin": 0.0,
            "glyburide-metformin": 0.0,
            "glipizide-metformin": 0.0,
            "glimepiride-pioglitazone": 0.0,
            "metformin-rosiglitazone": 0.0,
            "metformin-pioglitazone": 0.0,
            "change": 0.0,
            "diabetesMed": -6.002321038932555
        },
        "Inherent": {
            "race": -0.02843896858394146,
            "gender": 1.5332387685775757,
            "age": 3.6745212078094482,
            "admission_type_id": -0.9660484194755554,
            "discharge_disposition_id": -13.148418426513672,
            "admission_source_id": 4.132190704345703,
            "time_in_hospital": -10.39855670928955,
            "payer_code": -0.11306193470954895,
            "medical_specialty": -5.480126857757568,
            "num_lab_procedures": 0.8148123621940613,
            "num_procedures": -4.02968692779541,
            "num_medications": 0.23112420737743378,
            "number_outpatient": 0.21033908426761627,
            "number_emergency": -4.317924499511719,
            "number_inpatient": 15.522135734558105,
            "diag_1": 3.8891825675964355,
            "diag_2": 1.0101884603500366,
            "diag_3": -6.76829719543457,
            "number_diagnoses": -7.057236671447754,
            "metformin": 2.2514243125915527,
            "repaglinide": -0.00609938707202673,
            "nateglinide": 0.006990642752498388,
            "chlorpropamide": 0.021105000749230385,
            "glimepiride": 0.35775595903396606,
            "acetohexamide": 0.0,
            "glipizide": -0.04368946701288223,
            "glyburide": -0.10277825593948364,
            "tolbutamide": 0.0,
            "pioglitazone": 0.551904559135437,
            "rosiglitazone": 0.21953918039798737,
            "acarbose": 0.06172183156013489,
            "miglitol": 0.0,
            "troglitazone": 0.0,
            "tolazamide": 0.0,
            "insulin": -0.6680793762207031,
            "glyburide-metformin": 0.03037344478070736,
            "glipizide-metformin": 0.0,
            "glimepiride-pioglitazone": 0.0,
            "metformin-rosiglitazone": 0.0,
            "metformin-pioglitazone": 0.0,
            "change": -0.9283028841018677,
            "diabetesMed": -11.424708366394043
        }
    }
}