{
    "LogisticRegression": {
        "SHAP": {
            "number_inpatient": -19.48586431919062,
            "number_diagnoses": 9.480377711688988,
            "num_medications": 8.913191355171412,
            "pioglitazone": -8.742777852383178,
            "discharge_disposition_id": -8.464230691807924,
            "diabetesMed": 7.495773861474378,
            "time_in_hospital": 5.7258973387413805,
            "age": 4.436274553226588,
            "metformin": 3.9012745380756066,
            "change": -3.2144702096974176,
            "number_outpatient": -2.792014706338005,
            "number_emergency": -2.7453961594953986,
            "insulin": 2.0418424493579113,
            "glimepiride": 1.6547321424429193,
            "payer_code": -1.6006778005107702,
            "diag_2": -1.5260443212178383,
            "gender": -1.2068312945869084,
            "num_lab_procedures": 1.1405157846954175,
            "admission_type_id": 1.1271031788127583,
            "diag_1": -0.777070340365324,
            "glyburide": 0.5838588927318025,
            "num_procedures": 0.5618575067144407,
            "diag_3": 0.5418436271362038,
            "rosiglitazone": 0.5205154687056562,
            "admission_source_id": -0.3029880699280439,
            "glyburide-metformin": 0.23326862298284007,
            "acarbose": 0.2237034678317119,
            "medical_specialty": 0.10580105372150114,
            "glipizide": 0.10096057483866606,
            "glipizide-metformin": -0.09332178093257461,
            "chlorpropamide": -0.06213736867399497,
            "race": 0.03364863182107626,
            "tolazamide": 0.031139595187400844,
            "tolbutamide": -0.027337699805227145,
            "troglitazone": -0.024430198075504405,
            "repaglinide": 0.016164288215375217,
            "miglitol": -0.016125417270684415,
            "metformin-rosiglitazone": -0.0158641411252125,
            "acetohexamide": -0.008973050441182932,
            "nateglinide": 0.008211622068936214,
            "glimepiride-pioglitazone": -0.00805206501855024,
            "metformin-pioglitazone": -0.007436247492681726
        },
        "Lime": {
            "race": -24.483933679567993,
            "gender": 0.0,
            "age": 0.0,
            "admission_type_id": 0.0,
            "discharge_disposition_id": -21.488493088205576,
            "admission_source_id": 0.0,
            "time_in_hospital": 17.467957265668918,
            "payer_code": 0.0,
            "medical_specialty": 0.0,
            "num_lab_procedures": 0.0,
            "num_procedures": 8.252906285505844,
            "num_medications": 0.0,
            "number_outpatient": 0.0,
            "number_emergency": -28.30670968105167,
            "number_inpatient": 0.0,
            "diag_1": 0.0,
            "diag_2": 0.0,
            "diag_3": 0.0,
            "number_diagnoses": 0.0,
            "metformin": 0.0,
            "repaglinide": 0.0,
            "nateglinide": 0.0,
            "chlorpropamide": 0.0,
            "glimepiride": 0.0,
            "acetohexamide": 0.0,
            "glipizide": 0.0,
            "glyburide": 0.0,
            "tolbutamide": 0.0,
            "pioglitazone": 0.0,
            "rosiglitazone": 0.0,
            "acarbose": 0.0,
            "miglitol": 0.0,
            "troglitazone": 0.0,
            "tolazamide": 0.0,
            "insulin": 0.0,
            "glyburide-metformin": 0.0,
            "glipizide-metformin": 0.0,
            "glimepiride-pioglitazone": 0.0,
            "metformin-rosiglitazone": 0.0,
            "metformin-pioglitazone": 0.0,
            "change": 0.0,
            "diabetesMed": 0.0
        },
        "Inherent": {
            "number_diagnoses": 11.246041678937264,
            "num_medications": 8.915309607599022,
            "time_in_hospital": 6.5960474682653,
            "diabetesMed": 5.675259648552279,
            "age": 4.85677327714148,
            "metformin": 3.2797593023427725,
            "insulin": 2.211836969766305,
            "admission_type_id": 1.0899907661596981,
            "num_lab_procedures": 1.0673986773080755,
            "glimepiride": 1.03463312724116,
            "glyburide": 0.5593468497526257,
            "num_procedures": 0.49887567087353146,
            "diag_3": 0.45860600471492086,
            "rosiglitazone": 0.3990074478120633,
            "glyburide-metformin": 0.09955146978200223,
            "medical_specialty": 0.08641389665888781,
            "glipizide": 0.07648291902324339,
            "tolazamide": 0.040659900802040565,
            "race": 0.03934002483767188,
            "nateglinide": 0.022166559223158005,
            "acarbose": -0.0,
            "glipizide-metformin": -0.0,
            "glimepiride-pioglitazone": -0.0,
            "troglitazone": -0.0,
            "chlorpropamide": -0.0,
            "repaglinide": 0.0,
            "metformin-rosiglitazone": -0.0,
            "acetohexamide": -0.0,
            "miglitol": -0.0,
            "tolbutamide": -0.0,
            "metformin-pioglitazone": -0.0,
            "admission_source_id": -0.5426735157370016,
            "diag_1": -0.870624157270147,
            "gender": -1.2295373260217104,
            "diag_2": -1.3507367455245718,
            "payer_code": -1.8666605231217197,
            "number_emergency": -2.4851557767189907,
            "number_outpatient": -2.6024132634149653,
            "change": -2.921756040856236,
            "pioglitazone": -8.158066582940679,
            "discharge_disposition_id": -8.61022358994316,
            "number_inpatient": -21.108651211657318
        }
    },
    "DecisionTree": {
        "SHAP": {
            "number_inpatient": -42.55817941934521,
            "discharge_disposition_id": -36.933489790953516,
            "diag_1": -9.76372095756057,
            "number_diagnoses": 5.313302868661996,
            "payer_code": -2.262361103602133,
            "num_medications": 2.0551217323511866,
            "medical_specialty": 0.760124159983518,
            "admission_source_id": 0.35369996754187744,
            "gender": 0.0,
            "race": 0.0,
            "num_lab_procedures": 0.0,
            "time_in_hospital": 0.0,
            "admission_type_id": 0.0,
            "age": 0.0,
            "number_emergency": 0.0,
            "number_outpatient": 0.0,
            "diag_2": 0.0,
            "num_procedures": 0.0,
            "diag_3": 0.0,
            "metformin": 0.0,
            "repaglinide": 0.0,
            "nateglinide": 0.0,
            "chlorpropamide": 0.0,
            "glimepiride": 0.0,
            "acetohexamide": 0.0,
            "glipizide": 0.0,
            "glyburide": 0.0,
            "tolbutamide": 0.0,
            "pioglitazone": 0.0,
            "rosiglitazone": 0.0,
            "acarbose": 0.0,
            "miglitol": 0.0,
            "troglitazone": 0.0,
            "tolazamide": 0.0,
            "insulin": 0.0,
            "glyburide-metformin": 0.0,
            "glipizide-metformin": 0.0,
            "glimepiride-pioglitazone": 0.0,
            "metformin-rosiglitazone": 0.0,
            "metformin-pioglitazone": 0.0,
            "change": 0.0,
            "diabetesMed": 0.0
        },
        "Lime": {
            "race": 0.0,
            "gender": 0.0,
            "age": 0.0,
            "admission_type_id": 0.0,
            "discharge_disposition_id": -17.245550951898174,
            "admission_source_id": 0.0,
            "time_in_hospital": 0.0,
            "payer_code": 0.0,
            "medical_specialty": 0.0,
            "num_lab_procedures": 0.0,
            "num_procedures": 0.0,
            "num_medications": 0.0,
            "number_outpatient": -5.5510722643251,
            "number_emergency": -4.509116186377288,
            "number_inpatient": -34.98969634938137,
            "diag_1": 0.0,
            "diag_2": 4.536638954808852,
            "diag_3": 0.0,
            "number_diagnoses": 4.868724707968502,
            "metformin": 0.0,
            "repaglinide": 0.0,
            "nateglinide": 8.220640211382472,
            "chlorpropamide": 0.0,
            "glimepiride": -2.846782021439276,
            "acetohexamide": 0.0,
            "glipizide": 0.0,
            "glyburide": 6.246404486867074,
            "tolbutamide": 0.0,
            "pioglitazone": 0.0,
            "rosiglitazone": 2.5941451856789217,
            "acarbose": 8.391228679872983,
            "miglitol": 0.0,
            "troglitazone": 0.0,
            "tolazamide": 0.0,
            "insulin": 0.0,
            "glyburide-metformin": 0.0,
            "glipizide-metformin": 0.0,
            "glimepiride-pioglitazone": 0.0,
            "metformin-rosiglitazone": 0.0,
            "metformin-pioglitazone": 0.0,
            "change": 0.0,
            "diabetesMed": 0.0
        },
        "Inherent": {
            "number_inpatient": -40.52440326798742,
            "discharge_disposition_id": -28.24114846946058,
            "diag_1": -16.264729345253905,
            "number_diagnoses": 14.969718917298103,
            "gender": 0.0,
            "admission_source_id": 0.0,
            "time_in_hospital": 0.0,
            "age": 0.0,
            "admission_type_id": 0.0,
            "race": 0.0,
            "num_lab_procedures": 0.0,
            "medical_specialty": 0.0,
            "payer_code": 0.0,
            "num_procedures": 0.0,
            "number_emergency": 0.0,
            "number_outpatient": 0.0,
            "diag_2": 0.0,
            "num_medications": 0.0,
            "diag_3": 0.0,
            "metformin": 0.0,
            "repaglinide": 0.0,
            "nateglinide": 0.0,
            "chlorpropamide": 0.0,
            "glimepiride": 0.0,
            "acetohexamide": 0.0,
            "glipizide": 0.0,
            "glyburide": 0.0,
            "tolbutamide": 0.0,
            "pioglitazone": 0.0,
            "rosiglitazone": 0.0,
            "acarbose": 0.0,
            "miglitol": 0.0,
            "troglitazone": 0.0,
            "tolazamide": 0.0,
            "insulin": 0.0,
            "glyburide-metformin": 0.0,
            "glipizide-metformin": 0.0,
            "glimepiride-pioglitazone": 0.0,
            "metformin-rosiglitazone": 0.0,
            "metformin-pioglitazone": 0.0,
            "change": 0.0,
            "diabetesMed": 0.0
        }
    },
    "XGBOOST": {
        "SHAP": {
            "number_inpatient": -15.402641104767339,
            "diag_3": 14.482971621117624,
            "discharge_disposition_id": -13.401033068238524,
            "pioglitazone": -7.725462021511877,
            "time_in_hospital": 6.901822006682799,
            "num_lab_procedures": 6.328332199692236,
            "diabetesMed": 4.738159039325226,
            "payer_code": -3.930441117468382,
            "number_diagnoses": 3.4946968264691054,
            "num_medications": -3.33805548265237,
            "age": 2.569047806270466,
            "number_emergency": -2.4280885436813064,
            "number_outpatient": 2.1827316413650744,
            "diag_1": -1.8379307468563324,
            "admission_type_id": 1.680245288178566,
            "metformin": 1.2939987313695693,
            "diag_2": -1.2537186925066324,
            "gender": -0.9710477895948468,
            "admission_source_id": 0.9255241639336019,
            "insulin": -0.8686162437173831,
            "glimepiride": 0.8285795773574973,
            "medical_specialty": 0.644662316838158,
            "num_procedures": 0.5049601638842041,
            "glyburide-metformin": 0.49814610907936985,
            "acarbose": 0.4482266619443151,
            "glipizide": -0.4353780119102012,
            "race": 0.35775598727413466,
            "glyburide": 0.23407368933432232,
            "change": 0.1576756766330618,
            "rosiglitazone": 0.11667048611487907,
            "repaglinide": 0.019307184230599482,
            "acetohexamide": 0.0,
            "nateglinide": 0.0,
            "chlorpropamide": 0.0,
            "tolazamide": 0.0,
            "troglitazone": 0.0,
            "miglitol": 0.0,
            "tolbutamide": 0.0,
            "glimepiride-pioglitazone": 0.0,
            "glipizide-metformin": 0.0,
            "metformin-pioglitazone": 0.0,
            "metformin-rosiglitazone": 0.0
        },
        "Lime": {
            "race": 4.071550779358915,
            "gender": 0.0,
            "age": 4.103221036773087,
            "admission_type_id": 0.0,
            "discharge_disposition_id": -6.701827705789309,
            "admission_source_id": 0.0,
            "time_in_hospital": 0.0,
            "payer_code": 0.0,
            "medical_specialty": 2.5739194956432065,
            "num_lab_procedures": 0.0,
            "num_procedures": 0.0,
            "num_medications": 0.0,
            "number_outpatient": 0.0,
            "number_emergency": -10.782975446400767,
            "number_inpatient": -25.39799269900311,
            "diag_1": 2.0150823988231084,
            "diag_2": 3.6175349765055778,
            "diag_3": 0.0,
            "number_diagnoses": 4.698764488696261,
            "metformin": 5.555092548671038,
            "repaglinide": 0.0,
            "nateglinide": 0.0,
            "chlorpropamide": 0.0,
            "glimepiride": 9.09146656704854,
            "acetohexamide": 0.0,
            "glipizide": -2.0843987208061625,
            "glyburide": 0.0,
            "tolbutamide": 0.0,
            "pioglitazone": -6.0895292497336335,
            "rosiglitazone": 1.9129660709925416,
            "acarbose": 3.6254305005418277,
            "miglitol": 0.0,
            "troglitazone": 0.0,
            "tolazamide": 0.0,
            "insulin": 0.0,
            "glyburide-metformin": 0.0,
            "glipizide-metformin": 0.0,
            "glimepiride-pioglitazone": 0.0,
            "metformin-rosiglitazone": 0.0,
            "metformin-pioglitazone": 0.0,
            "change": 0.0,
            "diabetesMed": 7.678247315212896
        },
        "Inherent": {
            "race": 0.5707147121429443,
            "gender": -1.2839285135269165,
            "age": 2.104175567626953,
            "admission_type_id": 1.56902015209198,
            "discharge_disposition_id": -12.460722923278809,
            "admission_source_id": 0.5048601627349854,
            "time_in_hospital": 5.921741008758545,
            "payer_code": -4.892908573150635,
            "medical_specialty": 0.015062288381159306,
            "num_lab_procedures": 5.703777313232422,
            "num_procedures": 0.5326448678970337,
            "num_medications": -4.305154800415039,
            "number_outpatient": 3.364867687225342,
            "number_emergency": -2.2913308143615723,
            "number_inpatient": -19.958812713623047,
            "diag_1": -2.894030809402466,
            "diag_2": -1.8182470798492432,
            "diag_3": 11.392298698425293,
            "number_diagnoses": 4.556854248046875,
            "metformin": 1.1131031513214111,
            "repaglinide": -0.00707918219268322,
            "nateglinide": 0.009416225366294384,
            "chlorpropamide": 0.016666917130351067,
            "glimepiride": 0.41298824548721313,
            "acetohexamide": 0.0,
            "glipizide": -0.4261370301246643,
            "glyburide": 0.40305548906326294,
            "tolbutamide": 0.0,
            "pioglitazone": -6.840819358825684,
            "rosiglitazone": 0.037842243909835815,
            "acarbose": 0.07186996936798096,
            "miglitol": 0.0,
            "troglitazone": 0.0,
            "tolazamide": 0.0,
            "insulin": -0.9927191734313965,
            "glyburide-metformin": 0.08575130254030228,
            "glipizide-metformin": 0.0,
            "glimepiride-pioglitazone": 0.0,
            "metformin-rosiglitazone": 0.0,
            "metformin-pioglitazone": 0.0,
            "change": 0.03298398107290268,
            "diabetesMed": 3.408419370651245
        }
    }
}