{
    "LogisticRegression": {
        "SHAP": {
            "number_inpatient": -22.560311351178868,
            "number_diagnoses": 10.976175826690971,
            "discharge_disposition_id": -9.799702832136036,
            "diabetesMed": 8.678444505350761,
            "diag_2": -7.278682128192816,
            "time_in_hospital": -5.630839259684557,
            "metformin": 4.516811099763832,
            "num_procedures": 4.14100319043395,
            "insulin": -4.008312723998272,
            "change": -3.721643934903227,
            "number_emergency": -3.178560166794776,
            "payer_code": -2.896878409718874,
            "glimepiride": 1.9158130080763152,
            "gender": 1.9115017658956148,
            "age": -1.3629744265347734,
            "admission_type_id": 1.30493563038293,
            "num_lab_procedures": -1.0206944387170311,
            "diag_3": -0.7137740508189695,
            "glyburide": 0.6759791708193077,
            "pioglitazone": 0.6186168507839745,
            "rosiglitazone": 0.6026415274553328,
            "diag_1": 0.4423939934983039,
            "admission_source_id": -0.35079302007340213,
            "num_medications": 0.32912690695734315,
            "glyburide-metformin": 0.27007335557452056,
            "acarbose": 0.25899902626600424,
            "number_outpatient": 0.1864203247300112,
            "medical_specialty": 0.1224941667529281,
            "glipizide": 0.11688996522012679,
            "glipizide-metformin": -0.10804593520708865,
            "chlorpropamide": -0.07194129861859486,
            "race": 0.03895765658580737,
            "tolazamide": 0.0360527483548964,
            "tolbutamide": -0.03165099628778509,
            "troglitazone": -0.02828475380543157,
            "repaglinide": 0.01871466253359418,
            "miglitol": -0.018669658596361827,
            "metformin-rosiglitazone": -0.018367158738314616,
            "acetohexamide": -0.010388803309255944,
            "nateglinide": 0.00950723804388614,
            "glimepiride-pioglitazone": -0.00932250634936037,
            "metformin-pioglitazone": -0.008609526165801164
        },
        "Lime": {
            "race": -28.181840622655326,
            "gender": 0.0,
            "age": 0.0,
            "admission_type_id": 0.0,
            "discharge_disposition_id": -21.112995906722336,
            "admission_source_id": 8.994050522701059,
            "time_in_hospital": 0.0,
            "payer_code": 0.0,
            "medical_specialty": 0.0,
            "num_lab_procedures": 0.0,
            "num_procedures": 0.0,
            "num_medications": 0.0,
            "number_outpatient": 0.0,
            "number_emergency": -41.71111294792128,
            "number_inpatient": 0.0,
            "diag_1": 0.0,
            "diag_2": 0.0,
            "diag_3": 0.0,
            "number_diagnoses": 0.0,
            "metformin": 0.0,
            "repaglinide": 0.0,
            "nateglinide": 0.0,
            "chlorpropamide": 0.0,
            "glimepiride": 0.0,
            "acetohexamide": 0.0,
            "glipizide": 0.0,
            "glyburide": 0.0,
            "tolbutamide": 0.0,
            "pioglitazone": 0.0,
            "rosiglitazone": 0.0,
            "acarbose": 0.0,
            "miglitol": 0.0,
            "troglitazone": 0.0,
            "tolazamide": 0.0,
            "insulin": 0.0,
            "glyburide-metformin": 0.0,
            "glipizide-metformin": 0.0,
            "glimepiride-pioglitazone": 0.0,
            "metformin-rosiglitazone": 0.0,
            "metformin-pioglitazone": 0.0,
            "change": 0.0,
            "diabetesMed": 0.0
        },
        "Inherent": {
            "number_diagnoses": 13.575916434769589,
            "diabetesMed": 6.851019490588121,
            "num_procedures": 4.043538756456781,
            "metformin": 3.95923645722886,
            "gender": 1.7778548075267568,
            "admission_type_id": 1.3158072838880757,
            "glimepiride": 1.2489810439149691,
            "num_medications": 0.9127287778574881,
            "pioglitazone": 0.7412621148531906,
            "glyburide": 0.6752283431881124,
            "rosiglitazone": 0.48167096681604565,
            "diag_1": 0.2721632378310529,
            "number_outpatient": 0.2292127287411961,
            "glyburide-metformin": 0.12017583371135673,
            "medical_specialty": 0.10431651183020836,
            "glipizide": 0.09232810503374567,
            "tolazamide": 0.04908352923574496,
            "race": 0.04749021077685202,
            "nateglinide": 0.026758868964853574,
            "miglitol": -0.0,
            "troglitazone": -0.0,
            "glipizide-metformin": -0.0,
            "acetohexamide": -0.0,
            "chlorpropamide": -0.0,
            "glimepiride-pioglitazone": -0.0,
            "repaglinide": 0.0,
            "metformin-pioglitazone": -0.0,
            "metformin-rosiglitazone": -0.0,
            "tolbutamide": -0.0,
            "acarbose": -0.0,
            "age": -0.5446470169095173,
            "admission_source_id": -0.655100746674838,
            "diag_3": -0.7685935745196799,
            "num_lab_procedures": -1.0196331673912487,
            "number_emergency": -3.00001263691832,
            "payer_code": -3.282323472649704,
            "change": -3.527064631792813,
            "insulin": -3.6124470892344753,
            "time_in_hospital": -4.124822565391847,
            "diag_2": -7.064762141642866,
            "discharge_disposition_id": -10.394028341605456,
            "number_inpatient": -25.48179111205623
        }
    },
    "DecisionTree": {
        "SHAP": {
            "number_inpatient": -39.91523415822217,
            "discharge_disposition_id": -39.14868897002313,
            "diag_1": -10.20733627263701,
            "number_diagnoses": 5.554713140055798,
            "payer_code": -2.3651516317372074,
            "num_medications": -1.767701741382876,
            "medical_specialty": 0.7946604520584353,
            "admission_source_id": 0.2465136338833825,
            "gender": 0.0,
            "race": 0.0,
            "num_lab_procedures": 0.0,
            "time_in_hospital": 0.0,
            "admission_type_id": 0.0,
            "age": 0.0,
            "number_emergency": 0.0,
            "number_outpatient": 0.0,
            "diag_2": 0.0,
            "num_procedures": 0.0,
            "diag_3": 0.0,
            "metformin": 0.0,
            "repaglinide": 0.0,
            "nateglinide": 0.0,
            "chlorpropamide": 0.0,
            "glimepiride": 0.0,
            "acetohexamide": 0.0,
            "glipizide": 0.0,
            "glyburide": 0.0,
            "tolbutamide": 0.0,
            "pioglitazone": 0.0,
            "rosiglitazone": 0.0,
            "acarbose": 0.0,
            "miglitol": 0.0,
            "troglitazone": 0.0,
            "tolazamide": 0.0,
            "insulin": 0.0,
            "glyburide-metformin": 0.0,
            "glipizide-metformin": 0.0,
            "glimepiride-pioglitazone": 0.0,
            "metformin-rosiglitazone": 0.0,
            "metformin-pioglitazone": 0.0,
            "change": 0.0,
            "diabetesMed": 0.0
        },
        "Lime": {
            "race": -3.484982659537893,
            "gender": 0.0,
            "age": 0.0,
            "admission_type_id": 0.0,
            "discharge_disposition_id": -19.55593557565061,
            "admission_source_id": 0.0,
            "time_in_hospital": 0.0,
            "payer_code": 0.0,
            "medical_specialty": 0.0,
            "num_lab_procedures": 0.0,
            "num_procedures": 0.0,
            "num_medications": 0.0,
            "number_outpatient": 0.0,
            "number_emergency": -6.449963405108513,
            "number_inpatient": -40.488500687684,
            "diag_1": -7.993342093040652,
            "diag_2": 0.0,
            "diag_3": 0.0,
            "number_diagnoses": 3.8235433155232172,
            "metformin": 0.0,
            "repaglinide": 0.0,
            "nateglinide": 0.0,
            "chlorpropamide": 5.331078438424349,
            "glimepiride": 0.0,
            "acetohexamide": 0.0,
            "glipizide": 2.660707560562866,
            "glyburide": 0.0,
            "tolbutamide": 0.0,
            "pioglitazone": -2.6685385518572455,
            "rosiglitazone": 0.0,
            "acarbose": 0.0,
            "miglitol": 0.0,
            "troglitazone": 0.0,
            "tolazamide": -3.458438421797847,
            "insulin": 0.0,
            "glyburide-metformin": 0.0,
            "glipizide-metformin": 0.0,
            "glimepiride-pioglitazone": 0.0,
            "metformin-rosiglitazone": 0.0,
            "metformin-pioglitazone": 0.0,
            "change": 0.0,
            "diabetesMed": 4.084969290812809
        },
        "Inherent": {
            "number_inpatient": -40.52440326798742,
            "discharge_disposition_id": -28.24114846946058,
            "diag_1": -16.264729345253905,
            "number_diagnoses": 14.969718917298103,
            "gender": 0.0,
            "admission_source_id": 0.0,
            "time_in_hospital": 0.0,
            "age": 0.0,
            "admission_type_id": 0.0,
            "race": 0.0,
            "num_lab_procedures": 0.0,
            "medical_specialty": 0.0,
            "payer_code": 0.0,
            "num_procedures": 0.0,
            "number_emergency": 0.0,
            "number_outpatient": 0.0,
            "diag_2": 0.0,
            "num_medications": 0.0,
            "diag_3": 0.0,
            "metformin": 0.0,
            "repaglinide": 0.0,
            "nateglinide": 0.0,
            "chlorpropamide": 0.0,
            "glimepiride": 0.0,
            "acetohexamide": 0.0,
            "glipizide": 0.0,
            "glyburide": 0.0,
            "tolbutamide": 0.0,
            "pioglitazone": 0.0,
            "rosiglitazone": 0.0,
            "acarbose": 0.0,
            "miglitol": 0.0,
            "troglitazone": 0.0,
            "tolazamide": 0.0,
            "insulin": 0.0,
            "glyburide-metformin": 0.0,
            "glipizide-metformin": 0.0,
            "glimepiride-pioglitazone": 0.0,
            "metformin-rosiglitazone": 0.0,
            "metformin-pioglitazone": 0.0,
            "change": 0.0,
            "diabetesMed": 0.0
        }
    },
    "XGBOOST": {
        "SHAP": {
            "number_inpatient": -20.78110307229374,
            "discharge_disposition_id": -20.190985028874117,
            "num_lab_procedures": -8.223343667169928,
            "diag_1": -6.604831288330725,
            "diag_3": -5.929989780153322,
            "diabetesMed": 5.160875683178848,
            "medical_specialty": 4.13159270777583,
            "num_medications": 3.3534354487422835,
            "number_emergency": -2.9195972802238543,
            "number_diagnoses": 2.4285514977513216,
            "insulin": -2.3767477804985253,
            "payer_code": -2.3541853895985803,
            "time_in_hospital": -2.1729313903882415,
            "metformin": 1.8133323224016915,
            "age": 1.7292756457622116,
            "admission_source_id": 1.5226636908698497,
            "admission_type_id": 1.2814645086759715,
            "gender": 1.0310264168032763,
            "glimepiride": 1.015232947935559,
            "glipizide": -0.8411057112691765,
            "number_outpatient": -0.6988084813349601,
            "race": 0.621739283633776,
            "change": -0.5797315563944038,
            "num_procedures": 0.5103535319573423,
            "pioglitazone": 0.44818521871267225,
            "glyburide-metformin": 0.3420879894281501,
            "acarbose": 0.31670966819878515,
            "glyburide": 0.3055436657135007,
            "diag_2": -0.16018590500830654,
            "rosiglitazone": 0.13169918585506923,
            "repaglinide": 0.022684255065991726,
            "acetohexamide": 0.0,
            "nateglinide": 0.0,
            "chlorpropamide": 0.0,
            "tolazamide": 0.0,
            "troglitazone": 0.0,
            "miglitol": 0.0,
            "tolbutamide": 0.0,
            "glimepiride-pioglitazone": 0.0,
            "glipizide-metformin": 0.0,
            "metformin-pioglitazone": 0.0,
            "metformin-rosiglitazone": 0.0
        },
        "Lime": {
            "race": 0.0,
            "gender": 0.0,
            "age": 0.0,
            "admission_type_id": 2.6436320685727446,
            "discharge_disposition_id": -4.152454111259177,
            "admission_source_id": 0.0,
            "time_in_hospital": 0.0,
            "payer_code": 0.0,
            "medical_specialty": 0.0,
            "num_lab_procedures": 0.0,
            "num_procedures": 1.7917188355609108,
            "num_medications": 0.0,
            "number_outpatient": 0.0,
            "number_emergency": -2.7067821234331024,
            "number_inpatient": -21.485719172233555,
            "diag_1": -5.135500417846293,
            "diag_2": 0.0,
            "diag_3": -5.449315927463707,
            "number_diagnoses": 3.522507026387415,
            "metformin": 0.0,
            "repaglinide": -1.5574428329369676,
            "nateglinide": -5.765391595653391,
            "chlorpropamide": 9.617169519719127,
            "glimepiride": 6.3440364182398525,
            "acetohexamide": 0.0,
            "glipizide": 0.0,
            "glyburide": 8.497118158704824,
            "tolbutamide": 0.0,
            "pioglitazone": -2.183463589952288,
            "rosiglitazone": 0.0,
            "acarbose": 12.952650109767122,
            "miglitol": 0.0,
            "troglitazone": 0.0,
            "tolazamide": 0.0,
            "insulin": 0.0,
            "glyburide-metformin": 0.0,
            "glipizide-metformin": 0.0,
            "glimepiride-pioglitazone": 0.0,
            "metformin-rosiglitazone": 0.0,
            "metformin-pioglitazone": 0.0,
            "change": 0.0,
            "diabetesMed": 6.1950980922695065
        },
        "Inherent": {
            "race": 0.8789932131767273,
            "gender": 0.8300327062606812,
            "age": 1.0007281303405762,
            "admission_type_id": 1.3630460500717163,
            "discharge_disposition_id": -18.90630340576172,
            "admission_source_id": 1.159742832183838,
            "time_in_hospital": -2.4078831672668457,
            "payer_code": -2.7437798976898193,
            "medical_specialty": 2.8595528602600098,
            "num_lab_procedures": -7.838016510009766,
            "num_procedures": 0.47373372316360474,
            "num_medications": 0.851919412612915,
            "number_outpatient": -0.9619401097297668,
            "number_emergency": -2.725402593612671,
            "number_inpatient": -26.157934188842773,
            "diag_1": -8.666685104370117,
            "diag_2": 0.18578141927719116,
            "diag_3": -5.687704563140869,
            "number_diagnoses": 3.8203351497650146,
            "metformin": 1.4782192707061768,
            "repaglinide": -0.008388501591980457,
            "nateglinide": 0.00873655453324318,
            "chlorpropamide": 0.01906519941985607,
            "glimepiride": 0.5237593054771423,
            "acetohexamide": 0.0,
            "glipizide": -0.6408917903900146,
            "glyburide": 0.2953265309333801,
            "tolbutamide": 0.0,
            "pioglitazone": 0.5056425333023071,
            "rosiglitazone": 0.06615939736366272,
            "acarbose": 0.038860466331243515,
            "miglitol": 0.0,
            "troglitazone": 0.0,
            "tolazamide": 0.0,
            "insulin": -2.50077486038208,
            "glyburide-metformin": 0.047601550817489624,
            "glipizide-metformin": 0.0,
            "glimepiride-pioglitazone": 0.0,
            "metformin-rosiglitazone": 0.0,
            "metformin-pioglitazone": 0.0,
            "change": -0.6766307353973389,
            "diabetesMed": 3.6704249382019043
        }
    }
}