{
    "LogisticRegression": {
        "SHAP": {
            "number_inpatient": 29.198571931000096,
            "age": 10.666020214097857,
            "insulin": -9.515769593674973,
            "diabetesMed": 7.955404166484067,
            "time_in_hospital": -5.1617086540885895,
            "change": 4.214985160803608,
            "metformin": 4.140495202812886,
            "num_procedures": 3.7959975447547754,
            "num_medications": 3.3543824757314566,
            "number_emergency": -2.913739988629152,
            "payer_code": -2.6555264087090933,
            "diag_2": 2.5076851749496925,
            "number_diagnoses": -2.4360431482211484,
            "discharge_disposition_id": -2.0305540867585523,
            "glimepiride": 1.7561979888513082,
            "gender": -1.2808324912981859,
            "admission_type_id": 1.196215559659477,
            "number_outpatient": -1.0827535634688983,
            "glyburide": 0.6196602984183066,
            "pioglitazone": 0.5670770918855089,
            "diag_1": -0.5597411235657449,
            "rosiglitazone": 0.5524327447687822,
            "diag_3": -0.40763559808504446,
            "admission_source_id": -0.3215668720062501,
            "glyburide-metformin": 0.2475723266847156,
            "acarbose": 0.23742064967996346,
            "medical_specialty": 0.11228862545072549,
            "glipizide": 0.10715133521439622,
            "glipizide-metformin": -0.09904414121541932,
            "chlorpropamide": -0.06594754468036,
            "race": 0.03571191857343807,
            "tolazamide": 0.03304903134414318,
            "num_lab_procedures": 0.030092092695752855,
            "tolbutamide": -0.029014009087224124,
            "troglitazone": -0.02592822344291891,
            "repaglinide": 0.01715545962209053,
            "miglitol": -0.017114205165771116,
            "metformin-rosiglitazone": -0.016836907934730937,
            "acetohexamide": -0.009523265267212517,
            "nateglinide": 0.008715147178674124,
            "glimepiride-pioglitazone": -0.00854580631448978,
            "metformin-pioglitazone": -0.007892227724523531
        },
        "Lime": {
            "race": -14.561801254490492,
            "gender": 0.0,
            "age": 0.0,
            "admission_type_id": 0.0,
            "discharge_disposition_id": -9.586591113929103,
            "admission_source_id": 0.0,
            "time_in_hospital": 0.0,
            "payer_code": 0.0,
            "medical_specialty": 0.0,
            "num_lab_procedures": 0.0,
            "num_procedures": 0.0,
            "num_medications": 0.0,
            "number_outpatient": 0.0,
            "number_emergency": -16.778193094105546,
            "number_inpatient": 59.07341453747487,
            "diag_1": 0.0,
            "diag_2": 0.0,
            "diag_3": 0.0,
            "number_diagnoses": 0.0,
            "metformin": 0.0,
            "repaglinide": 0.0,
            "nateglinide": 0.0,
            "chlorpropamide": 0.0,
            "glimepiride": 0.0,
            "acetohexamide": 0.0,
            "glipizide": 0.0,
            "glyburide": 0.0,
            "tolbutamide": 0.0,
            "pioglitazone": 0.0,
            "rosiglitazone": 0.0,
            "acarbose": 0.0,
            "miglitol": 0.0,
            "troglitazone": 0.0,
            "tolazamide": 0.0,
            "insulin": 0.0,
            "glyburide-metformin": 0.0,
            "glipizide-metformin": 0.0,
            "glimepiride-pioglitazone": 0.0,
            "metformin-rosiglitazone": 0.0,
            "metformin-pioglitazone": 0.0,
            "change": 0.0,
            "diabetesMed": 0.0
        },
        "Inherent": {
            "number_inpatient": 28.228742207382524,
            "age": 12.298746911350994,
            "diabetesMed": 6.866747620337691,
            "change": 4.686144764441648,
            "num_medications": 4.205558557041756,
            "num_procedures": 4.052821652571197,
            "metformin": 3.9683258175487466,
            "diag_2": 2.81484905973418,
            "admission_type_id": 1.3188280295909378,
            "glimepiride": 1.251848374235724,
            "pioglitazone": 0.7429638567234141,
            "glyburide": 0.6767784889739825,
            "rosiglitazone": 0.4827767560307883,
            "number_diagnoses": 0.13472359554694224,
            "glyburide-metformin": 0.1204517256582373,
            "medical_specialty": 0.10455599496630834,
            "glipizide": 0.09254006595686047,
            "tolazamide": 0.049196212044113424,
            "race": 0.0475992357472172,
            "nateglinide": 0.026820300254548356,
            "num_lab_procedures": 0.01908610141213472,
            "troglitazone": -0.0,
            "acetohexamide": -0.0,
            "miglitol": -0.0,
            "acarbose": -0.0,
            "glipizide-metformin": -0.0,
            "metformin-pioglitazone": -0.0,
            "glimepiride-pioglitazone": -0.0,
            "metformin-rosiglitazone": -0.0,
            "tolbutamide": -0.0,
            "repaglinide": 0.0,
            "chlorpropamide": -0.0,
            "diag_3": -0.5044511483996837,
            "admission_source_id": -0.6566046848196494,
            "diag_1": -0.7677647286761935,
            "number_outpatient": -1.1216665922250508,
            "gender": -1.4876715834014183,
            "discharge_disposition_id": -2.9230051873493164,
            "number_emergency": -3.006899872908325,
            "payer_code": -3.2898588196924052,
            "time_in_hospital": -4.134292067644989,
            "insulin": -9.917679987333026
        }
    },
    "DecisionTree": {
        "SHAP": {
            "discharge_disposition_id": 40.635879000915025,
            "payer_code": -26.969421739087558,
            "number_inpatient": 11.652765582837432,
            "num_medications": 11.103379166841892,
            "admission_source_id": 2.7261395319897965,
            "number_diagnoses": 2.662111584515979,
            "diag_1": -2.57394743141965,
            "medical_specialty": 1.4060758468114944,
            "number_emergency": -0.27028011558117504,
            "gender": 0.0,
            "num_lab_procedures": 0.0,
            "time_in_hospital": 0.0,
            "admission_type_id": 0.0,
            "age": 0.0,
            "race": 0.0,
            "number_outpatient": 0.0,
            "diag_2": 0.0,
            "num_procedures": 0.0,
            "diag_3": 0.0,
            "metformin": 0.0,
            "repaglinide": 0.0,
            "nateglinide": 0.0,
            "chlorpropamide": 0.0,
            "glimepiride": 0.0,
            "acetohexamide": 0.0,
            "glipizide": 0.0,
            "glyburide": 0.0,
            "tolbutamide": 0.0,
            "pioglitazone": 0.0,
            "rosiglitazone": 0.0,
            "acarbose": 0.0,
            "miglitol": 0.0,
            "troglitazone": 0.0,
            "tolazamide": 0.0,
            "insulin": 0.0,
            "glyburide-metformin": 0.0,
            "glipizide-metformin": 0.0,
            "glimepiride-pioglitazone": 0.0,
            "metformin-rosiglitazone": 0.0,
            "metformin-pioglitazone": 0.0,
            "change": 0.0,
            "diabetesMed": 0.0
        },
        "Lime": {
            "race": 0.0,
            "gender": 0.0,
            "age": 0.0,
            "admission_type_id": 0.0,
            "discharge_disposition_id": 26.544321964841366,
            "admission_source_id": 2.1922839568000203,
            "time_in_hospital": 0.0,
            "payer_code": 0.0,
            "medical_specialty": 0.0,
            "num_lab_procedures": 0.0,
            "num_procedures": 0.0,
            "num_medications": 0.0,
            "number_outpatient": 3.5208709069046296,
            "number_emergency": 0.0,
            "number_inpatient": 8.261102141650152,
            "diag_1": 0.0,
            "diag_2": -12.065426082977837,
            "diag_3": 0.0,
            "number_diagnoses": 2.1823372074266043,
            "metformin": 0.0,
            "repaglinide": 2.6005978613068947,
            "nateglinide": 4.301306143994111,
            "chlorpropamide": -7.64376134730113,
            "glimepiride": 0.0,
            "acetohexamide": 0.0,
            "glipizide": 0.0,
            "glyburide": -3.8019414259027315,
            "tolbutamide": 0.0,
            "pioglitazone": -6.038486195937509,
            "rosiglitazone": 2.1061414417624986,
            "acarbose": -18.741423323194507,
            "miglitol": 0.0,
            "troglitazone": 0.0,
            "tolazamide": 0.0,
            "insulin": 0.0,
            "glyburide-metformin": 0.0,
            "glipizide-metformin": 0.0,
            "glimepiride-pioglitazone": 0.0,
            "metformin-rosiglitazone": 0.0,
            "metformin-pioglitazone": 0.0,
            "change": 0.0,
            "diabetesMed": 0.0
        },
        "Inherent": {
            "discharge_disposition_id": 55.085362477113875,
            "number_inpatient": -23.921606384478753,
            "payer_code": -20.993031138407375,
            "gender": 0.0,
            "admission_type_id": 0.0,
            "race": 0.0,
            "admission_source_id": 0.0,
            "time_in_hospital": 0.0,
            "medical_specialty": 0.0,
            "age": 0.0,
            "num_lab_procedures": 0.0,
            "num_procedures": 0.0,
            "number_outpatient": 0.0,
            "num_medications": 0.0,
            "number_emergency": 0.0,
            "diag_1": 0.0,
            "diag_2": 0.0,
            "diag_3": 0.0,
            "number_diagnoses": 0.0,
            "metformin": 0.0,
            "repaglinide": 0.0,
            "nateglinide": 0.0,
            "chlorpropamide": 0.0,
            "glimepiride": 0.0,
            "acetohexamide": 0.0,
            "glipizide": 0.0,
            "glyburide": 0.0,
            "tolbutamide": 0.0,
            "pioglitazone": 0.0,
            "rosiglitazone": 0.0,
            "acarbose": 0.0,
            "miglitol": 0.0,
            "troglitazone": 0.0,
            "tolazamide": 0.0,
            "insulin": 0.0,
            "glyburide-metformin": 0.0,
            "glipizide-metformin": 0.0,
            "glimepiride-pioglitazone": 0.0,
            "metformin-rosiglitazone": 0.0,
            "metformin-pioglitazone": 0.0,
            "change": 0.0,
            "diabetesMed": 0.0
        }
    },
    "XGBOOST": {
        "SHAP": {
            "discharge_disposition_id": 21.810517725735508,
            "number_inpatient": 12.941500488086666,
            "diag_2": 12.243904880028493,
            "num_medications": 9.224302553069762,
            "payer_code": -7.642630864475901,
            "diabetesMed": 4.499612149943724,
            "number_emergency": -3.6544000427059444,
            "age": 3.3970595486117077,
            "num_lab_procedures": 2.9269165205857632,
            "metformin": 2.646840019551858,
            "diag_1": -2.4595416497342497,
            "diag_3": -1.7358179495660246,
            "number_diagnoses": 1.5766263259625057,
            "insulin": -1.5404407555364565,
            "number_outpatient": 1.4749294892201257,
            "glimepiride": 1.3782281900326765,
            "glyburide": 1.1684516828165303,
            "gender": -1.0870139539431314,
            "admission_source_id": 1.0232617806571769,
            "time_in_hospital": 1.0129792450136403,
            "acarbose": 0.8025156060020568,
            "pioglitazone": 0.6368297984651538,
            "medical_specialty": 0.537403526281929,
            "glyburide-metformin": 0.5271939524823559,
            "glipizide": -0.49190505042571475,
            "admission_type_id": 0.47178893554109347,
            "race": 0.4100190264580085,
            "num_procedures": 0.32604347385642124,
            "repaglinide": 0.19605771436654024,
            "rosiglitazone": 0.0963008483435507,
            "change": -0.058966252499325224,
            "acetohexamide": 0.0,
            "nateglinide": 0.0,
            "chlorpropamide": 0.0,
            "tolazamide": 0.0,
            "troglitazone": 0.0,
            "miglitol": 0.0,
            "tolbutamide": 0.0,
            "glimepiride-pioglitazone": 0.0,
            "glipizide-metformin": 0.0,
            "metformin-pioglitazone": 0.0,
            "metformin-rosiglitazone": 0.0
        },
        "Lime": {
            "race": 1.971223604267918,
            "gender": 0.0,
            "age": 0.0,
            "admission_type_id": 0.0,
            "discharge_disposition_id": 16.458322749456013,
            "admission_source_id": 0.0,
            "time_in_hospital": 0.0,
            "payer_code": 0.0,
            "medical_specialty": 0.0,
            "num_lab_procedures": 0.0,
            "num_procedures": 0.0,
            "num_medications": -2.5051222140337153,
            "number_outpatient": 2.055633014277868,
            "number_emergency": -5.547376975351184,
            "number_inpatient": 6.714993074944198,
            "diag_1": 0.0,
            "diag_2": -3.4991755826530406,
            "diag_3": 0.0,
            "number_diagnoses": 0.0,
            "metformin": 9.444188209997042,
            "repaglinide": 8.360469070061836,
            "nateglinide": 10.336919422425979,
            "chlorpropamide": 0.0,
            "glimepiride": 8.155496711686245,
            "acetohexamide": 0.0,
            "glipizide": 0.0,
            "glyburide": 0.0,
            "tolbutamide": 0.0,
            "pioglitazone": 4.055782268152793,
            "rosiglitazone": 1.9629568127484158,
            "acarbose": 6.368612079738517,
            "miglitol": -2.0114011065764235,
            "troglitazone": 0.0,
            "tolazamide": -5.487987366841464,
            "insulin": 0.0,
            "glyburide-metformin": 0.0,
            "glipizide-metformin": 0.0,
            "glimepiride-pioglitazone": 0.0,
            "metformin-rosiglitazone": 0.0,
            "metformin-pioglitazone": 0.0,
            "change": 0.0,
            "diabetesMed": 5.064339736787339
        },
        "Inherent": {
            "race": 0.7037519216537476,
            "gender": -1.4016958475112915,
            "age": 2.809542179107666,
            "admission_type_id": 0.6572505235671997,
            "discharge_disposition_id": 24.035120010375977,
            "admission_source_id": 0.6028349995613098,
            "time_in_hospital": -0.284976989030838,
            "payer_code": -9.71607494354248,
            "medical_specialty": 0.2215224951505661,
            "num_lab_procedures": 2.8570494651794434,
            "num_procedures": 0.434854120016098,
            "num_medications": 6.961462497711182,
            "number_outpatient": 1.336037516593933,
            "number_emergency": -4.03156042098999,
            "number_inpatient": 7.927951335906982,
            "diag_1": -4.405008316040039,
            "diag_2": 12.811308860778809,
            "diag_3": -4.964039325714111,
            "number_diagnoses": 2.420231819152832,
            "metformin": 2.3586764335632324,
            "repaglinide": 0.17030927538871765,
            "nateglinide": -0.04398854076862335,
            "chlorpropamide": 0.02995569445192814,
            "glimepiride": 0.880866527557373,
            "acetohexamide": 0.0,
            "glipizide": -0.5744053721427917,
            "glyburide": 0.8649824857711792,
            "tolbutamide": 0.0,
            "pioglitazone": 0.8377618193626404,
            "rosiglitazone": 0.006744540762156248,
            "acarbose": 0.1511659473180771,
            "miglitol": 0.0,
            "troglitazone": 0.0,
            "tolazamide": 0.0,
            "insulin": -1.7929892539978027,
            "glyburide-metformin": 0.10047817975282669,
            "glipizide-metformin": 0.0,
            "glimepiride-pioglitazone": 0.0,
            "metformin-rosiglitazone": 0.0,
            "metformin-pioglitazone": 0.0,
            "change": -0.06414484232664108,
            "diabetesMed": 3.5412561893463135
        }
    }
}