{
    "LogisticRegression": {
        "SHAP": {
            "number_inpatient": 25.32866445527337,
            "number_emergency": 16.085349394213868,
            "age": 9.252371921286437,
            "number_diagnoses": 8.72814781574219,
            "insulin": -8.254572711345306,
            "diabetesMed": 6.901014310396,
            "change": 3.656341312658655,
            "metformin": 3.5917240719356163,
            "num_procedures": 3.2928852928610355,
            "payer_code": -2.3035694183008615,
            "num_lab_procedures": -1.9751879278923,
            "num_medications": -1.856747342556079,
            "discharge_disposition_id": -1.7614294028944253,
            "glimepiride": 1.5234357927421118,
            "gender": 1.5200075350668738,
            "glyburide": 0.5375320345111915,
            "pioglitazone": 0.49191807786293734,
            "rosiglitazone": 0.4792146567791029,
            "diag_1": 0.41746124826805314,
            "time_in_hospital": 0.39699099861505543,
            "admission_source_id": -0.27894718345217284,
            "glyburide-metformin": 0.21475969461201327,
            "acarbose": 0.20595349610616479,
            "diag_2": 0.20043431016073168,
            "number_outpatient": 0.1482396215032869,
            "admission_type_id": -0.12856119802462887,
            "glipizide": 0.09294975870715472,
            "glipizide-metformin": -0.08591707241827913,
            "chlorpropamide": -0.05720701802832225,
            "medical_specialty": 0.03161693951494864,
            "race": 0.0309787480270675,
            "tolazamide": 0.028668793373380002,
            "tolbutamide": -0.02516856312045605,
            "troglitazone": -0.02249175997576098,
            "diag_3": 0.019126574611603095,
            "repaglinide": 0.014881716865152135,
            "miglitol": -0.014845930173807491,
            "metformin-rosiglitazone": -0.014605385241130966,
            "acetohexamide": -0.008261074926602524,
            "nateglinide": 0.007560062837614212,
            "glimepiride-pioglitazone": -0.007413165998356897,
            "metformin-pioglitazone": -0.00684621111989484
        },
        "Lime": {
            "race": -13.572904108032525,
            "gender": 0.0,
            "age": 0.0,
            "admission_type_id": 0.0,
            "discharge_disposition_id": -10.071417662498295,
            "admission_source_id": 0.0,
            "time_in_hospital": 0.0,
            "payer_code": 0.0,
            "medical_specialty": 0.0,
            "num_lab_procedures": 0.0,
            "num_procedures": 0.0,
            "num_medications": 0.0,
            "number_outpatient": 0.0,
            "number_emergency": 12.130013058476463,
            "number_inpatient": 64.22566517099271,
            "diag_1": 0.0,
            "diag_2": 0.0,
            "diag_3": 0.0,
            "number_diagnoses": 0.0,
            "metformin": 0.0,
            "repaglinide": 0.0,
            "nateglinide": 0.0,
            "chlorpropamide": 0.0,
            "glimepiride": 0.0,
            "acetohexamide": 0.0,
            "glipizide": 0.0,
            "glyburide": 0.0,
            "tolbutamide": 0.0,
            "pioglitazone": 0.0,
            "rosiglitazone": 0.0,
            "acarbose": 0.0,
            "miglitol": 0.0,
            "troglitazone": 0.0,
            "tolazamide": 0.0,
            "insulin": 0.0,
            "glyburide-metformin": 0.0,
            "glipizide-metformin": 0.0,
            "glimepiride-pioglitazone": 0.0,
            "metformin-rosiglitazone": 0.0,
            "metformin-pioglitazone": 0.0,
            "change": 0.0,
            "diabetesMed": 0.0
        },
        "Inherent": {
            "number_inpatient": 22.924100914555755,
            "number_emergency": 16.341640453794916,
            "number_diagnoses": 11.050090188124246,
            "age": 9.9876116777409,
            "diabetesMed": 5.576373691996774,
            "change": 3.8055416954490786,
            "num_procedures": 3.2912303307634145,
            "metformin": 3.2226126419310823,
            "time_in_hospital": 1.5618632708015268,
            "gender": 1.447081385551734,
            "glimepiride": 1.0166056372570926,
            "pioglitazone": 0.6033488244807753,
            "glyburide": 0.5496007673336112,
            "rosiglitazone": 0.3920551256994121,
            "diag_2": 0.2929049515862677,
            "diag_1": 0.2878024858137369,
            "number_outpatient": 0.18656724479898895,
            "glyburide-metformin": 0.09781688089523453,
            "glipizide": 0.07515027750970486,
            "tolazamide": 0.039951441025176004,
            "race": 0.03865456263366806,
            "nateglinide": 0.021780328187387614,
            "medical_specialty": 0.018516040454783722,
            "repaglinide": 0.0,
            "troglitazone": -0.0,
            "chlorpropamide": -0.0,
            "metformin-pioglitazone": -0.0,
            "glimepiride-pioglitazone": -0.0,
            "acarbose": -0.0,
            "glipizide-metformin": -0.0,
            "metformin-rosiglitazone": -0.0,
            "miglitol": -0.0,
            "acetohexamide": -0.0,
            "tolbutamide": -0.0,
            "diag_3": -0.03350532199562687,
            "admission_type_id": -0.10592295056781001,
            "admission_source_id": -0.5332179501727577,
            "num_medications": -1.3949675898293818,
            "num_lab_procedures": -2.0041338068310663,
            "discharge_disposition_id": -2.3737248155194672,
            "payer_code": -2.6716406640869232,
            "insulin": -8.0539860826117
        }
    },
    "DecisionTree": {
        "SHAP": {
            "discharge_disposition_id": 63.3850549575106,
            "payer_code": -24.109181097586813,
            "num_medications": -4.432650417519089,
            "number_diagnoses": 2.379781476740366,
            "diag_1": -2.3009675683859974,
            "number_inpatient": 1.4033291887738188,
            "admission_source_id": 0.8773268775163245,
            "medical_specialty": -0.6284772724398049,
            "number_emergency": -0.48323114352719565,
            "gender": 0.0,
            "num_lab_procedures": 0.0,
            "time_in_hospital": 0.0,
            "admission_type_id": 0.0,
            "age": 0.0,
            "race": 0.0,
            "number_outpatient": 0.0,
            "diag_2": 0.0,
            "num_procedures": 0.0,
            "diag_3": 0.0,
            "metformin": 0.0,
            "repaglinide": 0.0,
            "nateglinide": 0.0,
            "chlorpropamide": 0.0,
            "glimepiride": 0.0,
            "acetohexamide": 0.0,
            "glipizide": 0.0,
            "glyburide": 0.0,
            "tolbutamide": 0.0,
            "pioglitazone": 0.0,
            "rosiglitazone": 0.0,
            "acarbose": 0.0,
            "miglitol": 0.0,
            "troglitazone": 0.0,
            "tolazamide": 0.0,
            "insulin": 0.0,
            "glyburide-metformin": 0.0,
            "glipizide-metformin": 0.0,
            "glimepiride-pioglitazone": 0.0,
            "metformin-rosiglitazone": 0.0,
            "metformin-pioglitazone": 0.0,
            "change": 0.0,
            "diabetesMed": 0.0
        },
        "Lime": {
            "race": 0.0,
            "gender": 0.0,
            "age": 0.0,
            "admission_type_id": 0.0,
            "discharge_disposition_id": 28.097081795032842,
            "admission_source_id": 0.0,
            "time_in_hospital": -3.48797035050526,
            "payer_code": 0.0,
            "medical_specialty": 0.0,
            "num_lab_procedures": 0.0,
            "num_procedures": 0.0,
            "num_medications": 0.0,
            "number_outpatient": 0.0,
            "number_emergency": 3.3734501784488424,
            "number_inpatient": 8.621170801236541,
            "diag_1": 0.0,
            "diag_2": -7.63406284653511,
            "diag_3": -2.4438177987274856,
            "number_diagnoses": 5.401673956049579,
            "metformin": 0.0,
            "repaglinide": -6.752292260337596,
            "nateglinide": -13.255596758834958,
            "chlorpropamide": 0.0,
            "glimepiride": 0.0,
            "acetohexamide": 0.0,
            "glipizide": 0.0,
            "glyburide": -3.793690389004687,
            "tolbutamide": 0.0,
            "pioglitazone": 3.067773737819212,
            "rosiglitazone": 2.226525810387521,
            "acarbose": -6.62607434394413,
            "miglitol": 0.0,
            "troglitazone": 0.0,
            "tolazamide": 5.218818973136228,
            "insulin": 0.0,
            "glyburide-metformin": 0.0,
            "glipizide-metformin": 0.0,
            "glimepiride-pioglitazone": 0.0,
            "metformin-rosiglitazone": 0.0,
            "metformin-pioglitazone": 0.0,
            "change": 0.0,
            "diabetesMed": 0.0
        },
        "Inherent": {
            "discharge_disposition_id": 55.085362477113875,
            "number_inpatient": -23.921606384478753,
            "payer_code": -20.993031138407375,
            "gender": 0.0,
            "admission_type_id": 0.0,
            "race": 0.0,
            "admission_source_id": 0.0,
            "time_in_hospital": 0.0,
            "medical_specialty": 0.0,
            "age": 0.0,
            "num_lab_procedures": 0.0,
            "num_procedures": 0.0,
            "number_outpatient": 0.0,
            "num_medications": 0.0,
            "number_emergency": 0.0,
            "diag_1": 0.0,
            "diag_2": 0.0,
            "diag_3": 0.0,
            "number_diagnoses": 0.0,
            "metformin": 0.0,
            "repaglinide": 0.0,
            "nateglinide": 0.0,
            "chlorpropamide": 0.0,
            "glimepiride": 0.0,
            "acetohexamide": 0.0,
            "glipizide": 0.0,
            "glyburide": 0.0,
            "tolbutamide": 0.0,
            "pioglitazone": 0.0,
            "rosiglitazone": 0.0,
            "acarbose": 0.0,
            "miglitol": 0.0,
            "troglitazone": 0.0,
            "tolazamide": 0.0,
            "insulin": 0.0,
            "glyburide-metformin": 0.0,
            "glipizide-metformin": 0.0,
            "glimepiride-pioglitazone": 0.0,
            "metformin-rosiglitazone": 0.0,
            "metformin-pioglitazone": 0.0,
            "change": 0.0,
            "diabetesMed": 0.0
        }
    },
    "XGBOOST": {
        "SHAP": {
            "diag_1": -18.73709084261222,
            "discharge_disposition_id": 17.784821155728007,
            "number_emergency": 10.610500769226276,
            "number_inpatient": 10.510335186876516,
            "num_lab_procedures": 5.893040937538712,
            "diabetesMed": 4.934235982731911,
            "payer_code": -4.846530308866416,
            "medical_specialty": -4.584307062747377,
            "age": 3.0797886497135085,
            "diag_3": -2.64375450069468,
            "insulin": -2.0224749763083123,
            "num_medications": 1.9365641620414116,
            "time_in_hospital": 1.934124281237231,
            "metformin": 1.7407293630354845,
            "gender": 1.63029898015408,
            "diag_2": 0.8589611867505349,
            "glimepiride": 0.7541055153215084,
            "admission_source_id": 0.7456399565315641,
            "glipizide": -0.743506022703124,
            "pioglitazone": 0.5745614158181832,
            "race": 0.5469404195365305,
            "number_diagnoses": 0.44740524291209444,
            "admission_type_id": -0.44511318559739427,
            "change": -0.35936681051104813,
            "acarbose": 0.3519732332567046,
            "num_procedures": 0.33760917301772875,
            "number_outpatient": -0.30984471819551596,
            "glyburide-metformin": 0.2796943153291912,
            "rosiglitazone": 0.203777731817617,
            "glyburide": 0.1521499461646315,
            "repaglinide": 0.0007539670244959033,
            "acetohexamide": 0.0,
            "nateglinide": 0.0,
            "chlorpropamide": 0.0,
            "tolazamide": 0.0,
            "troglitazone": 0.0,
            "miglitol": 0.0,
            "tolbutamide": 0.0,
            "glimepiride-pioglitazone": 0.0,
            "glipizide-metformin": 0.0,
            "metformin-pioglitazone": 0.0,
            "metformin-rosiglitazone": 0.0
        },
        "Lime": {
            "race": 0.0,
            "gender": 0.0,
            "age": 2.6503697807872104,
            "admission_type_id": 0.0,
            "discharge_disposition_id": 17.743589296446867,
            "admission_source_id": 0.0,
            "time_in_hospital": 0.0,
            "payer_code": 0.0,
            "medical_specialty": 0.0,
            "num_lab_procedures": 0.0,
            "num_procedures": 0.0,
            "num_medications": 0.0,
            "number_outpatient": 0.0,
            "number_emergency": 5.720587459779218,
            "number_inpatient": 8.806396337155375,
            "diag_1": -4.127898942208579,
            "diag_2": -9.266957547436917,
            "diag_3": 0.0,
            "number_diagnoses": 0.0,
            "metformin": 3.318717856943347,
            "repaglinide": 0.0,
            "nateglinide": 2.687122407421388,
            "chlorpropamide": 0.0,
            "glimepiride": 3.95288303561259,
            "acetohexamide": 0.0,
            "glipizide": 1.9149437672984622,
            "glyburide": -3.902684970050475,
            "tolbutamide": 0.0,
            "pioglitazone": 8.378271166328055,
            "rosiglitazone": 5.935063500708727,
            "acarbose": 5.378989472676311,
            "miglitol": 0.0,
            "troglitazone": 0.0,
            "tolazamide": -7.48680698730404,
            "insulin": 0.0,
            "glyburide-metformin": 0.0,
            "glipizide-metformin": 0.0,
            "glimepiride-pioglitazone": 0.0,
            "metformin-rosiglitazone": 0.0,
            "metformin-pioglitazone": 0.0,
            "change": 2.587326901288522,
            "diabetesMed": 6.141390570553917
        },
        "Inherent": {
            "race": 0.7110920548439026,
            "gender": 1.3883017301559448,
            "age": 2.4620885848999023,
            "admission_type_id": -0.49579358100891113,
            "discharge_disposition_id": 18.253602981567383,
            "admission_source_id": 0.4726978540420532,
            "time_in_hospital": 1.1648719310760498,
            "payer_code": -5.930380821228027,
            "medical_specialty": -4.787835597991943,
            "num_lab_procedures": 7.589498996734619,
            "num_procedures": 0.5157245993614197,
            "num_medications": -1.4391041994094849,
            "number_outpatient": -0.48354390263557434,
            "number_emergency": 11.23471736907959,
            "number_inpatient": 6.346364498138428,
            "diag_1": -20.849756240844727,
            "diag_2": -0.00863864365965128,
            "diag_3": -4.876661777496338,
            "number_diagnoses": 0.938647449016571,
            "metformin": 1.4523005485534668,
            "repaglinide": -0.10944617539644241,
            "nateglinide": -0.05210797116160393,
            "chlorpropamide": 0.019990509375929832,
            "glimepiride": 0.41943415999412537,
            "acetohexamide": 0.0,
            "glipizide": -0.6536492109298706,
            "glyburide": 0.2581270635128021,
            "tolbutamide": 0.0,
            "pioglitazone": 0.6177040934562683,
            "rosiglitazone": 0.06087707728147507,
            "acarbose": 0.036574628204107285,
            "miglitol": 0.0,
            "troglitazone": 0.0,
            "tolazamide": 0.0,
            "insulin": -2.224177360534668,
            "glyburide-metformin": 0.03604874387383461,
            "glipizide-metformin": 0.0,
            "glimepiride-pioglitazone": 0.0,
            "metformin-rosiglitazone": 0.0,
            "metformin-pioglitazone": 0.0,
            "change": -0.42512059211730957,
            "diabetesMed": 3.685126781463623
        }
    }
}