{
    "LogisticRegression": {
        "SHAP": {
            "number_inpatient": -20.910908063106433,
            "num_procedures": -12.338267037489361,
            "discharge_disposition_id": -9.083238337393446,
            "diabetesMed": 8.043956147470375,
            "age": -7.2873614296945695,
            "time_in_hospital": 6.144644695657009,
            "num_medications": 5.243713928172644,
            "metformin": 4.186583251238895,
            "insulin": -3.7152616182900235,
            "payer_code": -3.652431540034469,
            "change": -3.44955142484381,
            "number_emergency": -2.9461729665989145,
            "number_diagnoses": -2.4631588600101124,
            "glimepiride": 1.7757463119361532,
            "gender": 1.7717502682878594,
            "diag_1": 1.749687998016974,
            "admission_type_id": 1.2095306917731619,
            "glyburide": 0.6265577665814809,
            "pioglitazone": 0.5733892538835096,
            "rosiglitazone": 0.5585818998446581,
            "num_lab_procedures": 0.41017613970337546,
            "admission_source_id": -0.3251462481057939,
            "glyburide-metformin": 0.25032806599179974,
            "acarbose": 0.24006339018896125,
            "diag_2": 0.20392730427840136,
            "number_outpatient": 0.17279097840642227,
            "medical_specialty": 0.1135385154648347,
            "glipizide": 0.10834404180729787,
            "glipizide-metformin": -0.10014660624751201,
            "chlorpropamide": -0.06668160992713047,
            "diag_3": 0.06654560705589689,
            "race": 0.03610942963237618,
            "tolazamide": 0.033416901679069966,
            "tolbutamide": -0.0293369653980867,
            "troglitazone": -0.026216831727460765,
            "repaglinide": 0.017346417856578086,
            "miglitol": -0.017304704194949283,
            "metformin-rosiglitazone": -0.01702432035528222,
            "acetohexamide": -0.009629269184451894,
            "nateglinide": 0.008812155895152687,
            "glimepiride-pioglitazone": -0.00864093008977973,
            "metformin-pioglitazone": -0.007980076485538837
        },
        "Lime": {
            "race": -29.625245384067973,
            "gender": 0.0,
            "age": 0.0,
            "admission_type_id": 0.0,
            "discharge_disposition_id": -13.774028714736552,
            "admission_source_id": 0.0,
            "time_in_hospital": 12.802638488160154,
            "payer_code": 0.0,
            "medical_specialty": 0.0,
            "num_lab_procedures": 0.0,
            "num_procedures": 0.0,
            "num_medications": 10.499508353565258,
            "number_outpatient": 0.0,
            "number_emergency": -27.0793806934988,
            "number_inpatient": -6.2191983659712635,
            "diag_1": 0.0,
            "diag_2": 0.0,
            "diag_3": 0.0,
            "number_diagnoses": 0.0,
            "metformin": 0.0,
            "repaglinide": 0.0,
            "nateglinide": 0.0,
            "chlorpropamide": 0.0,
            "glimepiride": 0.0,
            "acetohexamide": 0.0,
            "glipizide": 0.0,
            "glyburide": 0.0,
            "tolbutamide": 0.0,
            "pioglitazone": 0.0,
            "rosiglitazone": 0.0,
            "acarbose": 0.0,
            "miglitol": 0.0,
            "troglitazone": 0.0,
            "tolazamide": 0.0,
            "insulin": 0.0,
            "glyburide-metformin": 0.0,
            "glipizide-metformin": 0.0,
            "glimepiride-pioglitazone": 0.0,
            "metformin-rosiglitazone": 0.0,
            "metformin-pioglitazone": 0.0,
            "change": 0.0,
            "diabetesMed": 0.0
        },
        "Inherent": {
            "time_in_hospital": 7.544993845137925,
            "diabetesMed": 6.49173604706453,
            "num_medications": 5.842492801202439,
            "metformin": 3.7516048616639175,
            "gender": 1.6846199542015396,
            "diag_1": 1.6081016861199244,
            "admission_type_id": 1.2468032805250446,
            "glimepiride": 1.183481564462322,
            "pioglitazone": 0.702388600401231,
            "glyburide": 0.6398177937598652,
            "rosiglitazone": 0.45641101771784937,
            "num_lab_procedures": 0.4007901405512884,
            "diag_2": 0.31104807686416147,
            "number_outpatient": 0.21719227855933465,
            "number_diagnoses": 0.12736597730953403,
            "glyburide-metformin": 0.11387353265624352,
            "medical_specialty": 0.09884591060973082,
            "glipizide": 0.08748620383114313,
            "tolazamide": 0.046509474465015424,
            "race": 0.04499971334285568,
            "nateglinide": 0.025355571455673097,
            "diag_3": 0.00559534402461702,
            "troglitazone": -0.0,
            "miglitol": -0.0,
            "glimepiride-pioglitazone": -0.0,
            "acetohexamide": -0.0,
            "metformin-pioglitazone": -0.0,
            "metformin-rosiglitazone": -0.0,
            "glipizide-metformin": -0.0,
            "acarbose": -0.0,
            "repaglinide": 0.0,
            "chlorpropamide": -0.0,
            "tolbutamide": -0.0,
            "admission_source_id": -0.6207457353595793,
            "number_emergency": -2.8426849760808266,
            "change": -3.34209713488499,
            "insulin": -3.4230019370859557,
            "payer_code": -4.085172206591357,
            "age": -6.587666302011357,
            "discharge_disposition_id": -9.848941249124676,
            "num_procedures": -12.47271023840718,
            "number_inpatient": -24.145466544527885
        }
    },
    "DecisionTree": {
        "SHAP": {
            "number_inpatient": -38.99499376831159,
            "discharge_disposition_id": -31.61098189771328,
            "diag_1": 14.540292907987833,
            "number_diagnoses": 9.172238993389222,
            "payer_code": -2.366573566242906,
            "num_medications": 2.149788006631578,
            "medical_specialty": 0.7951382037179625,
            "admission_source_id": 0.3699926560056298,
            "gender": 0.0,
            "race": 0.0,
            "num_lab_procedures": 0.0,
            "time_in_hospital": 0.0,
            "admission_type_id": 0.0,
            "age": 0.0,
            "number_emergency": 0.0,
            "number_outpatient": 0.0,
            "diag_2": 0.0,
            "num_procedures": 0.0,
            "diag_3": 0.0,
            "metformin": 0.0,
            "repaglinide": 0.0,
            "nateglinide": 0.0,
            "chlorpropamide": 0.0,
            "glimepiride": 0.0,
            "acetohexamide": 0.0,
            "glipizide": 0.0,
            "glyburide": 0.0,
            "tolbutamide": 0.0,
            "pioglitazone": 0.0,
            "rosiglitazone": 0.0,
            "acarbose": 0.0,
            "miglitol": 0.0,
            "troglitazone": 0.0,
            "tolazamide": 0.0,
            "insulin": 0.0,
            "glyburide-metformin": 0.0,
            "glipizide-metformin": 0.0,
            "glimepiride-pioglitazone": 0.0,
            "metformin-rosiglitazone": 0.0,
            "metformin-pioglitazone": 0.0,
            "change": 0.0,
            "diabetesMed": 0.0
        },
        "Lime": {
            "race": 0.0,
            "gender": 0.0,
            "age": 0.0,
            "admission_type_id": 0.0,
            "discharge_disposition_id": -17.889384776945878,
            "admission_source_id": 0.0,
            "time_in_hospital": 0.0,
            "payer_code": 0.0,
            "medical_specialty": 0.0,
            "num_lab_procedures": 0.0,
            "num_procedures": 0.0,
            "num_medications": 0.0,
            "number_outpatient": 0.0,
            "number_emergency": 0.0,
            "number_inpatient": -39.93175130204095,
            "diag_1": 2.716710018340925,
            "diag_2": 0.0,
            "diag_3": -2.447511128200149,
            "number_diagnoses": 4.291374087180658,
            "metformin": 0.0,
            "repaglinide": 5.698368077986543,
            "nateglinide": 0.0,
            "chlorpropamide": 13.555686677920173,
            "glimepiride": 0.0,
            "acetohexamide": 0.0,
            "glipizide": 0.0,
            "glyburide": 6.52646616106555,
            "tolbutamide": 0.0,
            "pioglitazone": -3.4409012799231746,
            "rosiglitazone": 0.0,
            "acarbose": -3.501846490396006,
            "miglitol": 0.0,
            "troglitazone": 0.0,
            "tolazamide": 0.0,
            "insulin": 0.0,
            "glyburide-metformin": 0.0,
            "glipizide-metformin": 0.0,
            "glimepiride-pioglitazone": 0.0,
            "metformin-rosiglitazone": 0.0,
            "metformin-pioglitazone": 0.0,
            "change": 0.0,
            "diabetesMed": 0.0
        },
        "Inherent": {
            "number_inpatient": -41.653027985739975,
            "discharge_disposition_id": -29.027678452630802,
            "number_diagnoses": 15.386633009188442,
            "diag_1": 13.932660552440781,
            "gender": 0.0,
            "admission_source_id": 0.0,
            "time_in_hospital": 0.0,
            "age": 0.0,
            "admission_type_id": 0.0,
            "race": 0.0,
            "num_lab_procedures": 0.0,
            "medical_specialty": 0.0,
            "payer_code": 0.0,
            "num_procedures": 0.0,
            "number_emergency": 0.0,
            "number_outpatient": 0.0,
            "diag_2": 0.0,
            "num_medications": 0.0,
            "diag_3": 0.0,
            "metformin": 0.0,
            "repaglinide": 0.0,
            "nateglinide": 0.0,
            "chlorpropamide": 0.0,
            "glimepiride": 0.0,
            "acetohexamide": 0.0,
            "glipizide": 0.0,
            "glyburide": 0.0,
            "tolbutamide": 0.0,
            "pioglitazone": 0.0,
            "rosiglitazone": 0.0,
            "acarbose": 0.0,
            "miglitol": 0.0,
            "troglitazone": 0.0,
            "tolazamide": 0.0,
            "insulin": 0.0,
            "glyburide-metformin": 0.0,
            "glipizide-metformin": 0.0,
            "glimepiride-pioglitazone": 0.0,
            "metformin-rosiglitazone": 0.0,
            "metformin-pioglitazone": 0.0,
            "change": 0.0,
            "diabetesMed": 0.0
        }
    },
    "XGBOOST": {
        "SHAP": {
            "number_inpatient": -20.123316078553927,
            "discharge_disposition_id": -16.910578012391984,
            "age": -9.359021933055187,
            "time_in_hospital": 9.153885057584418,
            "num_medications": 8.216537217008645,
            "diag_1": 6.70499825072435,
            "diabetesMed": 5.286041232200715,
            "number_emergency": -3.120450354383528,
            "number_diagnoses": 2.454545121290047,
            "diag_2": 2.436276197644078,
            "num_lab_procedures": 2.2832474730611136,
            "metformin": 1.9812296683851471,
            "payer_code": -1.9538019727425466,
            "gender": 1.578385755020505,
            "admission_type_id": 1.3302410940245655,
            "medical_specialty": 1.0202433040102394,
            "insulin": -0.98785954434109,
            "glimepiride": 0.8583275714065469,
            "admission_source_id": 0.7732465108693538,
            "glyburide-metformin": 0.5992407557956717,
            "glipizide": -0.5197913011510056,
            "acarbose": 0.5143348885595718,
            "pioglitazone": 0.5108335021463265,
            "diag_3": 0.3734900733370293,
            "race": 0.33714893928904993,
            "rosiglitazone": 0.29338160655335016,
            "glyburide": 0.171333499320078,
            "number_outpatient": -0.07024369303677855,
            "num_procedures": 0.03567825611261193,
            "repaglinide": 0.02357011690760375,
            "change": 0.018721019092940792,
            "acetohexamide": 0.0,
            "nateglinide": 0.0,
            "chlorpropamide": 0.0,
            "tolazamide": 0.0,
            "troglitazone": 0.0,
            "miglitol": 0.0,
            "tolbutamide": 0.0,
            "glimepiride-pioglitazone": 0.0,
            "glipizide-metformin": 0.0,
            "metformin-pioglitazone": 0.0,
            "metformin-rosiglitazone": 0.0
        },
        "Lime": {
            "race": 1.6324439403240358,
            "gender": 1.8396961231041213,
            "age": -2.4164854719825937,
            "admission_type_id": 1.2619021346556878,
            "discharge_disposition_id": -5.444829492093335,
            "admission_source_id": 0.0,
            "time_in_hospital": 0.0,
            "payer_code": 0.0,
            "medical_specialty": 0.0,
            "num_lab_procedures": 2.6947033447427144,
            "num_procedures": -2.335006342224492,
            "num_medications": 0.0,
            "number_outpatient": 0.0,
            "number_emergency": -5.388311098880756,
            "number_inpatient": -19.473955337386244,
            "diag_1": 0.0,
            "diag_2": 0.0,
            "diag_3": 1.4374169218295347,
            "number_diagnoses": 2.5600254354083827,
            "metformin": 0.0,
            "repaglinide": 0.0,
            "nateglinide": 22.508969163828084,
            "chlorpropamide": -8.732758908289863,
            "glimepiride": 4.228356038658944,
            "acetohexamide": 0.0,
            "glipizide": 0.0,
            "glyburide": 0.0,
            "tolbutamide": 0.0,
            "pioglitazone": 5.724941457485713,
            "rosiglitazone": 3.7243767373253593,
            "acarbose": 0.0,
            "miglitol": 0.0,
            "troglitazone": 0.0,
            "tolazamide": 0.0,
            "insulin": 0.0,
            "glyburide-metformin": 0.0,
            "glipizide-metformin": 0.0,
            "glimepiride-pioglitazone": 0.0,
            "metformin-rosiglitazone": 0.0,
            "metformin-pioglitazone": 0.0,
            "change": -1.9786236968887891,
            "diabetesMed": 6.6171983548913405
        },
        "Inherent": {
            "race": 0.46459999680519104,
            "gender": 1.344344973564148,
            "age": -9.433760643005371,
            "admission_type_id": 1.6313161849975586,
            "discharge_disposition_id": -16.234954833984375,
            "admission_source_id": 0.4502713680267334,
            "time_in_hospital": 8.33060359954834,
            "payer_code": -2.4331042766571045,
            "medical_specialty": 0.4465329349040985,
            "num_lab_procedures": 1.6994386911392212,
            "num_procedures": -0.5980551838874817,
            "num_medications": 6.534155368804932,
            "number_outpatient": -0.10951840877532959,
            "number_emergency": -2.9222404956817627,
            "number_inpatient": -26.391782760620117,
            "diag_1": 4.110872268676758,
            "diag_2": 1.5437521934509277,
            "diag_3": -1.627292513847351,
            "number_diagnoses": 4.700310707092285,
            "metformin": 1.7148276567459106,
            "repaglinide": 0.008476030081510544,
            "nateglinide": -0.011530003510415554,
            "chlorpropamide": 0.023396862670779228,
            "glimepiride": 0.4568411111831665,
            "acetohexamide": 0.0,
            "glipizide": -0.3882102370262146,
            "glyburide": 0.26256418228149414,
            "tolbutamide": 0.0,
            "pioglitazone": 0.6100443005561829,
            "rosiglitazone": 0.16815774142742157,
            "acarbose": 0.07976052910089493,
            "miglitol": 0.0,
            "troglitazone": 0.0,
            "tolazamide": 0.0,
            "insulin": -1.1666024923324585,
            "glyburide-metformin": 0.11484646052122116,
            "glipizide-metformin": 0.0,
            "glimepiride-pioglitazone": 0.0,
            "metformin-rosiglitazone": 0.0,
            "metformin-pioglitazone": 0.0,
            "change": -0.0841224417090416,
            "diabetesMed": 3.903714179992676
        }
    }
}