{
    "LogisticRegression": {
        "SHAP": {
            "number_inpatient": -16.588144258207034,
            "number_diagnoses": -11.97849682172291,
            "metformin": -11.082570150473531,
            "time_in_hospital": -8.647567611008283,
            "pioglitazone": -7.4426495975321245,
            "discharge_disposition_id": -7.2055248589704535,
            "diabetesMed": 6.381086109615246,
            "glyburide": -5.427414828199809,
            "payer_code": 4.0089729403756555,
            "change": 3.38086949436853,
            "num_procedures": 3.044796555656779,
            "number_emergency": -2.337131512035945,
            "insulin": 1.738202450128047,
            "num_medications": -1.7168584419251465,
            "glimepiride": 1.4086588635692237,
            "gender": 1.4054888936999121,
            "diag_1": 1.327261458838751,
            "age": -1.0021677474067487,
            "admission_type_id": 0.9594929851593234,
            "diag_3": -0.5248237375115468,
            "num_lab_procedures": 0.4544888706015579,
            "rosiglitazone": 0.44311022298426433,
            "diag_2": 0.31492751863687557,
            "admission_source_id": -0.2579310689098998,
            "glyburide-metformin": 0.19857951926421846,
            "acarbose": 0.19043678713286608,
            "number_outpatient": 0.13707112420332965,
            "glipizide": 0.08594684599984241,
            "glipizide-metformin": -0.07944400818893943,
            "chlorpropamide": -0.05289699335402317,
            "race": 0.028644783192377954,
            "tolazamide": 0.026508862457902536,
            "tolbutamide": -0.023272342485216608,
            "troglitazone": -0.02079721193244313,
            "repaglinide": 0.013760515846546629,
            "miglitol": -0.013727425354514988,
            "metformin-rosiglitazone": -0.01350500327862852,
            "medical_specialty": 0.008957356085994806,
            "acetohexamide": -0.007638678619347657,
            "nateglinide": 0.006990481368549752,
            "glimepiride-pioglitazone": -0.006854651860252812,
            "metformin-pioglitazone": -0.006330411837408224
        },
        "Lime": {
            "race": 0.0,
            "gender": 0.0,
            "age": 0.0,
            "admission_type_id": 0.0,
            "discharge_disposition_id": -20.480225195035125,
            "admission_source_id": 0.0,
            "time_in_hospital": -16.7481258268357,
            "payer_code": 0.0,
            "medical_specialty": 0.0,
            "num_lab_procedures": 0.0,
            "num_procedures": 0.0,
            "num_medications": 0.0,
            "number_outpatient": 0.0,
            "number_emergency": -33.49257670388983,
            "number_inpatient": 0.0,
            "diag_1": 0.0,
            "diag_2": 0.0,
            "diag_3": 0.0,
            "number_diagnoses": -29.279072274239347,
            "metformin": 0.0,
            "repaglinide": 0.0,
            "nateglinide": 0.0,
            "chlorpropamide": 0.0,
            "glimepiride": 0.0,
            "acetohexamide": 0.0,
            "glipizide": 0.0,
            "glyburide": 0.0,
            "tolbutamide": 0.0,
            "pioglitazone": 0.0,
            "rosiglitazone": 0.0,
            "acarbose": 0.0,
            "miglitol": 0.0,
            "troglitazone": 0.0,
            "tolazamide": 0.0,
            "insulin": 0.0,
            "glyburide-metformin": 0.0,
            "glipizide-metformin": 0.0,
            "glimepiride-pioglitazone": 0.0,
            "metformin-rosiglitazone": 0.0,
            "metformin-pioglitazone": 0.0,
            "change": 0.0,
            "diabetesMed": 0.0
        },
        "Inherent": {
            "diabetesMed": 5.276794110777726,
            "payer_code": 3.8119809184471207,
            "change": 3.601096539797032,
            "num_procedures": 3.114415529847074,
            "insulin": 2.0565417300405966,
            "gender": 1.3693398173896774,
            "diag_1": 1.244426876486958,
            "admission_type_id": 1.0134614470266228,
            "glimepiride": 0.9619905221489539,
            "num_lab_procedures": 0.45911625826076535,
            "diag_2": 0.4110086089429481,
            "rosiglitazone": 0.3709927441484092,
            "number_outpatient": 0.17654429078744405,
            "glyburide-metformin": 0.09256186359666203,
            "glipizide": 0.07111297837798347,
            "tolazamide": 0.037805129348001815,
            "race": 0.03657792316766178,
            "nateglinide": 0.02061022339212334,
            "glimepiride-pioglitazone": -0.0,
            "glipizide-metformin": -0.0,
            "troglitazone": -0.0,
            "miglitol": -0.0,
            "metformin-pioglitazone": -0.0,
            "acetohexamide": -0.0,
            "chlorpropamide": -0.0,
            "repaglinide": 0.0,
            "acarbose": -0.0,
            "metformin-rosiglitazone": -0.0,
            "tolbutamide": -0.0,
            "medical_specialty": -0.003420493418824414,
            "age": -0.4194981747211586,
            "admission_source_id": -0.5045718767504378,
            "diag_3": -0.5919863537359298,
            "num_medications": -1.3200257316510096,
            "number_emergency": -2.310670555892755,
            "glyburide": -5.598449671595684,
            "pioglitazone": -7.58528073886017,
            "time_in_hospital": -7.831999209148008,
            "discharge_disposition_id": -8.005691359598238,
            "number_diagnoses": -10.24938774107239,
            "metformin": -11.826048443439555,
            "number_inpatient": -19.62659213813209
        }
    },
    "DecisionTree": {
        "SHAP": {
            "discharge_disposition_id": -36.04403929099751,
            "number_inpatient": -29.648163990251586,
            "number_diagnoses": -20.16885656350732,
            "diag_1": 7.992739781952742,
            "payer_code": 4.446178116383503,
            "num_medications": -1.2461436774450434,
            "medical_specialty": -0.28009846765030516,
            "admission_source_id": 0.17378011181199773,
            "gender": 0.0,
            "race": 0.0,
            "num_lab_procedures": 0.0,
            "time_in_hospital": 0.0,
            "admission_type_id": 0.0,
            "age": 0.0,
            "number_emergency": 0.0,
            "number_outpatient": 0.0,
            "diag_2": 0.0,
            "num_procedures": 0.0,
            "diag_3": 0.0,
            "metformin": 0.0,
            "repaglinide": 0.0,
            "nateglinide": 0.0,
            "chlorpropamide": 0.0,
            "glimepiride": 0.0,
            "acetohexamide": 0.0,
            "glipizide": 0.0,
            "glyburide": 0.0,
            "tolbutamide": 0.0,
            "pioglitazone": 0.0,
            "rosiglitazone": 0.0,
            "acarbose": 0.0,
            "miglitol": 0.0,
            "troglitazone": 0.0,
            "tolazamide": 0.0,
            "insulin": 0.0,
            "glyburide-metformin": 0.0,
            "glipizide-metformin": 0.0,
            "glimepiride-pioglitazone": 0.0,
            "metformin-rosiglitazone": 0.0,
            "metformin-pioglitazone": 0.0,
            "change": 0.0,
            "diabetesMed": 0.0
        },
        "Lime": {
            "race": 0.0,
            "gender": 0.0,
            "age": 0.0,
            "admission_type_id": 0.0,
            "discharge_disposition_id": -21.343637131903357,
            "admission_source_id": 0.0,
            "time_in_hospital": 0.0,
            "payer_code": 5.4250414427708575,
            "medical_specialty": -3.705465903413472,
            "num_lab_procedures": 0.0,
            "num_procedures": 0.0,
            "num_medications": 0.0,
            "number_outpatient": 0.0,
            "number_emergency": 0.0,
            "number_inpatient": -39.283623443963506,
            "diag_1": 3.5503020367844056,
            "diag_2": -4.9099303640013625,
            "diag_3": 0.0,
            "number_diagnoses": -7.06914822802251,
            "metformin": 0.0,
            "repaglinide": 0.0,
            "nateglinide": 10.438348912679325,
            "chlorpropamide": 0.0,
            "glimepiride": 0.0,
            "acetohexamide": 0.0,
            "glipizide": 0.0,
            "glyburide": 0.0,
            "tolbutamide": 0.0,
            "pioglitazone": 0.0,
            "rosiglitazone": 0.0,
            "acarbose": 4.274502536461198,
            "miglitol": 0.0,
            "troglitazone": 0.0,
            "tolazamide": 0.0,
            "insulin": 0.0,
            "glyburide-metformin": 0.0,
            "glipizide-metformin": 0.0,
            "glimepiride-pioglitazone": 0.0,
            "metformin-rosiglitazone": 0.0,
            "metformin-pioglitazone": 0.0,
            "change": 0.0,
            "diabetesMed": 0.0
        },
        "Inherent": {
            "number_inpatient": -39.273799514568424,
            "discharge_disposition_id": -27.369612223924538,
            "number_diagnoses": -24.11268218732319,
            "diag_1": 9.243906074183842,
            "gender": 0.0,
            "admission_source_id": 0.0,
            "time_in_hospital": 0.0,
            "age": 0.0,
            "admission_type_id": 0.0,
            "race": 0.0,
            "num_lab_procedures": 0.0,
            "medical_specialty": 0.0,
            "payer_code": 0.0,
            "num_procedures": 0.0,
            "number_emergency": 0.0,
            "number_outpatient": 0.0,
            "diag_2": 0.0,
            "num_medications": 0.0,
            "diag_3": 0.0,
            "metformin": 0.0,
            "repaglinide": 0.0,
            "nateglinide": 0.0,
            "chlorpropamide": 0.0,
            "glimepiride": 0.0,
            "acetohexamide": 0.0,
            "glipizide": 0.0,
            "glyburide": 0.0,
            "tolbutamide": 0.0,
            "pioglitazone": 0.0,
            "rosiglitazone": 0.0,
            "acarbose": 0.0,
            "miglitol": 0.0,
            "troglitazone": 0.0,
            "tolazamide": 0.0,
            "insulin": 0.0,
            "glyburide-metformin": 0.0,
            "glipizide-metformin": 0.0,
            "glimepiride-pioglitazone": 0.0,
            "metformin-rosiglitazone": 0.0,
            "metformin-pioglitazone": 0.0,
            "change": 0.0,
            "diabetesMed": 0.0
        }
    },
    "XGBOOST": {
        "SHAP": {
            "discharge_disposition_id": -17.50753339071023,
            "number_inpatient": -15.33695283864122,
            "number_diagnoses": -9.493530607928065,
            "pioglitazone": -9.08043588336444,
            "time_in_hospital": -7.773206327889054,
            "diag_1": 5.713789348409494,
            "medical_specialty": 5.516466058623645,
            "payer_code": 4.66222697419027,
            "diabetesMed": 3.5254027489576143,
            "metformin": -3.3971702437313853,
            "age": 2.8508069218582315,
            "diag_2": -2.7245480001917843,
            "diag_3": -2.268596375266439,
            "number_emergency": -2.2229370885842004,
            "glyburide": -1.1743838696599604,
            "insulin": -1.1147874315578499,
            "glimepiride": 0.8343804604202273,
            "change": 0.7991628959425463,
            "num_medications": 0.6610875916488845,
            "num_lab_procedures": 0.574887322709616,
            "gender": 0.5145676164761158,
            "num_procedures": 0.46472077692687214,
            "number_outpatient": -0.4049002271307523,
            "glyburide-metformin": 0.3855674866817876,
            "acarbose": 0.2549875810984018,
            "rosiglitazone": 0.19682348547551123,
            "glipizide": -0.18606189042964713,
            "race": 0.17043754097555674,
            "admission_type_id": 0.09536395693270516,
            "admission_source_id": -0.07672504887200592,
            "repaglinide": 0.017552008715474774,
            "acetohexamide": 0.0,
            "nateglinide": 0.0,
            "chlorpropamide": 0.0,
            "tolazamide": 0.0,
            "troglitazone": 0.0,
            "miglitol": 0.0,
            "tolbutamide": 0.0,
            "glimepiride-pioglitazone": 0.0,
            "glipizide-metformin": 0.0,
            "metformin-pioglitazone": 0.0,
            "metformin-rosiglitazone": 0.0
        },
        "Lime": {
            "race": 1.9787148617743655,
            "gender": 0.0,
            "age": 0.0,
            "admission_type_id": 0.0,
            "discharge_disposition_id": -5.72964277887962,
            "admission_source_id": 0.0,
            "time_in_hospital": -3.0929527295999892,
            "payer_code": 2.0904445747892892,
            "medical_specialty": 6.748595555258029,
            "num_lab_procedures": 2.3295844941882518,
            "num_procedures": 0.0,
            "num_medications": 0.0,
            "number_outpatient": 0.0,
            "number_emergency": -5.7954332975509635,
            "number_inpatient": -19.05423691669828,
            "diag_1": 1.604333198057662,
            "diag_2": -2.1211038748732656,
            "diag_3": 0.0,
            "number_diagnoses": -4.268844495574408,
            "metformin": -5.554996419671547,
            "repaglinide": 5.977104033176135,
            "nateglinide": -6.532203568999889,
            "chlorpropamide": 0.0,
            "glimepiride": 3.97235263586133,
            "acetohexamide": 0.0,
            "glipizide": -8.096420909530485,
            "glyburide": 0.0,
            "tolbutamide": 0.0,
            "pioglitazone": -1.5624259229329278,
            "rosiglitazone": 1.690120205812219,
            "acarbose": 4.958265498924138,
            "miglitol": 0.0,
            "troglitazone": 0.0,
            "tolazamide": 0.0,
            "insulin": 0.0,
            "glyburide-metformin": 0.0,
            "glipizide-metformin": 0.0,
            "glimepiride-pioglitazone": 0.0,
            "metformin-rosiglitazone": 0.0,
            "metformin-pioglitazone": 0.0,
            "change": 0.0,
            "diabetesMed": 6.842224027847216
        },
        "Inherent": {
            "race": 0.20632287859916687,
            "gender": 0.3788073658943176,
            "age": 2.6928749084472656,
            "admission_type_id": 0.15910767018795013,
            "discharge_disposition_id": -16.999412536621094,
            "admission_source_id": -0.5198080539703369,
            "time_in_hospital": -7.7368316650390625,
            "payer_code": 3.4314610958099365,
            "medical_specialty": 4.840484142303467,
            "num_lab_procedures": 0.8106638789176941,
            "num_procedures": 0.5138724446296692,
            "num_medications": -1.1877223253250122,
            "number_outpatient": -0.5516166687011719,
            "number_emergency": -2.2473502159118652,
            "number_inpatient": -20.513187408447266,
            "diag_1": 4.059263706207275,
            "diag_2": -3.4578874111175537,
            "diag_3": -3.0105247497558594,
            "number_diagnoses": -7.531548500061035,
            "metformin": -4.130339622497559,
            "repaglinide": -0.015538789331912994,
            "nateglinide": -0.011831583455204964,
            "chlorpropamide": 0.018263762816786766,
            "glimepiride": 0.4509500563144684,
            "acetohexamide": 0.0,
            "glipizide": -0.11989476531744003,
            "glyburide": -1.1066629886627197,
            "tolbutamide": 0.0,
            "pioglitazone": -8.321391105651855,
            "rosiglitazone": 0.1177608072757721,
            "acarbose": 0.03283127397298813,
            "miglitol": 0.0,
            "troglitazone": 0.0,
            "tolazamide": 0.0,
            "insulin": -1.3216605186462402,
            "glyburide-metformin": 0.06247233226895332,
            "glipizide-metformin": 0.0,
            "glimepiride-pioglitazone": 0.0,
            "metformin-rosiglitazone": 0.0,
            "metformin-pioglitazone": 0.0,
            "change": 0.812393069267273,
            "diabetesMed": 2.629262924194336
        }
    }
}