{
    "LogisticRegression": {
        "SHAP": {
            "number_inpatient": -22.592573364426524,
            "discharge_disposition_id": -9.813716740795012,
            "time_in_hospital": -8.708314435037677,
            "diabetesMed": 8.690854976431694,
            "num_medications": -5.673198084305362,
            "payer_code": 5.460105353655002,
            "metformin": 4.523270293401253,
            "number_diagnoses": 4.165312424749684,
            "num_procedures": 4.146924965967487,
            "change": -3.7269660124252044,
            "admission_source_id": 3.5061801682128713,
            "number_emergency": -3.1831056160402826,
            "insulin": 2.3673815325855183,
            "diag_2": -1.9618968349751111,
            "glimepiride": 1.9185526858974442,
            "gender": 1.914235278493659,
            "diag_1": -1.417880376693232,
            "age": -1.364923526364142,
            "glyburide": 0.6769458440457822,
            "pioglitazone": 0.6195014939400263,
            "glipizide": -0.6043404500086056,
            "rosiglitazone": 0.6035033253551804,
            "diag_3": 0.597807364298639,
            "num_lab_procedures": -0.37741468815472656,
            "glyburide-metformin": 0.270459569667037,
            "acarbose": 0.25936940369060874,
            "number_outpatient": 0.18668691214063918,
            "admission_type_id": -0.1619047110140324,
            "race": 0.12439014430364831,
            "glipizide-metformin": -0.10820044457261761,
            "chlorpropamide": -0.07204417712470047,
            "tolazamide": 0.036104305012379295,
            "tolbutamide": -0.03169625828996418,
            "troglitazone": -0.028325201966264684,
            "repaglinide": 0.018741425138116156,
            "miglitol": -0.018696356843721503,
            "metformin-rosiglitazone": -0.01839342440057935,
            "medical_specialty": 0.012199660273873434,
            "acetohexamide": -0.010403659651651813,
            "nateglinide": 0.009520833717941608,
            "glimepiride-pioglitazone": -0.009335837850803887,
            "metformin-pioglitazone": -0.008621838081310371
        },
        "Lime": {
            "race": -16.12710996052869,
            "gender": 0.0,
            "age": 0.0,
            "admission_type_id": 0.0,
            "discharge_disposition_id": -23.674121492647355,
            "admission_source_id": 0.0,
            "time_in_hospital": 0.0,
            "payer_code": 0.0,
            "medical_specialty": 0.0,
            "num_lab_procedures": 0.0,
            "num_procedures": 0.0,
            "num_medications": -16.4421599510806,
            "number_outpatient": 0.0,
            "number_emergency": -26.72608662109105,
            "number_inpatient": 0.0,
            "diag_1": 0.0,
            "diag_2": 0.0,
            "diag_3": 0.0,
            "number_diagnoses": 17.030521974652295,
            "metformin": 0.0,
            "repaglinide": 0.0,
            "nateglinide": 0.0,
            "chlorpropamide": 0.0,
            "glimepiride": 0.0,
            "acetohexamide": 0.0,
            "glipizide": 0.0,
            "glyburide": 0.0,
            "tolbutamide": 0.0,
            "pioglitazone": 0.0,
            "rosiglitazone": 0.0,
            "acarbose": 0.0,
            "miglitol": 0.0,
            "troglitazone": 0.0,
            "tolazamide": 0.0,
            "insulin": 0.0,
            "glyburide-metformin": 0.0,
            "glipizide-metformin": 0.0,
            "glimepiride-pioglitazone": 0.0,
            "metformin-rosiglitazone": 0.0,
            "metformin-pioglitazone": 0.0,
            "change": 0.0,
            "diabetesMed": 0.0
        },
        "Inherent": {
            "number_diagnoses": 6.989013143549888,
            "diabetesMed": 6.9847859542470445,
            "payer_code": 5.045842270526434,
            "num_procedures": 4.122489032523299,
            "metformin": 4.036540727111696,
            "admission_source_id": 3.203943849697871,
            "insulin": 2.722202816473608,
            "gender": 1.8125675025976995,
            "glimepiride": 1.2733674549667926,
            "pioglitazone": 0.7557352909818625,
            "glyburide": 0.6884122069553419,
            "diag_3": 0.533888301881933,
            "rosiglitazone": 0.49107561410491596,
            "number_outpatient": 0.233688117578061,
            "race": 0.1341120774691718,
            "glyburide-metformin": 0.12252227226913862,
            "tolazamide": 0.050041887351465544,
            "nateglinide": 0.027281337084796655,
            "troglitazone": -0.0,
            "miglitol": -0.0,
            "acarbose": -0.0,
            "glipizide-metformin": -0.0,
            "glimepiride-pioglitazone": -0.0,
            "metformin-rosiglitazone": -0.0,
            "acetohexamide": -0.0,
            "repaglinide": 0.0,
            "metformin-pioglitazone": -0.0,
            "tolbutamide": -0.0,
            "chlorpropamide": -0.0,
            "medical_specialty": -0.004527638161891057,
            "admission_type_id": -0.13267567387391505,
            "num_lab_procedures": -0.3924019323203529,
            "age": -0.5552812744086322,
            "glipizide": -0.6299523802303876,
            "diag_1": -1.5903575686980131,
            "diag_2": -1.8556757693016654,
            "number_emergency": -3.0585880185712195,
            "change": -3.5959307273483065,
            "num_medications": -5.09459305432106,
            "time_in_hospital": -7.2862096634857725,
            "discharge_disposition_id": -10.59697221241728,
            "number_inpatient": -25.979324229490487
        }
    },
    "DecisionTree": {
        "SHAP": {
            "discharge_disposition_id": -42.70988202226362,
            "number_inpatient": -35.14204189791666,
            "diag_1": -9.2347510215953,
            "payer_code": 5.70611469132452,
            "number_diagnoses": 5.025443609838766,
            "num_medications": -0.9859512665166732,
            "admission_source_id": -0.8363440659995092,
            "medical_specialty": -0.3594714245449347,
            "gender": 0.0,
            "race": 0.0,
            "num_lab_procedures": 0.0,
            "time_in_hospital": 0.0,
            "admission_type_id": 0.0,
            "age": 0.0,
            "number_emergency": 0.0,
            "number_outpatient": 0.0,
            "diag_2": 0.0,
            "num_procedures": 0.0,
            "diag_3": 0.0,
            "metformin": 0.0,
            "repaglinide": 0.0,
            "nateglinide": 0.0,
            "chlorpropamide": 0.0,
            "glimepiride": 0.0,
            "acetohexamide": 0.0,
            "glipizide": 0.0,
            "glyburide": 0.0,
            "tolbutamide": 0.0,
            "pioglitazone": 0.0,
            "rosiglitazone": 0.0,
            "acarbose": 0.0,
            "miglitol": 0.0,
            "troglitazone": 0.0,
            "tolazamide": 0.0,
            "insulin": 0.0,
            "glyburide-metformin": 0.0,
            "glipizide-metformin": 0.0,
            "glimepiride-pioglitazone": 0.0,
            "metformin-rosiglitazone": 0.0,
            "metformin-pioglitazone": 0.0,
            "change": 0.0,
            "diabetesMed": 0.0
        },
        "Lime": {
            "race": 0.0,
            "gender": 0.0,
            "age": 0.0,
            "admission_type_id": 0.0,
            "discharge_disposition_id": -20.55466457475064,
            "admission_source_id": -3.241133305478991,
            "time_in_hospital": 0.0,
            "payer_code": 5.368904737450478,
            "medical_specialty": -2.4135113267145107,
            "num_lab_procedures": 0.0,
            "num_procedures": 0.0,
            "num_medications": -2.40831541741122,
            "number_outpatient": 0.0,
            "number_emergency": -4.696083329206219,
            "number_inpatient": -37.87777723860435,
            "diag_1": 0.0,
            "diag_2": -3.045880200666975,
            "diag_3": 0.0,
            "number_diagnoses": 0.0,
            "metformin": 0.0,
            "repaglinide": -11.958479828360304,
            "nateglinide": 0.0,
            "chlorpropamide": 0.0,
            "glimepiride": 0.0,
            "acetohexamide": 0.0,
            "glipizide": 0.0,
            "glyburide": -5.806066667527611,
            "tolbutamide": 0.0,
            "pioglitazone": -2.629183373828709,
            "rosiglitazone": 0.0,
            "acarbose": 0.0,
            "miglitol": 0.0,
            "troglitazone": 0.0,
            "tolazamide": 0.0,
            "insulin": 0.0,
            "glyburide-metformin": 0.0,
            "glipizide-metformin": 0.0,
            "glimepiride-pioglitazone": 0.0,
            "metformin-rosiglitazone": 0.0,
            "metformin-pioglitazone": 0.0,
            "change": 0.0,
            "diabetesMed": 0.0
        },
        "Inherent": {
            "number_inpatient": -40.52440326798742,
            "discharge_disposition_id": -28.24114846946058,
            "diag_1": -16.264729345253905,
            "number_diagnoses": 14.969718917298103,
            "gender": 0.0,
            "admission_source_id": 0.0,
            "time_in_hospital": 0.0,
            "age": 0.0,
            "admission_type_id": 0.0,
            "race": 0.0,
            "num_lab_procedures": 0.0,
            "medical_specialty": 0.0,
            "payer_code": 0.0,
            "num_procedures": 0.0,
            "number_emergency": 0.0,
            "number_outpatient": 0.0,
            "diag_2": 0.0,
            "num_medications": 0.0,
            "diag_3": 0.0,
            "metformin": 0.0,
            "repaglinide": 0.0,
            "nateglinide": 0.0,
            "chlorpropamide": 0.0,
            "glimepiride": 0.0,
            "acetohexamide": 0.0,
            "glipizide": 0.0,
            "glyburide": 0.0,
            "tolbutamide": 0.0,
            "pioglitazone": 0.0,
            "rosiglitazone": 0.0,
            "acarbose": 0.0,
            "miglitol": 0.0,
            "troglitazone": 0.0,
            "tolazamide": 0.0,
            "insulin": 0.0,
            "glyburide-metformin": 0.0,
            "glipizide-metformin": 0.0,
            "glimepiride-pioglitazone": 0.0,
            "metformin-rosiglitazone": 0.0,
            "metformin-pioglitazone": 0.0,
            "change": 0.0,
            "diabetesMed": 0.0
        }
    },
    "XGBOOST": {
        "SHAP": {
            "number_inpatient": -17.546833741686264,
            "discharge_disposition_id": -17.03052264431753,
            "diag_3": 7.3117808776259325,
            "race": -7.194665765475533,
            "diag_1": -6.968376769308371,
            "payer_code": 5.614756054288187,
            "diag_2": -4.994916367922789,
            "medical_specialty": 4.40848357343416,
            "diabetesMed": 3.889109340802943,
            "num_medications": -2.7945749458378777,
            "glipizide": 2.743024792829073,
            "number_emergency": -2.4835394214860274,
            "time_in_hospital": -2.429223410050667,
            "admission_source_id": 2.317826497880107,
            "gender": 1.8539241137299174,
            "number_diagnoses": 1.6573296662214372,
            "num_lab_procedures": 1.612566998228636,
            "metformin": 1.289813261914561,
            "insulin": -1.2639034595024932,
            "age": 0.8829188182994993,
            "change": 0.759975020692249,
            "glimepiride": 0.7348495061320636,
            "num_procedures": 0.5543466370260881,
            "pioglitazone": 0.38354374119722934,
            "admission_type_id": 0.3712128358474053,
            "number_outpatient": -0.28970308418086793,
            "glyburide-metformin": 0.20447306121446504,
            "acarbose": 0.18956531076762173,
            "glyburide": 0.11268027258719354,
            "rosiglitazone": 0.09418436911625444,
            "repaglinide": 0.017375640396566416,
            "acetohexamide": 0.0,
            "nateglinide": 0.0,
            "chlorpropamide": 0.0,
            "tolazamide": 0.0,
            "troglitazone": 0.0,
            "miglitol": 0.0,
            "tolbutamide": 0.0,
            "glimepiride-pioglitazone": 0.0,
            "glipizide-metformin": 0.0,
            "metformin-pioglitazone": 0.0,
            "metformin-rosiglitazone": 0.0
        },
        "Lime": {
            "race": -2.09671751960401,
            "gender": 0.0,
            "age": 0.0,
            "admission_type_id": 0.0,
            "discharge_disposition_id": -6.052582253799988,
            "admission_source_id": 0.0,
            "time_in_hospital": -3.0238693915392183,
            "payer_code": 6.551025151581268,
            "medical_specialty": 2.8075477804267166,
            "num_lab_procedures": 0.0,
            "num_procedures": 1.5249706502551756,
            "num_medications": -2.739233956823743,
            "number_outpatient": 0.0,
            "number_emergency": -8.820551702958463,
            "number_inpatient": -20.7186920867787,
            "diag_1": 0.0,
            "diag_2": -2.888963302629385,
            "diag_3": 3.3491567973930088,
            "number_diagnoses": 0.0,
            "metformin": 2.1789117301830765,
            "repaglinide": 2.2220395669383928,
            "nateglinide": -4.732841654974199,
            "chlorpropamide": 3.200192426725708,
            "glimepiride": 4.96117761882488,
            "acetohexamide": 0.0,
            "glipizide": 0.0,
            "glyburide": -5.1582175939389385,
            "tolbutamide": 0.0,
            "pioglitazone": 3.858026464088645,
            "rosiglitazone": 5.480144169887987,
            "acarbose": 0.0,
            "miglitol": 0.0,
            "troglitazone": 0.0,
            "tolazamide": 0.0,
            "insulin": -2.784912700825988,
            "glyburide-metformin": 0.0,
            "glipizide-metformin": 0.0,
            "glimepiride-pioglitazone": 0.0,
            "metformin-rosiglitazone": 0.0,
            "metformin-pioglitazone": 0.0,
            "change": 0.0,
            "diabetesMed": 4.850225479822516
        },
        "Inherent": {
            "race": -6.504081726074219,
            "gender": 1.581764817237854,
            "age": 0.6400097012519836,
            "admission_type_id": 0.7428657412528992,
            "discharge_disposition_id": -16.039901733398438,
            "admission_source_id": 1.8361061811447144,
            "time_in_hospital": -2.555964231491089,
            "payer_code": 4.072295665740967,
            "medical_specialty": 3.804075241088867,
            "num_lab_procedures": 1.2715733051300049,
            "num_procedures": 0.5672633647918701,
            "num_medications": -3.5983033180236816,
            "number_outpatient": -0.5216692686080933,
            "number_emergency": -2.443868398666382,
            "number_inpatient": -22.429658889770508,
            "diag_1": -8.220802307128906,
            "diag_2": -4.854456901550293,
            "diag_3": 5.70057487487793,
            "number_diagnoses": 3.046184539794922,
            "metformin": 1.0755932331085205,
            "repaglinide": 0.00458888802677393,
            "nateglinide": 0.0221197921782732,
            "chlorpropamide": 0.014126066118478775,
            "glimepiride": 0.3916914165019989,
            "acetohexamide": 0.0,
            "glipizide": 2.51529598236084,
            "glyburide": 0.21286317706108093,
            "tolbutamide": 0.0,
            "pioglitazone": 0.37703821063041687,
            "rosiglitazone": 0.028620464727282524,
            "acarbose": 0.019432315602898598,
            "miglitol": 0.0,
            "troglitazone": 0.0,
            "tolazamide": 0.0,
            "insulin": -1.325339913368225,
            "glyburide-metformin": 0.02010771632194519,
            "glipizide-metformin": 0.0,
            "glimepiride-pioglitazone": 0.0,
            "metformin-rosiglitazone": 0.0,
            "metformin-pioglitazone": 0.0,
            "change": 0.710205078125,
            "diabetesMed": 2.851569175720215
        }
    }
}