{
    "LogisticRegression": {
        "SHAP": {
            "number_inpatient": -18.470438288581313,
            "number_diagnoses": 8.98634664636044,
            "pioglitazone": -8.28718378348672,
            "discharge_disposition_id": -8.023151967623264,
            "diabetesMed": 7.10516229948142,
            "glyburide": -6.043275793264118,
            "time_in_hospital": 5.427515644652071,
            "payer_code": 4.463880114809449,
            "age": 4.20509627001133,
            "change": 3.764504358381476,
            "metformin": 3.697975589995904,
            "num_procedures": 3.3902964675942697,
            "insulin": -3.281660951282781,
            "number_emergency": -2.6023310801629442,
            "diag_2": 2.554508907587892,
            "glimepiride": 1.5685025524386595,
            "gender": 1.5649728789600355,
            "glipizide": -1.0838500743024708,
            "admission_type_id": 1.068368811776146,
            "diag_1": 0.8862231096255363,
            "num_medications": 0.8147444843125428,
            "diag_3": 0.5562478334310839,
            "rosiglitazone": 0.4933909363985114,
            "num_lab_procedures": 0.4102237897685693,
            "admission_source_id": -0.2871990873030336,
            "glyburide-metformin": 0.22111278385653121,
            "acarbose": 0.21204607759985145,
            "number_outpatient": 0.1526248928955068,
            "glipizide-metformin": -0.0884586984421341,
            "chlorpropamide": -0.05889933413821091,
            "medical_specialty": -0.042709339512976924,
            "race": 0.031895171154111675,
            "tolazamide": 0.029516882690897306,
            "tolbutamide": -0.025913107519019353,
            "troglitazone": -0.023157118336650975,
            "repaglinide": 0.01532195252262392,
            "miglitol": -0.015285107178051588,
            "metformin-rosiglitazone": -0.015037446369058644,
            "acetohexamide": -0.008505456659213814,
            "nateglinide": 0.007783707008780954,
            "glimepiride-pioglitazone": -0.007632464620740731,
            "metformin-pioglitazone": -0.0070487379036569455
        },
        "Lime": {
            "race": 0.0,
            "gender": 0.0,
            "age": 0.0,
            "admission_type_id": 0.0,
            "discharge_disposition_id": -29.013731131891696,
            "admission_source_id": 0.0,
            "time_in_hospital": 20.997737127181313,
            "payer_code": 0.0,
            "medical_specialty": 0.0,
            "num_lab_procedures": 0.0,
            "num_procedures": 9.998500160270318,
            "num_medications": 0.0,
            "number_outpatient": 0.0,
            "number_emergency": -39.99003158065668,
            "number_inpatient": 0.0,
            "diag_1": 0.0,
            "diag_2": 0.0,
            "diag_3": 0.0,
            "number_diagnoses": 0.0,
            "metformin": 0.0,
            "repaglinide": 0.0,
            "nateglinide": 0.0,
            "chlorpropamide": 0.0,
            "glimepiride": 0.0,
            "acetohexamide": 0.0,
            "glipizide": 0.0,
            "glyburide": 0.0,
            "tolbutamide": 0.0,
            "pioglitazone": 0.0,
            "rosiglitazone": 0.0,
            "acarbose": 0.0,
            "miglitol": 0.0,
            "troglitazone": 0.0,
            "tolazamide": 0.0,
            "insulin": 0.0,
            "glyburide-metformin": 0.0,
            "glipizide-metformin": 0.0,
            "glimepiride-pioglitazone": 0.0,
            "metformin-rosiglitazone": 0.0,
            "metformin-pioglitazone": 0.0,
            "change": 0.0,
            "diabetesMed": 0.0
        },
        "Inherent": {
            "number_diagnoses": 10.810671389808968,
            "time_in_hospital": 6.340693346757721,
            "diabetesMed": 5.4555521723923786,
            "age": 4.668752029642468,
            "payer_code": 3.941116584078239,
            "change": 3.723088230893442,
            "num_procedures": 3.2199202873741735,
            "metformin": 3.15278931623588,
            "diag_2": 2.538270808756579,
            "gender": 1.4157279322771583,
            "num_medications": 1.249707438476118,
            "admission_type_id": 1.0477937328782985,
            "glimepiride": 0.994579165446554,
            "diag_1": 0.7192353005532859,
            "diag_3": 0.48174092811209573,
            "rosiglitazone": 0.38356059167568285,
            "num_lab_procedures": 0.3827682585592665,
            "number_outpatient": 0.18252495149691517,
            "glyburide-metformin": 0.09569751357060813,
            "tolazamide": 0.03908582582761943,
            "race": 0.03781704648876804,
            "nateglinide": 0.02130842072665567,
            "metformin-pioglitazone": -0.0,
            "glimepiride-pioglitazone": -0.0,
            "troglitazone": -0.0,
            "repaglinide": 0.0,
            "metformin-rosiglitazone": -0.0,
            "glipizide-metformin": -0.0,
            "acarbose": -0.0,
            "acetohexamide": -0.0,
            "chlorpropamide": -0.0,
            "miglitol": -0.0,
            "tolbutamide": -0.0,
            "medical_specialty": -0.05405589482571809,
            "admission_source_id": -0.5216648860169831,
            "glipizide": -1.0575859841621278,
            "number_emergency": -2.388947437827146,
            "insulin": -2.8766366220969335,
            "glyburide": -5.788104221371955,
            "pioglitazone": -7.842241699097778,
            "discharge_disposition_id": -8.276894260314794,
            "number_inpatient": -20.29146772225769
        }
    },
    "DecisionTree": {
        "SHAP": {
            "discharge_disposition_id": -37.589809275409515,
            "number_inpatient": -31.94925705198029,
            "diag_1": 13.654753013668131,
            "number_diagnoses": 8.61362689387513,
            "payer_code": 5.926515742283323,
            "num_medications": -1.661042344280178,
            "medical_specialty": -0.3733561576856509,
            "admission_source_id": 0.2316395208177769,
            "gender": 0.0,
            "race": 0.0,
            "num_lab_procedures": 0.0,
            "time_in_hospital": 0.0,
            "admission_type_id": 0.0,
            "age": 0.0,
            "number_emergency": 0.0,
            "number_outpatient": 0.0,
            "diag_2": 0.0,
            "num_procedures": 0.0,
            "diag_3": 0.0,
            "metformin": 0.0,
            "repaglinide": 0.0,
            "nateglinide": 0.0,
            "chlorpropamide": 0.0,
            "glimepiride": 0.0,
            "acetohexamide": 0.0,
            "glipizide": 0.0,
            "glyburide": 0.0,
            "tolbutamide": 0.0,
            "pioglitazone": 0.0,
            "rosiglitazone": 0.0,
            "acarbose": 0.0,
            "miglitol": 0.0,
            "troglitazone": 0.0,
            "tolazamide": 0.0,
            "insulin": 0.0,
            "glyburide-metformin": 0.0,
            "glipizide-metformin": 0.0,
            "glimepiride-pioglitazone": 0.0,
            "metformin-rosiglitazone": 0.0,
            "metformin-pioglitazone": 0.0,
            "change": 0.0,
            "diabetesMed": 0.0
        },
        "Lime": {
            "race": 0.0,
            "gender": 0.0,
            "age": 0.0,
            "admission_type_id": 0.0,
            "discharge_disposition_id": -16.938581786366232,
            "admission_source_id": 0.0,
            "time_in_hospital": 0.0,
            "payer_code": 0.0,
            "medical_specialty": 0.0,
            "num_lab_procedures": 0.0,
            "num_procedures": 0.0,
            "num_medications": 0.0,
            "number_outpatient": 0.0,
            "number_emergency": 0.0,
            "number_inpatient": -34.69508748273659,
            "diag_1": -3.9667784672122814,
            "diag_2": 6.711194642288164,
            "diag_3": -3.876686579714802,
            "number_diagnoses": 0.0,
            "metformin": 0.0,
            "repaglinide": -7.505407411896319,
            "nateglinide": -3.439415656532377,
            "chlorpropamide": 7.247923875479809,
            "glimepiride": -2.2150212402270304,
            "acetohexamide": 0.0,
            "glipizide": 13.403902857546385,
            "glyburide": 0.0,
            "tolbutamide": 0.0,
            "pioglitazone": 0.0,
            "rosiglitazone": 0.0,
            "acarbose": 0.0,
            "miglitol": 0.0,
            "troglitazone": 0.0,
            "tolazamide": 0.0,
            "insulin": 0.0,
            "glyburide-metformin": 0.0,
            "glipizide-metformin": 0.0,
            "glimepiride-pioglitazone": 0.0,
            "metformin-rosiglitazone": 0.0,
            "metformin-pioglitazone": 0.0,
            "change": 0.0,
            "diabetesMed": 0.0
        },
        "Inherent": {
            "number_inpatient": -41.653027985739975,
            "discharge_disposition_id": -29.027678452630802,
            "number_diagnoses": 15.386633009188442,
            "diag_1": 13.932660552440781,
            "gender": 0.0,
            "admission_source_id": 0.0,
            "time_in_hospital": 0.0,
            "age": 0.0,
            "admission_type_id": 0.0,
            "race": 0.0,
            "num_lab_procedures": 0.0,
            "medical_specialty": 0.0,
            "payer_code": 0.0,
            "num_procedures": 0.0,
            "number_emergency": 0.0,
            "number_outpatient": 0.0,
            "diag_2": 0.0,
            "num_medications": 0.0,
            "diag_3": 0.0,
            "metformin": 0.0,
            "repaglinide": 0.0,
            "nateglinide": 0.0,
            "chlorpropamide": 0.0,
            "glimepiride": 0.0,
            "acetohexamide": 0.0,
            "glipizide": 0.0,
            "glyburide": 0.0,
            "tolbutamide": 0.0,
            "pioglitazone": 0.0,
            "rosiglitazone": 0.0,
            "acarbose": 0.0,
            "miglitol": 0.0,
            "troglitazone": 0.0,
            "tolazamide": 0.0,
            "insulin": 0.0,
            "glyburide-metformin": 0.0,
            "glipizide-metformin": 0.0,
            "glimepiride-pioglitazone": 0.0,
            "metformin-rosiglitazone": 0.0,
            "metformin-pioglitazone": 0.0,
            "change": 0.0,
            "diabetesMed": 0.0
        }
    },
    "XGBOOST": {
        "SHAP": {
            "number_inpatient": -13.0164917748566,
            "discharge_disposition_id": -12.343612659407384,
            "diag_2": 9.57175006819227,
            "glipizide": 7.169924110604062,
            "payer_code": 6.8232395808156125,
            "pioglitazone": -6.6491316806670255,
            "time_in_hospital": 5.785927908071263,
            "num_medications": 5.056876512550536,
            "diag_3": 4.9339732037644195,
            "diag_1": 4.81672697578989,
            "diabetesMed": 3.3715112721755336,
            "age": 2.920939450767729,
            "medical_specialty": 2.914917800517915,
            "glyburide": -2.056559697811057,
            "number_emergency": -2.047338453771918,
            "number_diagnoses": 1.987408954234714,
            "metformin": 1.4728887606472356,
            "gender": 1.3445790347878388,
            "change": -1.156642948766204,
            "insulin": -0.9320368646492772,
            "glimepiride": 0.92507688240319,
            "admission_type_id": 0.5244336327328896,
            "num_lab_procedures": 0.5155679160422574,
            "glyburide-metformin": 0.44960306706907155,
            "race": 0.3430805702797521,
            "acarbose": 0.27717600765811556,
            "admission_source_id": -0.15246353461260023,
            "num_procedures": -0.12928236420075212,
            "rosiglitazone": 0.11329284553612026,
            "number_outpatient": -0.11324493867127755,
            "repaglinide": 0.08430052794548529,
            "acetohexamide": 0.0,
            "nateglinide": 0.0,
            "chlorpropamide": 0.0,
            "tolazamide": 0.0,
            "troglitazone": 0.0,
            "miglitol": 0.0,
            "tolbutamide": 0.0,
            "glimepiride-pioglitazone": 0.0,
            "glipizide-metformin": 0.0,
            "metformin-pioglitazone": 0.0,
            "metformin-rosiglitazone": 0.0
        },
        "Lime": {
            "race": 2.879696675389117,
            "gender": 1.767299923062059,
            "age": 0.0,
            "admission_type_id": 0.0,
            "discharge_disposition_id": -6.86489556144262,
            "admission_source_id": 0.0,
            "time_in_hospital": 1.7479341085791258,
            "payer_code": 4.652000538821185,
            "medical_specialty": 0.0,
            "num_lab_procedures": 0.0,
            "num_procedures": -1.9156484287036202,
            "num_medications": 3.0482010103165633,
            "number_outpatient": 0.0,
            "number_emergency": -8.722509317235074,
            "number_inpatient": -22.65229629654144,
            "diag_1": 2.652474416130578,
            "diag_2": 0.0,
            "diag_3": 0.0,
            "number_diagnoses": 4.962269821900054,
            "metformin": 4.376681195124797,
            "repaglinide": 1.955529036165007,
            "nateglinide": 0.0,
            "chlorpropamide": 0.0,
            "glimepiride": 6.098043555603064,
            "acetohexamide": 0.0,
            "glipizide": 7.22537741128645,
            "glyburide": 0.0,
            "tolbutamide": 0.0,
            "pioglitazone": -3.278252923688633,
            "rosiglitazone": 0.0,
            "acarbose": 7.772811841419687,
            "miglitol": 0.0,
            "troglitazone": 0.0,
            "tolazamide": 0.0,
            "insulin": 1.7186824692380556,
            "glyburide-metformin": 0.0,
            "glipizide-metformin": 0.0,
            "glimepiride-pioglitazone": 0.0,
            "metformin-rosiglitazone": 0.0,
            "metformin-pioglitazone": 0.0,
            "change": 0.0,
            "diabetesMed": 5.709395469352866
        },
        "Inherent": {
            "race": 0.2918023467063904,
            "gender": 1.228821039199829,
            "age": 2.823740005493164,
            "admission_type_id": 0.6518052220344543,
            "discharge_disposition_id": -12.406851768493652,
            "admission_source_id": -0.51181560754776,
            "time_in_hospital": 5.500531196594238,
            "payer_code": 5.479696273803711,
            "medical_specialty": 1.9795897006988525,
            "num_lab_procedures": 0.46151891350746155,
            "num_procedures": -0.11829894781112671,
            "num_medications": 3.58351993560791,
            "number_outpatient": -0.18827560544013977,
            "number_emergency": -2.055220603942871,
            "number_inpatient": -18.77027130126953,
            "diag_1": 3.811312198638916,
            "diag_2": 8.949925422668457,
            "diag_3": 3.6925482749938965,
            "number_diagnoses": 3.7994117736816406,
            "metformin": 1.3613473176956177,
            "repaglinide": 0.06357806921005249,
            "nateglinide": -0.017666583880782127,
            "chlorpropamide": 0.017519991844892502,
            "glimepiride": 0.5440278649330139,
            "acetohexamide": 0.0,
            "glipizide": 8.529267311096191,
            "glyburide": -2.015557050704956,
            "tolbutamide": 0.0,
            "pioglitazone": -6.330991744995117,
            "rosiglitazone": 0.08429275453090668,
            "acarbose": 0.0402824766933918,
            "miglitol": 0.0,
            "troglitazone": 0.0,
            "tolazamide": 0.0,
            "insulin": -1.0391926765441895,
            "glyburide-metformin": 0.08536623418331146,
            "glipizide-metformin": 0.0,
            "glimepiride-pioglitazone": 0.0,
            "metformin-rosiglitazone": 0.0,
            "metformin-pioglitazone": 0.0,
            "change": -0.899551272392273,
            "diabetesMed": 2.6664040088653564
        }
    }
}