{
    "LogisticRegression": {
        "SHAP": {
            "number_inpatient": 22.420303572782093,
            "time_in_hospital": 15.4534039026754,
            "age": -14.68338911386855,
            "pioglitazone": -7.124839631003893,
            "discharge_disposition_id": -6.897840400063901,
            "diabetesMed": 6.108606163282284,
            "metformin": 3.179304782716244,
            "num_procedures": 2.9147801308932886,
            "change": -2.6196004438670006,
            "admission_source_id": 2.4644150481402978,
            "number_emergency": -2.2373332240904116,
            "number_diagnoses": -1.870530758441899,
            "insulin": 1.6639791435951612,
            "num_medications": 1.6380766480137243,
            "diag_2": 1.5871953242274708,
            "glimepiride": 1.3485074590977464,
            "gender": 1.3454728507021758,
            "payer_code": 0.89936135316289,
            "diag_3": -0.7498650487359255,
            "num_lab_procedures": -0.6360540133058672,
            "glyburide": 0.475809982603602,
            "rosiglitazone": 0.4241888908310427,
            "diag_1": 0.26779378478224936,
            "glyburide-metformin": 0.19009993823013613,
            "acarbose": 0.18230491041996685,
            "number_outpatient": 0.13121802460161092,
            "admission_type_id": -0.11379917375756574,
            "glipizide": 0.08227681372269821,
            "glipizide-metformin": -0.07605165480019903,
            "chlorpropamide": -0.05063822898966823,
            "race": 0.02742161697068767,
            "tolazamide": 0.025376902585273163,
            "tolbutamide": -0.02227858585468644,
            "troglitazone": -0.019909146312596947,
            "repaglinide": 0.013172925496726547,
            "miglitol": -0.013141248007957677,
            "metformin-rosiglitazone": -0.012928323618555877,
            "acetohexamide": -0.007312497981051884,
            "nateglinide": 0.006691979521775762,
            "glimepiride-pioglitazone": -0.006561950094608494,
            "metformin-pioglitazone": -0.006060095742609976,
            "medical_specialty": 0.0021043124085185242
        },
        "Lime": {
            "race": -20.43571610931704,
            "gender": 0.0,
            "age": 0.0,
            "admission_type_id": 0.0,
            "discharge_disposition_id": -9.491183063370515,
            "admission_source_id": 0.0,
            "time_in_hospital": 8.581775287685968,
            "payer_code": 0.0,
            "medical_specialty": 0.0,
            "num_lab_procedures": 0.0,
            "num_procedures": 0.0,
            "num_medications": 4.1473631326762685,
            "number_outpatient": 0.0,
            "number_emergency": -10.514197934806855,
            "number_inpatient": 46.829764472143374,
            "diag_1": 0.0,
            "diag_2": 0.0,
            "diag_3": 0.0,
            "number_diagnoses": 0.0,
            "metformin": 0.0,
            "repaglinide": 0.0,
            "nateglinide": 0.0,
            "chlorpropamide": 0.0,
            "glimepiride": 0.0,
            "acetohexamide": 0.0,
            "glipizide": 0.0,
            "glyburide": 0.0,
            "tolbutamide": 0.0,
            "pioglitazone": 0.0,
            "rosiglitazone": 0.0,
            "acarbose": 0.0,
            "miglitol": 0.0,
            "troglitazone": 0.0,
            "tolazamide": 0.0,
            "insulin": 0.0,
            "glyburide-metformin": 0.0,
            "glipizide-metformin": 0.0,
            "glimepiride-pioglitazone": 0.0,
            "metformin-rosiglitazone": 0.0,
            "metformin-pioglitazone": 0.0,
            "change": 0.0,
            "diabetesMed": 0.0
        },
        "Inherent": {
            "number_inpatient": 21.37739186464479,
            "time_in_hospital": 17.51220106124042,
            "diabetesMed": 5.200130903359408,
            "num_procedures": 3.0691681545015332,
            "metformin": 3.005180160883706,
            "admission_source_id": 2.385316820669596,
            "num_medications": 2.188016219586861,
            "insulin": 2.0266635346998854,
            "diag_2": 1.7719483666148643,
            "gender": 1.3494455444196005,
            "glimepiride": 0.9480143697000016,
            "payer_code": 0.6326081570962834,
            "glyburide": 0.5125187249956652,
            "rosiglitazone": 0.3656028249857022,
            "number_outpatient": 0.1739793903386064,
            "diag_1": 0.16022706790240798,
            "number_diagnoses": 0.1020250592202332,
            "glyburide-metformin": 0.09121709076699194,
            "glipizide": 0.07007982284887336,
            "tolazamide": 0.03725588251141165,
            "race": 0.03604650563423816,
            "nateglinide": 0.020310790479321033,
            "repaglinide": 0.0,
            "glimepiride-pioglitazone": -0.0,
            "acetohexamide": -0.0,
            "chlorpropamide": -0.0,
            "metformin-pioglitazone": -0.0,
            "metformin-rosiglitazone": -0.0,
            "acarbose": -0.0,
            "glipizide-metformin": -0.0,
            "miglitol": -0.0,
            "troglitazone": -0.0,
            "tolbutamide": -0.0,
            "medical_specialty": -0.010249981335779727,
            "admission_type_id": -0.09877623686038266,
            "num_lab_procedures": -0.6863339376551206,
            "diag_3": -0.8464647381412875,
            "number_emergency": -2.2771002834161393,
            "change": -2.6771486805910825,
            "pioglitazone": -7.475078987872447,
            "discharge_disposition_id": -7.889381728344223,
            "age": -15.00411710868312
        }
    },
    "DecisionTree": {
        "SHAP": {
            "number_inpatient": 36.61217671444595,
            "admission_source_id": -24.125705059432338,
            "discharge_disposition_id": -20.546149711991095,
            "num_medications": 8.79644013630159,
            "diag_1": -3.3861972205970847,
            "number_diagnoses": 3.082106480328256,
            "payer_code": -2.6605955746631174,
            "medical_specialty": -0.4469629037174101,
            "number_emergency": -0.34366619852317243,
            "gender": 0.0,
            "num_lab_procedures": 0.0,
            "time_in_hospital": 0.0,
            "admission_type_id": 0.0,
            "age": 0.0,
            "race": 0.0,
            "number_outpatient": 0.0,
            "diag_2": 0.0,
            "num_procedures": 0.0,
            "diag_3": 0.0,
            "metformin": 0.0,
            "repaglinide": 0.0,
            "nateglinide": 0.0,
            "chlorpropamide": 0.0,
            "glimepiride": 0.0,
            "acetohexamide": 0.0,
            "glipizide": 0.0,
            "glyburide": 0.0,
            "tolbutamide": 0.0,
            "pioglitazone": 0.0,
            "rosiglitazone": 0.0,
            "acarbose": 0.0,
            "miglitol": 0.0,
            "troglitazone": 0.0,
            "tolazamide": 0.0,
            "insulin": 0.0,
            "glyburide-metformin": 0.0,
            "glipizide-metformin": 0.0,
            "glimepiride-pioglitazone": 0.0,
            "metformin-rosiglitazone": 0.0,
            "metformin-pioglitazone": 0.0,
            "change": 0.0,
            "diabetesMed": 0.0
        },
        "Lime": {
            "race": 0.0,
            "gender": 0.0,
            "age": 0.0,
            "admission_type_id": 0.0,
            "discharge_disposition_id": -19.022293828235735,
            "admission_source_id": 0.0,
            "time_in_hospital": 0.0,
            "payer_code": 7.018854442159091,
            "medical_specialty": 3.193505558013436,
            "num_lab_procedures": 3.025457210460072,
            "num_procedures": 0.0,
            "num_medications": 0.0,
            "number_outpatient": 0.0,
            "number_emergency": 0.0,
            "number_inpatient": 12.098691010300758,
            "diag_1": 0.0,
            "diag_2": 0.0,
            "diag_3": -13.937435465514792,
            "number_diagnoses": 3.1292383826771566,
            "metformin": 0.0,
            "repaglinide": 15.028125742859913,
            "nateglinide": 7.776698080470212,
            "chlorpropamide": 0.0,
            "glimepiride": 3.280528191824798,
            "acetohexamide": 0.0,
            "glipizide": 0.0,
            "glyburide": 4.140248785662665,
            "tolbutamide": 0.0,
            "pioglitazone": 0.0,
            "rosiglitazone": 0.0,
            "acarbose": 3.781808789432513,
            "miglitol": 0.0,
            "troglitazone": 0.0,
            "tolazamide": -4.567114512388875,
            "insulin": 0.0,
            "glyburide-metformin": 0.0,
            "glipizide-metformin": 0.0,
            "glimepiride-pioglitazone": 0.0,
            "metformin-rosiglitazone": 0.0,
            "metformin-pioglitazone": 0.0,
            "change": 0.0,
            "diabetesMed": 0.0
        },
        "Inherent": {
            "admission_source_id": -30.80602636303627,
            "number_inpatient": 25.961573335538286,
            "discharge_disposition_id": -22.69437104505186,
            "num_medications": 20.538029256373587,
            "gender": 0.0,
            "race": 0.0,
            "time_in_hospital": 0.0,
            "payer_code": 0.0,
            "admission_type_id": 0.0,
            "age": 0.0,
            "num_lab_procedures": 0.0,
            "medical_specialty": 0.0,
            "number_outpatient": 0.0,
            "num_procedures": 0.0,
            "number_emergency": 0.0,
            "diag_1": 0.0,
            "diag_2": 0.0,
            "diag_3": 0.0,
            "number_diagnoses": 0.0,
            "metformin": 0.0,
            "repaglinide": 0.0,
            "nateglinide": 0.0,
            "chlorpropamide": 0.0,
            "glimepiride": 0.0,
            "acetohexamide": 0.0,
            "glipizide": 0.0,
            "glyburide": 0.0,
            "tolbutamide": 0.0,
            "pioglitazone": 0.0,
            "rosiglitazone": 0.0,
            "acarbose": 0.0,
            "miglitol": 0.0,
            "troglitazone": 0.0,
            "tolazamide": 0.0,
            "insulin": 0.0,
            "glyburide-metformin": 0.0,
            "glipizide-metformin": 0.0,
            "glimepiride-pioglitazone": 0.0,
            "metformin-rosiglitazone": 0.0,
            "metformin-pioglitazone": 0.0,
            "change": 0.0,
            "diabetesMed": 0.0
        }
    },
    "XGBOOST": {
        "SHAP": {
            "number_inpatient": 20.040867672408442,
            "time_in_hospital": -13.187427778161446,
            "diag_3": 8.161154595005868,
            "discharge_disposition_id": -7.753739379462568,
            "pioglitazone": -7.4347656926315135,
            "payer_code": -7.033587350943443,
            "age": -5.6937771402003765,
            "num_medications": 5.511304863148564,
            "medical_specialty": 4.402340647291331,
            "diag_1": -3.175956273271774,
            "diabetesMed": 3.08745764168906,
            "number_emergency": -2.7344443076914438,
            "metformin": 2.2155731231767444,
            "insulin": -1.6585300325004253,
            "diag_2": -1.5412194966520298,
            "gender": 1.5049999333933,
            "number_outpatient": -0.8618452020162499,
            "admission_source_id": -0.6818647130207173,
            "glimepiride": 0.629413621858427,
            "change": -0.6016420291877959,
            "admission_type_id": 0.3383671265393667,
            "acarbose": 0.28868096272821814,
            "num_procedures": 0.28120673786854095,
            "glyburide-metformin": 0.26271729058669885,
            "race": 0.24747080421587525,
            "glipizide": -0.22464965851024354,
            "glyburide": 0.1476820874683875,
            "rosiglitazone": 0.1312619573716307,
            "num_lab_procedures": -0.08912128585822626,
            "number_diagnoses": -0.05869191370323615,
            "repaglinide": -0.01823868143806048,
            "acetohexamide": 0.0,
            "nateglinide": 0.0,
            "chlorpropamide": 0.0,
            "tolazamide": 0.0,
            "troglitazone": 0.0,
            "miglitol": 0.0,
            "tolbutamide": 0.0,
            "glimepiride-pioglitazone": 0.0,
            "glipizide-metformin": 0.0,
            "metformin-pioglitazone": 0.0,
            "metformin-rosiglitazone": 0.0
        },
        "Lime": {
            "race": 0.0,
            "gender": 2.6207142113843434,
            "age": -3.164079726517578,
            "admission_type_id": 0.0,
            "discharge_disposition_id": -5.091348169191036,
            "admission_source_id": 2.008053852324542,
            "time_in_hospital": 3.2419390560348553,
            "payer_code": 0.0,
            "medical_specialty": 8.54584655557554,
            "num_lab_procedures": -2.2268593714403035,
            "num_procedures": 0.0,
            "num_medications": 0.0,
            "number_outpatient": -2.5066721929931854,
            "number_emergency": -7.827512549647762,
            "number_inpatient": 9.11228464336114,
            "diag_1": -2.0245580160020262,
            "diag_2": -2.024558016002026,
            "diag_3": -2.0245580160020262,
            "number_diagnoses": 0.0,
            "metformin": 1.9417410054681739,
            "repaglinide": 3.7519862409633538,
            "nateglinide": 5.766183388945362,
            "chlorpropamide": 9.7469345433017,
            "glimepiride": 4.972586441637601,
            "acetohexamide": 0.0,
            "glipizide": 0.0,
            "glyburide": 7.8909778376092,
            "tolbutamide": 0.0,
            "pioglitazone": -3.017833828001177,
            "rosiglitazone": 2.1328583201818385,
            "acarbose": -2.331326022171486,
            "miglitol": 0.0,
            "troglitazone": 0.0,
            "tolazamide": 0.0,
            "insulin": 0.0,
            "glyburide-metformin": 0.0,
            "glipizide-metformin": 0.0,
            "glimepiride-pioglitazone": 0.0,
            "metformin-rosiglitazone": 0.0,
            "metformin-pioglitazone": 0.0,
            "change": -2.2078955043348167,
            "diabetesMed": 3.8206924909089204
        },
        "Inherent": {
            "race": 0.4141656756401062,
            "gender": 1.4403513669967651,
            "age": -6.402403831481934,
            "admission_type_id": 0.7997062802314758,
            "discharge_disposition_id": -7.76902437210083,
            "admission_source_id": -1.0892345905303955,
            "time_in_hospital": -11.868730545043945,
            "payer_code": -9.450843811035156,
            "medical_specialty": 4.074881076812744,
            "num_lab_procedures": -1.404831051826477,
            "num_procedures": -0.11078204214572906,
            "num_medications": 1.600783109664917,
            "number_outpatient": -1.6249511241912842,
            "number_emergency": -3.2730870246887207,
            "number_inpatient": 15.432779312133789,
            "diag_1": -5.001273155212402,
            "diag_2": -2.4514174461364746,
            "diag_3": 8.626988410949707,
            "number_diagnoses": 1.009493350982666,
            "metformin": 2.0407748222351074,
            "repaglinide": -0.22893337905406952,
            "nateglinide": 0.003131564473733306,
            "chlorpropamide": 0.018193842843174934,
            "glimepiride": 0.45517492294311523,
            "acetohexamide": 0.0,
            "glipizide": -0.2729719281196594,
            "glyburide": 0.18871724605560303,
            "tolbutamide": 0.0,
            "pioglitazone": -7.394238471984863,
            "rosiglitazone": 0.06165339797735214,
            "acarbose": 0.04152780771255493,
            "miglitol": 0.0,
            "troglitazone": 0.0,
            "tolazamide": 0.0,
            "insulin": -2.1100645065307617,
            "glyburide-metformin": 0.0345449224114418,
            "glipizide-metformin": 0.0,
            "glimepiride-pioglitazone": 0.0,
            "metformin-rosiglitazone": 0.0,
            "metformin-pioglitazone": 0.0,
            "change": -0.7329950332641602,
            "diabetesMed": 2.571350336074829
        }
    }
}