{
    "LogisticRegression": {
        "SHAP": {
            "number_inpatient": -18.22236529538222,
            "metformin": -12.174396276648732,
            "age": 9.39813554100897,
            "number_diagnoses": -7.652527316061525,
            "diabetesMed": 7.009734196950286,
            "diag_2": -5.11554656026947,
            "admission_type_id": -4.869011879838866,
            "discharge_disposition_id": -4.852286906665693,
            "time_in_hospital": -4.548129159759577,
            "payer_code": 4.4039265780248185,
            "diag_1": -3.4950865927167376,
            "num_procedures": 3.3447620314640574,
            "change": -3.006038091651008,
            "number_emergency": -2.567379659397247,
            "insulin": 1.9094456565200646,
            "glimepiride": 1.5474362887721158,
            "gender": 1.543954021676122,
            "num_lab_procedures": 1.2083873388358626,
            "glyburide": 0.5460004159958254,
            "pioglitazone": 0.4996678484348798,
            "rosiglitazone": 0.48676429524915926,
            "admission_source_id": -0.2833417702151464,
            "num_medications": 0.2658416647606502,
            "glyburide-metformin": 0.2181430595181659,
            "acarbose": 0.20919812649309058,
            "number_outpatient": 0.15057501657824116,
            "glipizide": 0.09441410681126844,
            "glipizide-metformin": -0.08727062625054986,
            "chlorpropamide": -0.0581082682258155,
            "medical_specialty": -0.04213571838255196,
            "race": 0.03146679309111307,
            "tolazamide": 0.02912044697428715,
            "tolbutamide": -0.025565073430986525,
            "troglitazone": -0.02284609942254161,
            "repaglinide": 0.015116166251364103,
            "miglitol": -0.015079815769705724,
            "metformin-rosiglitazone": -0.014835481246598642,
            "acetohexamide": -0.008391221465711082,
            "nateglinide": 0.00767916549949545,
            "glimepiride-pioglitazone": -0.007529954419609018,
            "metformin-pioglitazone": -0.006954067626605799,
            "diag_3": 0.005405406243255057
        },
        "Lime": {
            "race": -45.35906913918568,
            "gender": 0.0,
            "age": 0.0,
            "admission_type_id": 0.0,
            "discharge_disposition_id": -21.021301843227818,
            "admission_source_id": 0.0,
            "time_in_hospital": 0.0,
            "payer_code": 0.0,
            "medical_specialty": 0.0,
            "num_lab_procedures": 0.0,
            "num_procedures": 0.0,
            "num_medications": 0.0,
            "number_outpatient": 0.0,
            "number_emergency": -33.6196290175865,
            "number_inpatient": 0.0,
            "diag_1": 0.0,
            "diag_2": 0.0,
            "diag_3": 0.0,
            "number_diagnoses": 0.0,
            "metformin": 0.0,
            "repaglinide": 0.0,
            "nateglinide": 0.0,
            "chlorpropamide": 0.0,
            "glimepiride": 0.0,
            "acetohexamide": 0.0,
            "glipizide": 0.0,
            "glyburide": 0.0,
            "tolbutamide": 0.0,
            "pioglitazone": 0.0,
            "rosiglitazone": 0.0,
            "acarbose": 0.0,
            "miglitol": 0.0,
            "troglitazone": 0.0,
            "tolazamide": 0.0,
            "insulin": 0.0,
            "glyburide-metformin": 0.0,
            "glipizide-metformin": 0.0,
            "glimepiride-pioglitazone": 0.0,
            "metformin-rosiglitazone": 0.0,
            "metformin-pioglitazone": 0.0,
            "change": 0.0,
            "diabetesMed": 0.0
        },
        "Inherent": {
            "age": 10.171556280784305,
            "diabetesMed": 5.679075306586183,
            "payer_code": 4.1025907489765725,
            "num_procedures": 3.3518458288675244,
            "insulin": 2.2133240582919425,
            "gender": 1.4737326831417323,
            "num_lab_procedures": 1.2116160534548,
            "glimepiride": 1.0353287440848946,
            "num_medications": 0.7565962220749829,
            "pioglitazone": 0.6144608664380297,
            "glyburide": 0.5597229164761177,
            "rosiglitazone": 0.39927571324274186,
            "number_outpatient": 0.19000330527998815,
            "glyburide-metformin": 0.09961840140962522,
            "glipizide": 0.07653434092858333,
            "tolazamide": 0.04068723774990912,
            "race": 0.03936647439084151,
            "nateglinide": 0.02218146250776903,
            "troglitazone": -0.0,
            "miglitol": -0.0,
            "acarbose": -0.0,
            "glipizide-metformin": -0.0,
            "glimepiride-pioglitazone": -0.0,
            "acetohexamide": -0.0,
            "repaglinide": 0.0,
            "chlorpropamide": -0.0,
            "metformin-pioglitazone": -0.0,
            "metformin-rosiglitazone": -0.0,
            "tolbutamide": -0.0,
            "diag_3": -0.04831050636051223,
            "medical_specialty": -0.056270655614596515,
            "admission_source_id": -0.543038372446357,
            "number_emergency": -2.486826626194108,
            "change": -2.923720430611204,
            "time_in_hospital": -3.419225125158036,
            "diag_1": -3.672309213933061,
            "admission_type_id": -4.902263220869349,
            "diag_2": -5.083661875343307,
            "number_diagnoses": -5.459668661556138,
            "discharge_disposition_id": -5.516727439470512,
            "metformin": -12.727617996778529,
            "number_inpatient": -21.122843230977733
        }
    },
    "DecisionTree": {
        "SHAP": {
            "discharge_disposition_id": 61.060681348633196,
            "payer_code": 16.726071659673273,
            "number_inpatient": -11.652355307512577,
            "number_diagnoses": -5.626804429811008,
            "diag_1": -4.12666089574323,
            "num_medications": -0.48797615757662843,
            "medical_specialty": -0.21800732245694973,
            "admission_source_id": 0.10144287859313235,
            "gender": 0.0,
            "race": 0.0,
            "num_lab_procedures": 0.0,
            "time_in_hospital": 0.0,
            "admission_type_id": 0.0,
            "age": 0.0,
            "number_emergency": 0.0,
            "number_outpatient": 0.0,
            "diag_2": 0.0,
            "num_procedures": 0.0,
            "diag_3": 0.0,
            "metformin": 0.0,
            "repaglinide": 0.0,
            "nateglinide": 0.0,
            "chlorpropamide": 0.0,
            "glimepiride": 0.0,
            "acetohexamide": 0.0,
            "glipizide": 0.0,
            "glyburide": 0.0,
            "tolbutamide": 0.0,
            "pioglitazone": 0.0,
            "rosiglitazone": 0.0,
            "acarbose": 0.0,
            "miglitol": 0.0,
            "troglitazone": 0.0,
            "tolazamide": 0.0,
            "insulin": 0.0,
            "glyburide-metformin": 0.0,
            "glipizide-metformin": 0.0,
            "glimepiride-pioglitazone": 0.0,
            "metformin-rosiglitazone": 0.0,
            "metformin-pioglitazone": 0.0,
            "change": 0.0,
            "diabetesMed": 0.0
        },
        "Lime": {
            "race": 0.0,
            "gender": 0.0,
            "age": 0.0,
            "admission_type_id": 2.172428588879583,
            "discharge_disposition_id": 18.99530004431274,
            "admission_source_id": 0.0,
            "time_in_hospital": 0.0,
            "payer_code": 1.7450783406815416,
            "medical_specialty": 0.0,
            "num_lab_procedures": 0.0,
            "num_procedures": 0.0,
            "num_medications": 0.0,
            "number_outpatient": 0.0,
            "number_emergency": -2.3534421801033503,
            "number_inpatient": -24.095603459568334,
            "diag_1": 1.714046612064271,
            "diag_2": 4.727059373612479,
            "diag_3": 3.7868812183136327,
            "number_diagnoses": -2.8865024615767716,
            "metformin": 0.0,
            "repaglinide": -4.481208592064254,
            "nateglinide": -5.223339309420738,
            "chlorpropamide": 10.0346984412379,
            "glimepiride": 0.0,
            "acetohexamide": 0.0,
            "glipizide": 0.0,
            "glyburide": 5.47290766292854,
            "tolbutamide": 0.0,
            "pioglitazone": -3.6256975225066506,
            "rosiglitazone": -1.5334562200887303,
            "acarbose": 4.3237680118858215,
            "miglitol": 0.0,
            "troglitazone": 0.0,
            "tolazamide": 2.828581960754659,
            "insulin": 0.0,
            "glyburide-metformin": 0.0,
            "glipizide-metformin": 0.0,
            "glimepiride-pioglitazone": 0.0,
            "metformin-rosiglitazone": 0.0,
            "metformin-pioglitazone": 0.0,
            "change": 0.0,
            "diabetesMed": 0.0
        },
        "Inherent": {
            "discharge_disposition_id": 47.01241800020962,
            "payer_code": 32.571767198701664,
            "number_inpatient": -20.415814801088715,
            "gender": 0.0,
            "admission_type_id": 0.0,
            "race": 0.0,
            "admission_source_id": 0.0,
            "time_in_hospital": 0.0,
            "medical_specialty": 0.0,
            "age": 0.0,
            "num_lab_procedures": 0.0,
            "num_procedures": 0.0,
            "number_outpatient": 0.0,
            "num_medications": 0.0,
            "number_emergency": 0.0,
            "diag_1": 0.0,
            "diag_2": 0.0,
            "diag_3": 0.0,
            "number_diagnoses": 0.0,
            "metformin": 0.0,
            "repaglinide": 0.0,
            "nateglinide": 0.0,
            "chlorpropamide": 0.0,
            "glimepiride": 0.0,
            "acetohexamide": 0.0,
            "glipizide": 0.0,
            "glyburide": 0.0,
            "tolbutamide": 0.0,
            "pioglitazone": 0.0,
            "rosiglitazone": 0.0,
            "acarbose": 0.0,
            "miglitol": 0.0,
            "troglitazone": 0.0,
            "tolazamide": 0.0,
            "insulin": 0.0,
            "glyburide-metformin": 0.0,
            "glipizide-metformin": 0.0,
            "glimepiride-pioglitazone": 0.0,
            "metformin-rosiglitazone": 0.0,
            "metformin-pioglitazone": 0.0,
            "change": 0.0,
            "diabetesMed": 0.0
        }
    },
    "XGBOOST": {
        "SHAP": {
            "discharge_disposition_id": 31.11573912442148,
            "payer_code": 10.400453182718625,
            "number_inpatient": -9.716811040155978,
            "num_lab_procedures": -6.931330269783636,
            "diabetesMed": 5.090567294974522,
            "age": 3.992594741736059,
            "diag_3": -3.7738489410178864,
            "time_in_hospital": -3.473861247162359,
            "diag_2": 3.1683383554837006,
            "admission_type_id": 3.1526903327220754,
            "medical_specialty": 2.7829591318886515,
            "num_medications": 2.314591756138287,
            "number_diagnoses": -1.9129878425826534,
            "metformin": -1.8570476056433256,
            "diag_1": 1.7808341091382487,
            "number_emergency": -1.4712143012812409,
            "insulin": -1.379450495586139,
            "gender": 0.878432598859611,
            "admission_source_id": 0.8070117494003964,
            "glimepiride": 0.8002046038282757,
            "num_procedures": 0.6902693573795852,
            "glipizide": -0.5208653078632356,
            "pioglitazone": 0.44423176239542245,
            "glyburide-metformin": 0.37483219687188396,
            "number_outpatient": -0.28874827257005303,
            "race": 0.24939247144387325,
            "rosiglitazone": 0.23146938155211388,
            "acarbose": 0.23131114416712717,
            "glyburide": 0.14019850115200858,
            "repaglinide": 0.015346717073815444,
            "change": 0.012366163007722112,
            "acetohexamide": 0.0,
            "nateglinide": 0.0,
            "chlorpropamide": 0.0,
            "tolazamide": 0.0,
            "troglitazone": 0.0,
            "miglitol": 0.0,
            "tolbutamide": 0.0,
            "glimepiride-pioglitazone": 0.0,
            "glipizide-metformin": 0.0,
            "metformin-pioglitazone": 0.0,
            "metformin-rosiglitazone": 0.0
        },
        "Lime": {
            "race": 2.3364293090393886,
            "gender": 0.0,
            "age": 2.9057461242898612,
            "admission_type_id": 0.0,
            "discharge_disposition_id": 14.006390665556784,
            "admission_source_id": 0.0,
            "time_in_hospital": 0.0,
            "payer_code": 4.8572570105033375,
            "medical_specialty": 0.0,
            "num_lab_procedures": 0.0,
            "num_procedures": 0.0,
            "num_medications": 2.7391001409045246,
            "number_outpatient": -1.9137232854396224,
            "number_emergency": -6.8452741971437066,
            "number_inpatient": -18.56272870647816,
            "diag_1": -6.62412336249774,
            "diag_2": 8.334302542732043,
            "diag_3": 0.0,
            "number_diagnoses": -2.4177773486203833,
            "metformin": 0.0,
            "repaglinide": 5.239889500260649,
            "nateglinide": 1.8197572386821852,
            "chlorpropamide": 0.0,
            "glimepiride": 6.2459690987492875,
            "acetohexamide": 0.0,
            "glipizide": 0.0,
            "glyburide": -2.2399525030994365,
            "tolbutamide": 0.0,
            "pioglitazone": 2.6581289488276325,
            "rosiglitazone": 0.0,
            "acarbose": 5.787028231149528,
            "miglitol": 0.0,
            "troglitazone": 0.0,
            "tolazamide": 0.0,
            "insulin": 0.0,
            "glyburide-metformin": 0.0,
            "glipizide-metformin": 0.0,
            "glimepiride-pioglitazone": 0.0,
            "metformin-rosiglitazone": 0.0,
            "metformin-pioglitazone": 0.0,
            "change": 0.0,
            "diabetesMed": 4.46642178602574
        },
        "Inherent": {
            "race": 0.3511454463005066,
            "gender": 0.7472612857818604,
            "age": 3.936721086502075,
            "admission_type_id": 3.3398401737213135,
            "discharge_disposition_id": 32.951576232910156,
            "admission_source_id": 0.49484941363334656,
            "time_in_hospital": -4.925745010375977,
            "payer_code": 9.303224563598633,
            "medical_specialty": 2.1977360248565674,
            "num_lab_procedures": -5.99945592880249,
            "num_procedures": 0.5359852313995361,
            "num_medications": 0.5720254778862,
            "number_outpatient": -0.43009263277053833,
            "number_emergency": -1.5904440879821777,
            "number_inpatient": -13.434098243713379,
            "diag_1": 0.5379875898361206,
            "diag_2": 3.141169309616089,
            "diag_3": -4.163576126098633,
            "number_diagnoses": -1.1883753538131714,
            "metformin": -2.518878698348999,
            "repaglinide": 0.001759388018399477,
            "nateglinide": 0.004281152505427599,
            "chlorpropamide": 0.013084642589092255,
            "glimepiride": 0.4738433361053467,
            "acetohexamide": 0.0,
            "glipizide": -0.44131147861480713,
            "glyburide": 0.2514164447784424,
            "tolbutamide": 0.0,
            "pioglitazone": 0.6213027238845825,
            "rosiglitazone": 0.1553671658039093,
            "acarbose": 0.036212027072906494,
            "miglitol": 0.0,
            "troglitazone": 0.0,
            "tolazamide": 0.0,
            "insulin": -1.6458123922348022,
            "glyburide-metformin": 0.06315513700246811,
            "glipizide-metformin": 0.0,
            "glimepiride-pioglitazone": 0.0,
            "metformin-rosiglitazone": 0.0,
            "metformin-pioglitazone": 0.0,
            "change": -0.0941767767071724,
            "diabetesMed": 3.838083505630493
        }
    }
}